gene,P
PAPSS2,0.132761135
TSPAN19,0.001187955
RPS6KA5,0.143749352
PRKCQ,0.000949659
UGT2B11,0.016858623
SLC6A15,0.002575822
TPPP,0.068155967
KCNA1,0.009945266
KCNIP4,0.000143794
CDHR3,0.051587627
LRRIQ1,0.00444892
C8ORF88,0.00386312
TBC1D4,0.030893424
GHR,0.003418749
PLA2R1,0.009193914
ZFPM2,0.007056646
RASSF9,0.101381922
LAYN,0.005217828
ATP2C2,0.002783717
PLSCR4,0.01760225
GPM6A,0.000874543
SBSPON,0.037830973
CSGALNACT1,0.001406097
KIZ,0.000139404
EPHA3,0.044449585
C11ORF74,0.000384069
DDX25,0.002735184
CCDC146,0.002958438
CYP7B1,0.003915697
AKR1E2,0.016517163
NWD2,0.005460528
ITPR1,0.015676942
CYTH3,0.000656161
BCL2,0.001005375
IQCG,0.001755495
BCL2L11,0.155719094
CAMK1D,0.020810234
MAFB,0.025665966
USP49,0.003279127
TNS3,0.015376297
LMOD1,0.521792253
LRIG1,0.00585765
RNF150,0.001490592
KCTD16,0.002061446
MYH15,0.099531246
AGPAT4,0.030280636
CNTN5,0.001862725
KCNK2,0.369928007
ZFP36L2,0.017782417
SLITRK5,0.031307777
MATN2,4.61E-05
DENND6A,0.000329082
RASSF6,0.179514562
TLE4,0.229767135
TGFBR3,0.04650202
PROX1,0.019329928
DNAH7,0.000199855
TFCP2L1,0.00036766
RADIL,0.049469376
TLE1,0.001378836
PLCH1,0.023966989
ARAP2,0.036302614
UPK3A,0.31525772
AC068896.1,0.014679752
RARB,0.005490807
EYA1,0.026692366
TTC30A,0.000124318
AOX1,0.015439344
FMOD,0.023665531
SPATA17,8.21E-06
SLC25A33,0.014236161
HTR1E,0.053999071
ADGRA3,3.70E-05
TFF3,0.025030568
CCDC81,0.092859005
PBX4,0.054992953
IPCEF1,0.00099268
WWOX,3.03E-06
OPRK1,0.027783974
PDLIM3,0.034132619
PRKCE,0.424539032
OCA2,0.000596059
TMEM232,3.60E-05
ANKS1B,0.000392254
RPS6KA6,3.67E-05
CDADC1,0.001465518
SMOC2,0.037611727
CLMN,0.001221455
CFAP43,0.001929274
CFAP61,0.004528153
PKDREJ,0.005940299
GLUL,0.005134482
SLC5A5,0.254707649
CTH,0.009522337
SOX5,0.04462246
ID4,3.28E-05
NOL4,0.009739885
PRTG,5.42E-05
DCDC1,0.000747602
SHANK2,0.000121312
MAMDC2,0.009461979
PRDM16,0.00012813
DSEL,0.060463635
SYNE1,0.029881456
SMAD9,0.000552666
STARD13,3.11E-05
RANBP3L,0.032178668
ANGPTL1,0.002625168
SMCO3,0.157381752
COL23A1,0.005887979
NMNAT3,5.32E-05
SH3RF1,0.000127787
KHDRBS2,0.002055656
MLNR,0.040480111
EPHA6,0.000147291
SEC14L3,0.022974551
MPL,0.0007931
TNS1,0.000824261
FHDC1,0.004012092
SYP,0.005782434
EFEMP1,0.036294814
WASF3,2.68E-05
SORD,0.002623842
SYT9,0.000228673
SYNDIG1,0.003689933
CDC14B,2.50E-05
CPQ,5.53E-06
DIRAS2,0.005180738
AGR3,0.180788474
PCDH11X,0.03760582
VANGL1,0.002295057
TFF2,0.037806797
IRS1,0.000148466
AVPR1A,0.004651459
RYR2,0.00104855
SCML2,0.011957935
FER1L6,0.009175161
CCDC36,0.014061076
SLC26A7,7.13E-05
SYT16,0.010242391
FAM46B,0.47230164
WDR72,7.29E-05
FAM46C,0.543199968
ZBTB21,0.007157552
SETBP1,0.027253039
ACACB,0.000331468
TBX22,0.009350518
ABI3BP,0.064945414
HDAC4,0.051366424
GPR142,0.277324356
KIAA1456,0.000126704
CACNA2D1,0.005565642
AIF1L,0.000100578
CLUL1,1.64E-05
KY,0.002861732
SMIM10L2B,1.17E-06
C4ORF22,0.001897526
FTCDNL1,0.000284352
TMEM164,0.00261718
IGSF9B,0.082217579
SORBS2,0.000215295
C4ORF47,0.000839592
TECTA,3.30E-05
USP54,0.001745506
ZDHHC11B,0.0106265
OR2V1,0.042613818
ENO4,0.0006148
C6ORF118,0.138115749
DPP6,0.003601869
FAXDC2,0.000581772
PTX3,0.512015794
MLF1,0.078490571
TDRD6,0.013003657
ARHGAP24,0.000888107
BMP2,0.365375557
NEK10,0.005039245
CXORF57,0.003036882
RXFP1,0.272591641
RUNX1T1,0.07941922
AKAP3,0.010832943
FBXW10,0.003693602
RORB,0.233677049
CCDC87,7.67E-06
SERHL2,0.30814012
ARMC3,0.164123311
AAK1,0.00011059
ELMO1,0.017928297
AC005726.2,0.002588154
TUBA8,0.006495028
TDGF1,0.018103485
PALM2,0.116364834
CDH16,0.005839571
C16ORF46,1.88E-05
TMEM253,0.000592483
NOS1,0.001391386
DNAAF1,0.006614003
TNFRSF11B,0.017428312
DGKI,0.001724974
EML6,0.001112476
KIT,0.000796954
TMEM220,5.10E-06
PCLO,0.000106181
OPHN1,0.00013495
L3MBTL4,0.006118815
FZD8,0.000427046
HAP1,0.056932479
FAHD2A,0.000246597
EPHB1,0.000361918
MAPK4,0.000459344
SCNN1B,0.052775048
DNAJB4,0.010694924
NUAK2,0.064674552
TNP1,0.156442789
DNAH6,0.000367401
ARHGAP6,0.007905899
ARHGEF33,0.001279173
LIFR,0.001100828
FGFR2,0.000174473
GPM6B,0.00156721
GLT8D2,0.000300813
FCN2,0.261632188
FHL2,0.247333275
CCDC110,6.12E-06
SDC2,3.21E-06
HECW1,0.387752653
LRRC7,0.00130025
RBM24,0.013073267
ANKK1,0.173036163
ANK2,0.447337587
PRKX,0.001535252
FBXO30,0.001004549
CCDC170,0.000301992
DOK6,0.02198047
AC092718.3,7.36E-06
PELI2,0.076939409
FRAS1,0.002318614
LRRC4C,0.032925761
CDON,0.000342826
WFS1,0.000491431
LRP1B,0.001634987
ZNF157,0.000729743
MUM1L1,0.001907099
CDC42EP2,0.237370276
GPR83,0.010689156
LPAR1,0.808658675
ANO5,0.000131984
TSPAN2,0.08911717
SYTL3,1.38E-05
FAM163A,0.149780878
PAPOLB,0.050242774
SYDE2,2.15E-05
CCDC173,0.088716301
FBLN7,0.004051255
PAK3,0.184550365
ESRRG,0.000524846
CITED2,0.000976692
ANTXR1,0.002110084
CFAP221,1.76E-05
MAN1A1,0.082731844
ASXL3,0.002487045
TCEAL7,0.007570549
KIF6,0.000190706
FOXP2,0.000482222
NEGR1,0.037810782
GRAMD2A,0.0061673
ZNF781,0.000107119
CD302,0.006548336
MPPED2,8.21E-05
TEKT1,0.94048031
MOB3B,0.03965763
PEG3,0.000192783
LONRF3,0.026022642
ATP7B,2.61E-05
ADGRV1,0.000361093
C1ORF64,0.024431039
ALDH1B1,0.02049386
NUP62CL,5.93E-05
ERO1B,0.000116857
DRC1,0.258901308
CWH43,0.031197016
SAMD11,0.227122604
AK7,4.94E-05
CCSER1,0.002180191
SLC16A2,0.007380351
JUN,0.002895504
PIH1D3,0.011854349
NWD1,0.002624479
IGFBPL1,0.002408134
DYRK3,0.135791689
PIWIL2,0.006957898
RSPH4A,0.232648562
ANKRD37,0.015436936
WSCD2,0.013075995
GIPR,0.024165323
CASZ1,0.186045137
PLCL1,0.075789749
CNTNAP3,0.043426758
AP1S3,0.007208779
ZNF804B,0.005360454
CAPN11,0.017827987
KCND3,0.735838036
TTC34,0.000717403
IDO2,0.095158401
SULT1C4,0.003541869
DRC7,0.346172534
GP5,0.9125341
LRRC2,1.73E-05
FAM189A1,0.002293034
VWA3A,0.178218628
PRDM11,2.13E-05
SLC29A4,0.000294798
MYT1L,0.045655374
ELL2,0.174715206
NECAB1,0.032992438
GRIK4,0.012263615
GPR63,7.93E-05
FERMT1,0.005375037
TCEAL6,0.189625423
SCG3,0.741523121
SH2D4B,0.249329398
CECR2,0.005161471
MAB21L3,0.660524517
RGS16,0.00201435
SLC6A16,0.308799041
AKAP12,0.006654871
2-Mar,3.52E-05
SLC39A14,7.50E-05
ADAM22,0.002902121
C15ORF52,0.000187902
PKIA,1.88E-05
KRT85,0.311940336
PLA2G7,0.141632977
TTYH2,0.029516346
RAP1GAP,8.53E-05
NLGN1,0.005226997
DLG2,0.000575584
DEUP1,0.000411938
PPARG,0.068409048
RCAN1,0.407832687
DEPTOR,9.23E-05
EDARADD,0.008515786
TC2N,0.557019118
IL20RA,0.00478105
SLC35F4,0.0007216
RTP3,0.011591945
FHL1,0.000189
TSHZ3,0.000120091
KLF15,0.007874805
C9ORF92,0.009392664
IP6K3,0.000136365
CYP17A1,0.000192293
HIF3A,0.01456857
SLC26A4,0.000150626
BMP8A,0.008299934
ZBTB16,0.00954149
SESN3,0.310738534
PTPRQ,0.004721603
SPATA4,3.72E-06
RGS22,0.085633674
ISM1,0.018552702
GPAT3,0.002948774
NFATC1,0.000273133
AXIN2,0.011402045
CFAP47,0.00184454
FAM234B,1.87E-05
ADAM33,0.378126407
SPIRE2,0.076346835
FAM124A,0.200879378
SCUBE3,0.000354072
SLC6A3,0.003706462
TMEM171,0.002089951
LRRTM2,0.316002062
B4GALNT2,0.571580023
COLEC10,0.045579316
SLC4A4,6.43E-05
C2ORF73,0.001937537
IMPA2,1.73E-05
TCEAL5,0.000286322
SNED1,0.000223725
TP53INP2,0.001446989
JAKMIP3,0.002450728
PPP2R2B,0.083427786
ADH6,0.082027615
NFATC2,0.006328213
KLF9,0.010803129
SRF,0.38044319
HMCN2,0.040664717
NEXN,0.015077015
AMBP,0.126381618
FAM151A,0.633944032
TSPAN5,0.006240825
COL4A6,0.000237031
SH2D6,0.002631808
GATM,9.85E-05
LIPC,0.976321212
TCEAL2,0.000635338
NHS,0.662050363
FAM218A,9.70E-05
COL25A1,0.070361884
C11ORF88,0.009800976
UTS2B,0.044186112
MRO,0.000142183
HLF,0.000351879
QRFP,0.043612344
ROR2,0.001039189
CCDC85A,0.010443096
GRIN2C,0.04872225
C3ORF20,0.828060153
C16ORF71,0.000221164
FBXO27,0.093590994
NLRP14,0.013469819
C3ORF49,0.004372196
GOLGA8R,0.001472356
CDRT1,0.282586054
PFKFB1,0.021685271
CYR61,0.037348517
LRRIQ3,0.001287824
TUB,7.37E-06
TMEM139,0.040226842
TAC1,0.823092956
PGPEP1L,0.264228616
FOXA2,0.042718189
SPAG5,0.362555994
C16ORF86,0.254652977
WDR17,9.99E-05
FCGBP,0.000226392
RDH12,0.026003453
KCNMB2,0.000327792
BANF2,0.021078219
CFAP52,0.000471198
PLEKHH1,0.000358145
B3GALT2,0.00058997
CFAP46,1.21E-05
CYB5D1,0.000208575
GLI3,0.001743493
FIBIN,0.018919926
ZNF536,0.015126303
MYO16,0.296737288
RFX4,0.004859827
SLC7A6,0.9219023
CRABP1,0.001183755
LSMEM2,0.420853749
IRS4,0.002452505
CENPJ,0.010907689
PLEKHG4B,0.002169984
TFF1,0.321564901
PYY,0.160548072
GOLGA8O,0.004180535
TG,5.01E-05
PKHD1L1,0.012170005
SPX,2.28E-05
USP44,0.000461891
STXBP5L,0.002979584
FOXJ1,0.087912743
TTC29,0.009618262
ENKUR,0.00026088
HYOU1,0.002843897
PRKG1,8.98E-05
BTNL8,0.005234607
BRSK1,0.527987095
EPHA5,0.008015422
C1ORF158,0.997360767
SPSB1,0.657153528
HFM1,0.000600309
PDE11A,0.000199657
CAVIN2,0.001482212
TMEM47,0.001700502
TENM2,0.079791074
TAS2R31,0.057444553
TCF7L1,0.000133742
SEMA3D,0.004846514
BRSK2,0.002558713
AMN,0.262367257
PPY,0.081266017
APOBEC3H,2.06E-05
PCDH10,0.035496618
DUSP1,0.00212655
C16ORF96,4.09E-05
STX11,0.630398459
TMEM132B,0.001667079
FAM182B,6.24E-05
WDR64,0.868127119
OLFM3,0.02769611
DNTT,0.050636285
GARNL3,6.28E-05
IER2,0.002534285
FGFR3,0.063858396
EGR1,0.002077841
EYA2,0.003586367
PEX5L,0.004567368
FOS,0.00406886
FAM3B,0.072624159
CCDC117,0.154558265
SNAI1,0.05452554
ART5,0.013662621
KIF12,0.00347063
CRYAB,0.098963214
DZIP1L,0.270946707
NCAM1,0.00341031
FAM46D,0.009376072
HES4,0.683249746
WDR38,0.007813741
CCDC175,0.630029911
ZPBP,0.000629816
SHPRH,0.00322984
COL27A1,0.190301934
SDK2,0.043199237
DYNLRB2,2.94E-05
FRMPD3,0.032027736
TMOD1,0.046005108
AASS,0.030672143
MIOX,0.001708205
AMER3,0.005296996
C5ORF49,0.05031744
CHRNA4,0.020164707
OR2A1,0.034579469
TEX47,0.0234648
FER1L5,0.007007065
ERVW-1,0.049689386
CLCNKB,0.000279852
TENM4,0.007820439
UNC13C,0.009018681
ZIM2,0.009633195
ACSM2B,0.085026555
LRP2,0.00011441
RAG1,0.00076984
TPH2,0.431977441
RIMS4,0.000650149
CFAP57,0.002649851
PTCH2,0.410428021
ARHGEF28,0.000134618
DACT1,0.063954162
CFAP45,0.278818102
CACNG8,0.289522437
SLC25A15,0.000700906
ASPG,0.006127957
FBXO15,3.74E-05
DIO2,0.000421595
DNALI1,0.002331346
RIMKLA,0.000100174
ROPN1B,0.005064415
MAK,0.566817804
LRRC9,0.12541534
PPARGC1A,6.68E-05
TMPRSS3,0.375560102
CCDC160,0.117479096
ALDH1A1,2.90E-05
CDKL1,0.003087565
SLC25A25,0.068962736
KLK4,0.148303384
LINGO2,6.66E-05
TEDDM1,0.033424524
C4ORF45,1.02E-05
SLC5A7,0.762125756
ACOT6,0.028700999
LIN7A,0.037996364
STEAP2,0.00317515
IL1RAPL1,0.17945334
C9ORF24,0.00084641
HRASLS2,0.431929046
GOLGA8K,0.002425296
GPR37L1,0.000707077
FREM2,8.44E-06
CPS1,0.000169863
C11ORF52,0.006697149
ANKFN1,0.348332733
EGR2,0.008862065
GALNT9,0.001853081
ARL14,0.748778189
KLHL10,0.005243009
TRIM58,2.37E-05
PGA5,0.002610635
PAK5,4.66E-05
DISP3,0.452396056
PREX2,0.020991057
MEI4,6.46E-05
HEMGN,0.874860637
GYS2,0.182753711
HKDC1,0.002950192
MT1A,0.061621512
LRGUK,0.008423366
AL035425.2,0.009262986
PFKFB2,7.50E-05
HGD,5.65E-05
FAM13C,0.109716425
GNA14,7.46E-05
CFAP54,0.115092982
KIAA1324,0.402326984
AL590560.1,0.098267698
GRID2,0.980327766
ADGRG3,0.143409399
DPY19L2,0.002127097
OTOS,0.023762324
PRR15L,4.64E-06
KATNAL2,1.29E-06
CORO2B,0.002053051
PLEKHM3,0.016459422
CAPN6,0.969680989
KCNA2,0.729108415
ERBB4,0.000579361
GOLGA8T,0.0017362
ID3,0.000191805
DOK5,0.011669028
VEPH1,8.83E-05
BTG4,0.290779049
CRYBG3,0.004071893
SAXO1,0.003110376
RGS8,0.001486105
KIF19,0.220886072
ANO4,0.019555953
KCTD8,6.73E-06
GJB6,0.014983087
EFNB3,0.052459132
CHD5,0.149372121
PLA2G4F,0.063342401
GPR183,0.000243667
TUBB1,0.190377199
SCN3B,0.001545376
CHRNA7,0.000821377
CLVS1,0.009823989
MAGEA8,0.211840901
PROM1,0.882667193
SOD3,0.001480062
RTN1,0.133541255
IQGAP2,0.001909253
AR,0.002010343
PQLC2L,1.65E-05
PLA2G4E,0.437172193
ODF3L1,0.45860262
TOB1,0.002587648
SOSTDC1,0.012458259
C3ORF52,0.051478774
SYT4,0.227301271
SNCA,0.000111687
CFAP77,0.037528899
USH1C,0.082325792
CCDC54,0.008905319
MLIP,0.029532839
CYP1A2,0.032650923
CFAP206,0.000162561
TEKT3,0.008840082
TTLL9,0.102014534
SGCD,0.005909333
CTGF,0.082868757
MT1M,0.389734775
PPP1R15A,0.130879856
NEXMIF,0.000153237
ENPP1,0.004138339
HS6ST3,0.003707548
FAM81B,0.000102374
SLC9C1,0.093760691
SLITRK3,0.009194732
CLSTN2,0.778062262
TPO,0.00090114
SGPP2,0.151308266
CA5A,0.007128169
SLC5A8,0.000151713
SIGLEC11,0.393501948
KREMEN2,0.011407772
PNPLA1,0.894887813
TMEM174,0.015860972
CCDC178,0.005190065
C4ORF51,0.183552707
RAB23,0.003634516
HSD11B2,9.03E-05
PNLDC1,0.956857402
TERB2,0.016555696
IYD,0.001981234
BCO2,0.012567618
ARHGAP20,0.031676276
TICAM2,0.496985689
SLC24A3,0.00185131
C15ORF59,0.029910511
PDE10A,0.001411833
COL2A1,0.869679154
LIPJ,0.003134599
BARX2,0.092957162
WFIKKN1,0.003260158
LHCGR,0.306283211
CTNNA3,0.059809726
TDRD9,0.003419457
ZDHHC11,0.052469682
SLC6A4,0.003233472
NMBR,0.005562914
GSTM3,0.000110025
ADIG,0.006410191
UGT8,0.003362189
METTL24,0.008259071
AANAT,0.002844325
KCNJ13,0.000788
GABRB3,0.008818164
CNTN3,5.68E-06
GABRR2,0.52295551
PAX1,0.001744362
LIPI,0.016837138
BTBD11,2.76E-05
KCNG2,0.629168909
C10ORF107,0.002051911
VSIG8,0.21362869
LRFN5,0.043569509
C17ORF47,0.019679118
GPR132,0.500893699
ZMAT4,0.002126712
ADM2,0.009841484
CLLU1,0.110905506
EML5,0.030174604
GOLGA8M,0.000153566
SLC26A9,0.463609672
C1ORF194,0.070753053
ARC,0.883549455
TCP11,0.028965374
FAM167A,0.000311982
SNAP91,0.09178662
SERTM1,0.004581463
ERVMER34-1,0.007158609
PNMA3,0.174190816
FLRT1,0.001253095
ZSCAN23,0.006845662
ABCG5,0.047867879
UTS2R,0.020852507
APOA1,0.013159376
BDKRB2,0.036391561
C9ORF66,0.00016096
HSD17B3,0.011286331
AGTR1,0.000222533
PALM2-AKAP2,0.062449133
GOLGA8Q,6.26E-05
PKNOX2,0.00166713
TIMP4,0.000453278
TPPP2,0.000375189
FKBP5,0.284574763
PYGM,0.001736362
EFHB,0.028205585
IGSF5,0.171816048
OR2W3,3.79E-07
SNTG2,0.032418473
TSNAXIP1,0.002436638
B3GALT5,0.096552871
UNC80,0.006928279
GLDC,0.000388576
C9ORF131,0.030735585
RGS17,0.000970026
WEE2,0.029444034
LRIT2,0.889338546
PRIMA1,0.231408899
TENM3,0.004522113
AKAP2,0.472447877
GBP1,0.099925128
PTPN20,0.048548404
SERPIND1,0.040703706
FOSB,0.064924363
KLF6,0.514929129
ODAM,0.016636158
GOLGA8S,0.006854014
SALL4,0.001087435
KCNK9,0.05779129
MAGEL2,2.11E-06
NEB,0.100265515
AQP4,0.003938974
KIF1A,0.008701339
MAP1LC3C,0.105188581
CHRFAM7A,0.001972008
MYADM,0.494639203
VEGFD,0.093537125
LDHAL6A,0.634842363
EPHA7,0.085031945
AL021997.3,0.018882411
MYCN,0.029586468
CATSPERZ,0.013703247
NMUR2,0.339891871
GPR45,0.027778447
OGDHL,0.000138202
FGF11,0.000827965
HIGD2B,0.008480893
HSPB8,0.74477933
TMEFF1,0.000335903
C17ORF105,0.047023503
ANKRD20A1,0.007952128
BCO1,0.942135049
CAPSL,9.57E-05
CYP26B1,0.083920748
FAM181B,0.008242668
TRPM5,0.010692969
GABRR3,0.217540448
BEX1,1.18E-05
TMEM229A,0.053227644
PF4,0.404158199
LY6K,0.532621157
MSI1,0.017473058
ISL1,0.085223769
LENEP,0.026097178
APOA5,0.005928268
DDIT4L,0.096608928
CSNK1A1L,0.001862339
CACNA1B,0.007474294
PCDH9,0.107989681
PLCXD2,0.667126461
APOBEC3B,0.154121977
TCTEX1D4,0.066059616
RAD51AP2,0.064965376
ELOA2,0.000442185
KCNB1,0.02909828
LGI3,3.93E-05
CUX2,0.000861484
ANKRD20A4,0.025913791
GOLGA6L7P,0.00491335
MT1F,0.002145708
CYP7A1,0.310718788
TAS2R50,0.438634538
OR11L1,0.063108265
ZNF804A,0.543123049
TCTE1,0.003120165
PRRG3,0.003163042
CD300LG,0.084426266
TULP2,0.928701935
IL25,0.277135055
TRPM3,0.000438257
INHBC,0.000486378
KLK15,0.079748541
PRPH2,0.011110632
TAS2R46,0.566353535
NR4A3,0.458831512
AC005324.3,0.804844919
CCL2,7.81E-05
SMOC1,0.054166372
TM4SF20,0.237518438
OR2A42,0.015314231
PLEKHD1,6.81E-05
HSD17B6,0.015166126
MAT1A,0.0373533
MCF2,0.070267767
SAMD5,0.03612798
GABRA2,0.778055835
NEU4,0.006185565
FAM205A,0.730566228
DMRTB1,0.016343279
CNNM1,0.000173387
ANKRD20A8P,0.001238724
NPR3,0.001483055
NR4A1,0.069603439
C4ORF50,0.4507471
C6ORF229,0.459060378
CLCNKA,0.002637158
EPPIN,0.029219543
TACR3,0.002205049
SCGB1D2,0.009232174
OR2A25,0.178042686
ACSL6,0.139750827
HOGA1,8.92E-05
AKR1D1,0.359776782
EDN3,0.00020098
AL449266.1,0.126427607
SFTPC,0.010482014
TRPV5,0.608429125
STARD6,0.030691239
A4GNT,0.723566707
CA4,0.000142834
AC024940.1,0.622977302
DRD1,0.043797762
DIO1,0.002827591
TEKT4,0.005971152
LPA,0.029605492
AL589666.1,0.133290078
CIB4,0.000143055
BRS3,0.00973255
RRAD,0.023192232
ATF3,0.335353701
SPDYE4,0.126580678
TAS2R3,0.511909859
TCF24,0.028618345
ATP4A,0.001802974
AC010255.3,0.475363253
NPB,0.134092844
C7ORF34,0.24288101
SELENOV,0.005118506
TRIM50,0.048749696
LINC00675,0.002015143
FAM196B,0.020797364
DLGAP2,0.036299345
MT1HL1,0.012763852
FAM47C,0.000588931
LMNTD1,0.072744108
ZNF280A,0.036431332
FABP4,0.026460734
RAG2,0.016863225
AC079594.2,0.813315133
PHGR1,0.816633405
VN1R2,0.012310777
AC244517.6,0.409511933
ERAS,0.510471951
OR13C2,0.00402315
CARTPT,0.013645679
USP17L7,0.032620019
GOLGA8J,0.000739067
LIPF,0.001906205
LTF,1.61E-10
NUGGC,0.051681871
SERPINA5,0.000776031
GCSAM,0.001882735
CCDC141,0.000589734
MUSK,2.03E-10
BCL11A,0.000375913
KLRG1,4.74E-14
RGS13,1.21E-10
TOX,1.56E-12
AICDA,6.48E-10
RGS9,9.29E-12
PSMA8,1.05E-08
BCL11B,1.57E-16
FGD2,6.99E-07
FBP2,7.01E-11
C22ORF15,0.002360054
PPP1R16B,5.95E-14
CNR2,5.65E-14
MADCAM1,5.65E-05
DTHD1,1.07E-16
NPHS1,9.49E-15
KEL,2.06E-20
GPR18,8.67E-24
SLC1A2,3.74E-06
SPIB,1.85E-23
TCL1A,3.62E-18
ZNF831,2.78E-23
DNER,4.42E-05
STAR,2.97E-16
RTP5,3.98E-21
MGAM2,1.79E-06
CPA5,3.38E-11
SLC13A2,1.68E-05
FCAMR,2.79E-12
BTN1A1,8.62E-21
KBTBD8,1.27E-13
LRMP,2.06E-14
ANK1,6.79E-22
KIR3DX1,2.10E-16
IRF8,1.70E-29
VPREB3,3.59E-17
CR2,7.75E-13
TXLNB,1.58E-15
ZNF80,7.10E-06
NLRP6,1.80E-19
JAKMIP1,2.93E-09
POU2F2,1.52E-26
CD19,9.54E-24
NLRP4,1.85E-07
IL2,1.44E-07
CCL19,4.05E-29
CD38,1.04E-22
SERPINA9,2.88E-10
VNN2,4.89E-17
RHOH,5.59E-31
BLK,5.83E-24
CD8A,2.83E-21
LY9,2.52E-34
CD40LG,7.58E-23
CD79B,1.19E-22
CD69,4.35E-24
CD72,1.52E-27
PLA2G2D,6.29E-26
STAP1,6.47E-23
PDCD1,1.46E-23
SH2D1A,1.23E-29
BFSP2,4.00E-10
MEF2B,2.65E-12
IL16,2.81E-29
EXOC3L4,3.24E-23
PLEKHG7,8.66E-10
TNFRSF13C,2.59E-24
ST8SIA1,2.99E-09
THEMIS,1.60E-21
GZMK,1.43E-27
TRAT1,1.05E-31
FCMR,8.40E-28
GPR174,6.01E-17
CD48,6.34E-39
RUNX3,9.17E-37
CHST8,1.89E-08
HIST1H3J,0.000441619
FCRLA,1.04E-21
ITK,4.34E-27
DMRTA2,1.03E-05
CXCR4,1.59E-26
TESPA1,1.46E-26
VRTN,9.55E-13
CAPN14,4.07E-15
TAGAP,1.70E-26
C16ORF54,4.33E-30
IL24,2.65E-30
POU2AF1,7.07E-27
LINC00282,8.54E-10
FCRL4,4.37E-16
CLEC17A,2.95E-15
P2RY10,3.62E-25
GZMM,3.87E-33
TF,1.04E-10
KLHL6,3.03E-21
FCER2,7.62E-22
C12ORF42,2.37E-26
PAX5,1.35E-14
BTLA,2.46E-31
POU4F1,1.79E-09
CYTIP,3.48E-32
CCL4L2,1.31E-13
FCRL3,2.71E-27
HSF5,1.83E-18
SCML4,5.96E-32
CD247,4.08E-36
HEPACAM,0.000689523
SLC12A3,1.02E-30
SLC35G3,7.50E-07
SP140,3.45E-33
CD79A,4.83E-29
IL17REL,4.52E-14
IKZF1,2.58E-30
CD3D,2.76E-40
TNR,4.88E-09
TNFRSF13B,1.47E-27
PYHIN1,2.40E-28
MYBL2,2.10E-19
CCR7,1.80E-26
FAM129C,5.33E-22
KCNA3,5.38E-22
CD28,3.24E-29
LAG3,1.47E-25
ABCB11,2.06E-10
CRTAM,3.50E-43
AIM2,1.49E-28
SLAMF6,7.39E-31
AC119396.1,6.14E-14
LCK,4.57E-36
TMEM156,1.30E-31
ICOS,5.26E-36
IL7R,2.05E-22
PNOC,8.37E-28
MS4A1,6.96E-18
TIGIT,4.41E-33
PTPRC,6.81E-24
RASGRP2,3.51E-25
NCR3,8.45E-32
CARMIL2,1.48E-28
CD3E,1.17E-36
CXCR5,1.75E-14
REG4,8.80E-11
TLR10,4.76E-20
JCHAIN,2.60E-15
CD5,1.85E-29
UBD,4.85E-34
CD37,1.10E-35
IDO1,2.72E-24
TTC24,5.09E-18
DDX4,1.52E-10
TMEM95,1.03E-07
BEND4,5.96E-15
NLRP11,4.52E-07
NPTX1,3.90E-12
ADAMDEC1,2.47E-23
AC010616.1,4.54E-22
ALPK2,1.28E-17
EOMES,6.08E-26
TIMD4,2.75E-20
FLT3,1.12E-26
FCRL1,5.65E-17
SIRPG,4.90E-40
CTLA4,4.23E-40
LTA,1.16E-29
INSM1,7.84E-13
CXCL13,1.87E-29
CR1,8.69E-19
ZPBP2,3.83E-13
LGALS9B,9.88E-07
P2RX2,7.45E-14
ISL2,5.00E-16
CLEC4C,1.14E-16
FDCSP,1.03E-16
RGS7,4.70E-06
SORCS3,0.01633087
P2RX5,2.13E-25
UGT2B17,2.13E-23
SHISA8,2.60E-12
FCRL5,5.07E-28
FCRL2,1.12E-22
FNDC4,0.238146985
ABCC11,0.570863838
ALDH3B2,0.458343151
EDIL3,0.992430296
CHST6,0.207752878
HOXD1,0.178527525
HP,0.576958535
GCKR,0.099972528
ENC1,0.07519746
ACOT12,0.044909345
FUT2,0.001801645
PLA2G2C,0.548093322
SLC6A14,0.000259713
ALPL,0.55857851
DGAT2L6,0.382764697
CNGA3,0.509774656
AOC1,0.581995631
ADRA2C,0.863721027
GDNF,0.219222731
PASK,0.04654487
SRPX2,0.02010986
PLPP4,0.048640543
TCN1,0.697129401
SLC28A3,3.87E-06
CD177,0.567577579
STMN2,0.45364455
CA12,0.592037585
IL37,0.065024183
UGT3A2,0.897062332
TNNI3,0.559501031
TMEM255A,0.005253309
WDR49,0.081945471
CALB2,0.03701123
QRFPR,0.466331267
PRPH,0.63949471
CHGB,0.548169508
PKP2,0.052197057
DMBT1,0.576613626
BPIFB1,0.162705547
ABCC12,0.328326507
MTTP,0.788351083
PLEKHS1,0.158627506
ZFR2,0.67903747
C6ORF141,0.105572618
ATP12A,0.536765481
PROK1,0.952641424
FAM196A,0.236949462
HDC,0.003895362
ADH4,0.467839964
SUSD2,0.416630775
COL6A5,0.416236773
SEC14L4,0.893184218
GABRQ,0.165623762
CSMD2,0.631882597
IL31RA,0.416025312
SLC10A4,0.047979817
CORIN,0.091507011
INA,0.021804391
SCN8A,0.813984175
HGNC:18790,0.040338737
IZUMO1R,0.287929948
TGM5,0.175592851
RHCG,0.593341744
PAPPA2,0.917683
CRYM,0.526295618
SERPINI2,0.114980198
ROS1,0.242380994
PCP4L1,0.165843644
PTH2R,0.602947278
F5,0.574015232
FADS6,0.340281199
FAM26D,0.868243295
NOTO,0.865679407
C6ORF10,1.26E-06
KCNA4,0.761739291
ARHGAP36,0.857731269
IGSF1,0.517555864
SYNDIG1L,0.413862367
TMEM132D,0.720240632
SLIT1,0.663177657
ECM1,0.870823921
SLC6A20,0.023554559
KLK11,0.719476206
GAP43,0.932342908
BIRC7,0.571600768
CTXND1,0.10149019
HAPLN1,0.417859378
FUT3,0.029796754
TMEM215,0.286668723
MMP11,0.001536884
GLDN,0.861381234
BRINP1,0.38232325
KLK6,0.973495441
IHH,0.504683578
TNNI1,0.185974923
ADCY8,0.886297874
SIGLEC15,0.414324927
NAPSA,0.077393449
CST5,0.007854223
NMU,0.610477445
CRLF1,0.838358356
SLC6A1,0.896236145
CC2D2B,0.066305063
SFTPA1,0.020681456
ENTPD2,0.858968436
NPW,0.716017355
TRIM54,0.293525848
CLDN2,0.398292266
IFNE,0.385677077
IBSP,0.017957865
OPCML,0.513811968
CST2,0.096054778
CEACAM6,0.014685605
GJA4,0.270101031
ZNF560,0.48661698
STAB2,0.010962267
ADAMTS14,4.35E-05
FSTL4,0.02717789
LCN6,0.847448771
AKR1C1,0.442554468
TDRD12,0.303090056
RETN,0.003510928
NKAIN4,0.457743402
SFTPA2,0.079526582
C2ORF82,0.326186167
COL11A1,0.064692706
TMEM59L,0.724017795
MCEMP1,2.63E-05
NTM,0.662224726
PRR32,0.625180287
MYOT,0.314590572
MACROD2,0.820214779
CDH2,0.013730466
CSMD1,0.235468458
SSX1,0.770677636
ELFN1,0.576025414
SMIM10L2A,0.510385543
LRRC52,0.829400013
SLC18A3,0.774784434
UPK2,0.648661153
CXCL5,0.000108558
GPR182,0.006338174
MS4A15,0.301269304
CDA,0.651226883
DACH2,0.123152318
FUT9,0.001306995
APLN,0.107402642
MYBPHL,0.998400434
CHGA,0.489805911
ULBP1,0.462038817
SULT4A1,0.963325503
ABCG4,0.070580785
FAM19A5,0.158145913
KLK12,0.799292596
PIWIL1,0.043158094
RBFOX1,0.849226382
FOXI2,0.417271596
TRIM36,0.745633324
HS6ST2,0.962620646
LAMP5,0.664750128
COL10A1,0.082896175
POSTN,0.003868771
CD1A,0.009795645
C12ORF56,0.392736542
ELOVL6,0.531144829
ATP10B,0.00954202
CST1,0.054256939
CCR3,0.963019932
ADAMTS18,0.175298798
AKR1C2,0.47049739
TMEM74B,0.725018563
SPRY4,0.023956473
SIGLEC6,0.502669123
KRT17,0.168047891
PNP,0.760534732
CXCL14,0.044210918
NPTX2,0.788900077
TMC7,0.581796578
ARHGAP19-SLIT1,0.257028681
KLK2,0.34911853
SRRM3,0.027536548
SMIM24,0.998884599
AQP1,0.999230692
ITPKA,0.504682946
GPR37,0.342752602
GBX2,0.929308177
IGFL4,0.00298709
MMP1,0.146308299
GRIK3,0.123474026
ITGB5,0.165509586
ESM1,0.029752489
PSD2,0.820169904
ACAN,0.737813626
KRT27,0.178355221
MCAM,0.240555161
SMIM22,0.254217173
CCL26,0.001289747
TRPC4,0.1330099
RFX8,0.260887679
MAP7D2,0.472174428
GPR4,0.117386971
LINGO1,0.670281758
CSPG4,0.065618188
IGFL1,0.004923674
MSLN,0.598269154
MKX,0.927343267
MMP13,0.014783477
GJC1,0.484859901
CSPG5,0.305285322
DEPDC1B,0.677731793
SEMA6B,0.870585045
AQP5,0.772138181
VAX2,0.509217491
PLPPR1,0.000227631
RAB44,0.006037398
ADAMTS7,0.467071885
KLK5,0.42680213
NYAP2,0.950017316
TMEM40,0.046522887
ARSE,0.840977787
MSMB,0.308709387
FOXA3,0.56824218
COL1A1,0.017338571
MATN3,0.155789485
ADH1A,0.525065893
CYP26A1,0.119020758
FOLR3,0.593015484
MAGEC3,0.377269046
PSG4,0.446069296
GABRG3,0.38275894
MMP7,0.01633302
G0S2,0.45994856
COL4A1,0.304099297
SPATA18,0.203180082
PLK2,0.979896762
PLPP2,0.397216363
C4ORF48,0.755858125
SPINK6,0.117557556
DRICH1,0.846573345
SLC39A12,0.355434867
PDCL2,0.667620029
PPEF1,0.216738157
CLEC14A,0.04771532
DNASE1L2,0.148438134
PDZRN4,0.684308932
S100A4,0.062186987
KRT222,0.07811303
FAM19A2,0.208254759
ADGRF2,0.547858783
FBLL1,0.721106036
SPDEF,0.740966186
AZU1,0.013376902
DMP1,0.992498875
ALOX12B,0.45693417
CCL17,2.35E-05
DACT2,0.671522027
MYRF,0.635638434
PCDH12,0.104258121
ZPLD1,0.116199301
3-Sep,0.644688824
RTBDN,0.550134958
HOXA11,0.671493479
SPRR1B,0.000272472
GABRA1,0.036605325
NOX5,0.738545285
HNF1B,0.906292
SVOPL,0.330345517
TMEM132A,0.333198972
ZSCAN4,0.579470446
MOCOS,0.09253293
SV2A,0.001548874
GAS2L2,0.625593285
LY6D,0.145667227
AQP6,0.946716551
PMP2,0.114067137
IQSEC3,0.441649419
C8A,0.779364936
PAX9,0.969810343
MYL2,0.349050845
OBP2B,0.603848799
GREB1,0.39591566
APOA2,0.435658221
KRTAP2-3,0.639745463
MYH7,0.312756879
CBR3,0.497009796
EPOR,0.02423209
HBA1,0.197238295
SLC45A2,0.561781098
PCSK2,0.663916496
CYP2W1,0.097002271
RIPPLY1,0.855800498
OR7C1,0.927210442
SGK2,0.045948289
RFLNA,0.044265645
RGS11,0.736248298
ZBTB8B,0.189664947
TP63,0.058177471
GSDMB,0.949847421
PCDH17,0.460763398
SAA2,0.000782133
HBA2,0.332646541
KRT6A,0.053576079
PPP1R1C,0.933104318
SLITRK2,0.460734652
RNF175,6.10E-05
F2RL2,0.084817985
NTRK3,0.732290252
OR7A5,0.834065145
CD207,0.016655165
CNTD2,0.021254758
TAGLN3,0.911515121
TLR2,0.0002395
ARSH,0.135961695
ABCA4,0.299061628
SDC1,0.815083153
CERS1,0.142844423
ZNF730,0.340750895
PGA3,0.017702957
GPT,0.133331242
PAOX,0.023725932
CPT1C,0.543767317
CPA3,3.60E-05
VWA5B2,0.161391295
CFAP74,0.185028901
ANKDD1B,0.459291656
HLA-G,0.002315573
HTR1F,0.439217081
CNGB1,0.382865013
ADAM12,0.000140389
EEF1A2,0.1233008
IGFBP3,0.51168834
STAC2,0.086361337
SERGEF,0.171200326
RNF17,0.251708161
CLPSL2,0.223053424
SERPINB5,0.459411514
GIPC3,0.399081283
F12,0.126400102
AFF2,0.001765565
PLXNA4,0.156658943
MMP10,1.16E-05
CLCA2,0.209173182
FREM3,0.861980772
COL5A1,0.019070029
FOXN1,0.008483825
PCDH20,0.076841186
LRRC4,0.084994936
KRT16,0.014844118
KIAA1549L,0.562345043
CPM,0.048882252
DCST2,0.339868673
PSG5,0.418457226
TRIM63,0.866628962
KCNN2,0.171965856
TPSAB1,8.16E-05
GPR85,0.000414788
NKD2,3.71E-05
HTR1D,0.11062149
AL365273.2,0.227121392
TPSB2,4.20E-06
C3ORF80,0.022309456
APCDD1L,0.020502144
EGFL6,0.004398799
CSF3,0.135171292
NCMAP,0.044543256
HHIPL2,0.411777981
TNNT2,0.369719621
PBX3,0.028261115
ATP6V1B1,0.345263347
AL049839.2,0.000252761
PCDHB2,0.968184379
APLP1,0.123273695
PLA2G10,0.941981281
RCOR2,0.009507777
MECOM,0.735069653
CTRC,0.502182729
FAT2,0.240756511
PRB3,0.612737367
CA2,0.1519687
LKAAEAR1,0.272317078
FETUB,0.466422425
HRG,0.272833377
SLC38A11,0.209933051
XKR7,0.309915468
TTLL6,0.101801545
TMEM252,0.84397836
MS4A2,7.11E-06
HOXA13,0.19017222
ADGRA1,0.998412121
FMN2,0.576276442
EN1,5.15E-05
HOXC9,0.181590532
TUNAR,0.676582546
SLCO1C1,0.358520479
AC114296.1,0.004914303
ANKRD30B,0.278158595
NAALAD2,0.134460123
SNCG,0.000836313
RGS2,8.81E-05
PRND,0.989749485
SHC4,0.947284299
COL5A3,0.774380245
NXPH4,0.423683613
ACTN2,0.282741487
IFNA1,0.533412084
KIAA0319,0.6532553
PCDHA6,0.23458491
RLN2,0.321491694
GALNT13,0.433079886
TRDN,0.20898668
TECRL,0.352072154
TRPM8,0.630296305
AC106782.1,0.254001892
CYP26C1,0.940362211
CDH8,0.186623133
AMTN,0.505928676
KRT79,7.91E-05
COL26A1,0.014739222
NXF3,0.051202329
WNT7B,0.326168254
AGT,0.496683041
HOXB6,0.255469071
DAPL1,0.377786429
KLK8,0.570311261
TMEFF2,0.052971033
COL5A2,0.018579923
ERICH5,0.166346051
DLX4,0.087222094
DDC,0.745642964
LYPD1,0.78960221
CGB7,0.319989459
STRIP2,8.83E-05
TMEM179,0.430822817
FRMPD2,0.016118213
CHIT1,0.001151344
VCAN,0.000186427
THBS4,0.702522994
DNAH8,0.162869263
TTLL10,0.653905686
GGTLC3,0.965672591
DAW1,0.086497675
GOLGA8A,0.036231122
BCL2L10,0.099590614
HGNC:24955,0.764083103
ARX,0.85297167
ERN2,0.992728967
ASCL5,0.283666774
CYP4B1,0.804230974
HDAC9,0.121804244
DHRS2,0.171664627
ERFE,0.245398275
TNFAIP6,0.008274402
GRM1,0.103059244
SERPINB2,0.126288529
GSTA1,0.063261277
SEMA3E,0.031137198
IL17C,0.003234962
PYDC1,0.757377136
BPIFA1,0.748794328
ETNPPL,0.045635784
SLC18A2,0.068435866
PCDHA1,0.195297891
CFB,2.52E-07
AC004233.2,0.173346957
CHST7,0.687399053
ADAMTS12,0.058376701
PHEX,0.6024745
CTSG,4.59E-05
TRPV3,0.097769329
HBB,0.036783876
HAGHL,0.450952416
ATP8A2,0.201581976
ZNF695,0.242688825
MCOLN3,0.126568877
NMB,0.313667211
DKK1,0.377945518
HIST2H2AB,0.051849683
COL19A1,0.054703457
PCSK9,0.00535648
CABYR,0.865441978
ELMOD1,0.290472697
WIF1,0.808362898
ZNF99,0.000452577
PRSS50,0.132007434
PRSS12,0.056942878
PRKG2,0.04803506
EN2,0.218177055
CKS2,0.213638217
SLC26A8,0.768801542
TMEM145,0.094959225
CELF5,0.425040378
MS4A12,0.262514791
RGS4,0.711750953
CD70,0.001552768
NOVA1,0.974982663
SPOCK3,0.009667199
FOXA1,0.597926926
PCDHA7,0.641766685
PPP1R3G,0.864315394
SPP1,0.424742162
CHST13,7.73E-05
HIST2H4A,0.821842093
RET,0.211404582
RP1,0.128025028
MAG,0.449502403
CHRDL2,0.180064375
CHRM3,0.022438222
UCN2,0.058558226
UNC5A,0.08668513
F7,0.085123958
KRT6B,0.036616787
RIMBP2,0.007492805
PLA2G5,0.401413274
MAGEE2,0.765576025
KRT14,0.387202228
NHLH2,0.477322808
TEPP,0.305093558
ARHGAP40,0.727235314
HCAR2,0.00048507
FAP,0.00012919
LTK,0.244518914
TPRG1,0.697163016
NTS,0.00097159
DLX5,0.260592064
AC008687.4,0.971065264
HS3ST6,0.58539901
RPH3A,0.068378896
DCX,0.98486651
HMGCS2,0.200749466
EGLN3,0.132564196
KRT13,0.007266036
SSX5,0.226630835
GLP2R,0.625637451
IGSF21,7.69E-09
WT1,0.133807084
ST8SIA2,0.998869133
MUC4,0.652454451
GPR156,0.432500662
ADGRG2,0.573096256
ATOH7,0.070808775
COL3A1,0.011797943
COL21A1,0.279492581
PSORS1C2,0.421116897
SEMA5B,0.270990949
INSC,0.573402099
S100A3,0.00035654
RIMBP3C,0.87697378
NME8,0.90396355
APOC4-APOC2,4.44E-05
C6ORF222,5.31E-06
SLC52A1,0.244151413
COL1A2,0.011129258
ZAR1,0.522646217
LCN10,0.885624819
VSIG1,0.008181261
FAM155A,0.091935414
TPSD1,0.000392592
ASB15,0.910614913
ACP7,0.999039941
UMODL1,0.006809278
FAM153B,0.734701667
ADGRB3,0.459566077
SERPINB7,0.00475644
ELF5,0.050026987
TMC3,0.033659147
NFAM1,0.002037603
PCSK1,0.155531951
NPFFR1,0.622467169
PI3,0.003292018
AC112229.3,0.353663605
IL5RA,2.07E-05
FAM57B,0.237615696
GOLGA8B,0.061233801
CBLN2,0.903120243
ANKRD30A,0.037490413
VSTM1,4.57E-05
CAMK1G,0.845087282
AQP9,3.61E-06
APOBEC2,0.233470362
DUSP9,0.049500752
SYN2,0.436499275
SLC35F3,0.217130494
MYLPF,0.936734097
HMOX1,0.00010215
C11ORF87,0.443747082
C19ORF67,0.031900678
DIRAS1,0.405322285
OCSTAMP,6.00E-05
FOXS1,0.587664977
CALCA,0.278011966
MMP8,0.008500615
CXCL1,0.069318336
IRX5,0.496583978
NRTN,0.350082586
KNG1,0.601230461
ADAMTS2,0.023520351
GLP1R,0.376034431
GABRA5,0.953197952
VGF,0.795231646
CASR,0.94636174
SHH,0.175220119
CRH,0.60499151
ARMC4,0.60196683
AJAP1,0.621915619
PAPPA,0.788492509
NTNG1,6.13E-06
RAB3B,0.226016183
ATP6V0A4,0.4063479
VWC2,0.083566639
CYP24A1,0.799402564
XDH,0.000865666
JPH3,0.023206781
MARCO,3.25E-06
ISLR2,0.132277788
HCN2,0.28362591
GALR1,0.423293165
PCDHA2,0.28363594
TM6SF2,0.334280567
GPR84,4.42E-11
MUC22,0.169805845
AL662899.2,0.130146985
ABRA,0.170549737
HTR3C,0.359529075
LMOD2,0.264669737
DNASE2B,0.001032503
GDF3,0.267532328
RASD1,0.596976988
MTRNR2L12,0.396086811
LRRN4,0.000743927
CSAG1,0.693157262
HOXC10,0.761419214
NTF4,0.549340688
GRM7,0.002080831
RIPPLY2,0.698920295
CPXM1,0.100098104
BHLHA15,0.000196684
NOS2,0.588386188
WISP1,0.000156936
CMA1,0.000203114
FOXL2NB,0.706486567
ENAM,1.33E-05
CCDC155,0.005280607
NOTUM,0.332620967
GJB1,0.2364619
CCDC197,0.822362768
FFAR4,4.47E-13
MS4A4E,6.99E-10
CDCP2,0.402792362
CYP4Z1,0.194341639
NEUROG2,0.255586784
DPP10,0.81190527
EPYC,0.100829795
CTCFL,0.085568999
TBR1,0.232026819
FAM69C,0.488579925
KLHL34,0.644168096
MESP2,0.741229629
MEGF11,0.4751745
CCL11,0.066187855
HES5,0.691328795
C8B,0.096651685
CDH17,0.000413457
KCNG4,0.217517198
GPR19,2.20E-07
FAM187B,0.726977961
BCHE,0.499187425
ASIC2,0.649644502
FATE1,0.063498976
NRK,0.952445575
GPR141,0.198536643
AGRP,0.00029878
KLK1,0.27793521
ENPP3,0.038971054
CCL18,1.21E-06
PRRT4,0.288281397
SLC26A3,0.533358684
IGFALS,0.098411908
MMP3,0.089003372
ART3,0.005012333
HS3ST2,0.091929315
MRLN,0.734215828
GPC2,9.51E-08
ALAS2,0.099634317
FOXH1,0.09282192
FNDC9,0.001197975
AMH,0.609630113
WFDC6,0.048745585
TMEM270,0.791092046
PKP1,0.075266434
SCGB3A1,0.925840498
ZG16B,6.62E-05
OLIG1,0.216567437
OTOG,0.425052872
IL22RA2,0.000274309
ESR1,0.258977094
WNT8A,0.04734837
DMRT1,0.171214151
HBG2,0.732270867
SOST,0.32734395
CXCL2,0.45601305
NEFL,0.321044169
SYCE1,0.926911434
S100A9,0.00050503
CCR9,0.001409523
C19ORF84,0.296665455
SHISA9,0.745876485
GATA4,0.538818841
CCR8,3.87E-07
SAA1,0.000347281
C1QL2,0.002933322
CD5L,0.000312711
PLK5,0.492246812
GRIA2,0.087831031
GATA5,0.046180823
ST8SIA3,0.443767721
RNASE3,6.48E-07
SLC8A2,0.774996159
SH3GL3,0.053641868
IRX1,0.408133966
CPNE6,0.001124106
PROZ,0.907195734
SOX8,0.002718408
CHL1,0.659961897
HIST1H4A,0.769556811
C2ORF66,0.479585828
DNAJC5G,0.194663826
ARHGDIG,0.902850154
DPYSL4,0.279069345
MRGPRE,0.018632811
SRD5A2,0.337973379
NPBWR1,0.081070624
OR13J1,0.460342823
SMCO2,9.92E-09
ALX1,0.015363718
LAMP3,0.000864764
HS3ST4,0.973844308
SLAMF9,3.24E-05
LHX8,0.046589057
SNTN,0.787848766
IL11,0.21404328
TBC1D3B,0.827632029
SELE,0.071628372
RHOXF1,0.924681679
AKR1B15,0.328920555
AZGP1,0.960992045
BMPR1B,0.177234918
TH,0.684143055
COX6B2,0.052013007
G6PC,0.889220898
NAT8,0.108472399
SLC35D3,0.734766469
PLAC1,0.338302818
HYAL4,0.872532723
IGFBP1,0.380443772
1-Dec,0.245759844
HK3,2.59E-10
EPGN,0.604699876
ITGB7,5.03E-05
KRT78,0.122028814
HTR1B,0.134480106
MTRNR2L1,0.65403132
KCNS1,0.601445546
FMR1NB,0.305019496
MEP1B,0.228063087
SPATA46,0.705793953
ASB11,0.564661701
SLC7A14,0.899000813
ANXA8,0.221450667
HGFAC,0.788474401
FCER1A,1.30E-06
PLA2G2F,0.000664823
HIST1H4B,0.166164953
TGM4,0.383910772
C1QL4,0.360777488
LY6H,0.833643142
CHRM1,0.011616256
MAS1,0.000373135
TMEM155,2.58E-05
DLX2,0.345559423
LHX5,0.194139805
HIST2H3C,0.314718256
TNFSF9,0.00038013
KCTD4,0.612692318
FFAR1,0.443966117
ITLN1,0.685245071
ANKRD34C,0.40523828
ADGRG4,0.34766293
SPINK7,0.509143607
TRAPPC3L,0.375179681
SMIM2,0.959326316
CD1B,8.75E-12
RPS10-NUDT3,0.395858026
TM4SF19,0.009980547
STON1-GTF2A1L,0.251573877
FREM1,0.592903935
ELAVL3,0.347607999
SMR3A,0.778123968
FGL1,0.095766113
SSX3,0.608928684
ZP1,0.228928522
SIGLEC12,1.75E-08
PROP1,0.286608944
HBM,0.117633312
HLA-DQB2,5.43E-11
PKD2L1,0.001487536
EVX1,0.376650054
B4GALNT4,0.236664873
GJA3,0.38132012
SERPINA3,0.010303444
CLEC4F,9.26E-09
DEFB1,0.268112694
LIPM,2.90E-09
CGA,0.303956897
SPHKAP,0.650819902
HBD,0.41642039
SLC7A3,0.220545286
SCG2,0.140510979
ATP6V0D2,3.19E-05
CTRB2,0.448929902
DRD2,0.34569318
NPIPB8,0.299628638
C5ORF46,0.015961784
AADAC,0.402094821
CELF3,0.734970884
KRT3,0.076534888
TAS1R1,0.208179836
GRIA3,0.462749016
ANKRD2,0.434041267
CCL22,7.76E-10
GDA,0.774232213
IFITM5,0.262836087
CADM2,0.066167574
INMT-MINDY4,0.867893734
THEG,0.75190641
SLC22A16,1.26E-05
LHFPL4,0.871980162
AREG,0.001749555
F11,0.005868422
HAPLN2,0.041744692
CILP,0.744479324
MMP12,1.88E-05
PCDH15,1.35E-08
MDGA2,0.756446504
TDO2,2.47E-06
FABP6,0.178306186
SMR3B,0.685775034
ANKRD22,8.74E-11
RGPD2,0.186547165
SDR9C7,0.971890406
CCK,0.195331942
THEGL,0.831508756
GOLGA8G,0.159100019
DPYS,0.104983321
CYP4A22,0.650948011
IL1RAPL2,0.750051847
SLITRK1,0.024066737
AC002429.2,0.354907321
CLEC12B,9.14E-09
TUSC5,0.286501087
HOXC8,2.54E-05
ARPP21,0.92318059
HOXA6,0.002461028
IL6,0.058760737
HOXD10,0.440917732
SFRP5,0.475288949
FUT6,0.004798414
APOB,0.510302101
NRSN1,0.026732719
ZDHHC22,0.663318264
C9ORF129,0.722773333
FBXO40,0.832069304
TTR,0.768251316
MMP27,0.059674878
LDLRAD1,0.211259811
ANGPTL7,0.050200461
GABRR1,0.811699984
CALML3,0.033341695
APOC2,7.42E-10
CCL24,1.04E-05
SH3GL2,0.09876664
CEACAM5,0.51249424
LCNL1,0.059934602
SLITRK6,0.210900774
SSX7,0.718848636
CAV3,0.095273177
FAM183A,0.229920378
GJD4,0.962541808
GSTA2,0.582474495
C15ORF53,7.61E-05
ASB5,0.564998879
OPN4,0.025764139
TRPC7,0.705882405
SPATA22,0.75259289
SLC34A1,0.018912179
CYP2C9,0.043114957
BPIFC,0.041023625
KRT40,0.000587743
WNT3A,0.230196659
RSPO2,0.140944467
MEP1A,1.28E-05
RBM46,0.124237811
ADAMTS20,0.290048918
GMNC,0.345623626
KRT31,0.787124727
GCM1,0.000820324
IGFN1,0.581398888
C19ORF81,0.077547829
BTNL3,0.229625213
CLDN14,1.08E-05
LY6G6D,0.21384269
NR1H4,0.617916218
HNF4A,0.663202655
FAM163B,3.15E-08
NKX2-5,0.280259852
LEP,0.219095442
FSTL5,0.672710803
FRMPD4,0.404946552
ZFP57,0.288224697
AMY1B,0.864882878
TTC6,0.342662637
TREML4,0.005633494
KRT24,0.803292894
MT1H,0.08490812
POU3F4,0.391947486
PAX2,0.296357103
GABRB2,0.58344897
SLC22A31,0.136387352
GALE,0.802320985
METTL7B,0.798844031
GOLT1A,0.849377299
NGEF,0.407791337
LRP4,0.989494532
FAXC,0.527035252
TUSC3,0.853284614
TENM1,0.682630311
FAM84A,0.007057918
SRCIN1,0.500854653
PRR36,0.785941436
GRHL3,0.2737445
TGFA,0.607741102
PLCD3,0.782435261
KCNQ3,0.28298252
TMPRSS6,0.344386747
ZCCHC12,0.716896332
ENTPD1,0.324357969
MPZL2,0.573373376
CDH3,0.540522262
SYTL5,0.462076903
GALNT7,0.902107046
NECTIN4,0.386243773
LIPH,0.209364405
FAM178B,0.530447224
SERPINA1,0.119801569
FN1,0.026467582
PRR15,0.463927658
SHROOM4,0.303760385
PROS1,0.877950159
TMPRSS4,0.049934425
LRRK2,0.512071335
ZMAT3,0.943983904
PLEKHN1,0.370086994
REN,0.641679308
BMP1,0.8139428
KLK10,0.830253792
EPS8,0.658056523
CELF4,0.899838037
COL13A1,0.692102291
STK32A,0.768960126
HPCAL4,0.813849032
LAD1,0.97476753
SCEL,0.656919223
RXRG,0.760966512
CDH6,0.04888266
STRA6,0.32279613
KRT15,0.021725179
SPTBN2,0.710173291
SYT12,0.861697484
HMGA2,0.67076401
EPHA10,0.412516171
DPP4,0.088719698
LAMB3,0.05971322
NPC2,0.892430385
PLA2G12B,0.457946987
SLC34A2,0.584575405
KCNJ2,0.110133623
RYR1,0.952461865
PTCHD4,0.719460947
GGCT,0.796518831
EPHB3,0.334333495
ALDH3B1,0.335832666
ESPN,0.669991594
SPATA9,0.510561595
GJB3,0.774985272
HCN4,0.698864486
KLHDC8A,0.441248896
CITED1,0.572017394
QPCT,0.762669886
PPP1R1B,0.912726124
CDKN2B,0.041358423
ETV4,0.777895225
B3GNT3,0.265704738
P4HA2,0.890227233
SLC35F2,0.698494583
DTX4,0.558710419
SPINT1,0.995128099
ICAM5,0.845813825
CLDN10,0.092616136
LPAR5,0.588906992
CCND1,0.490636738
CLDN16,0.538749384
ADORA1,0.924860038
RTL4,0.710326341
SEZ6L2,0.856575669
TNFRSF10C,0.847992429
MROH6,0.474819839
ADK,0.112961547
ETV5,0.81247492
RAB27A,0.875890139
PRELID3A,0.237669171
CAMK2N1,0.43656987
PDE4C,0.718562404
B3GNT7,0.458247172
MAMLD1,0.800355548
KLK7,0.782535304
CTXN1,0.807607937
LGALS3,0.218284852
MET,0.671969292
MFGE8,0.33748589
MTMR11,0.030279768
TMEM79,0.53320843
ST6GALNAC5,0.344374099
ABR,0.02659211
ST3GAL5,0.176149168
TNFRSF10B,0.910108322
GRB7,0.957900565
ULBP2,0.65092669
PDE9A,0.691925815
TMEM92,0.027033465
GDF15,0.758620002
PRSS2,0.848843791
RASD2,0.896945144
CORO2A,0.753505045
KCP,0.702859346
CAMK2N2,0.43900565
XPR1,0.309374662
TPD52L1,0.14135107
GRM4,0.804009007
ECE1,0.684493042
UNC5CL,0.090953031
XKRX,0.425329862
NRCAM,0.867732385
TMEM41A,0.429887236
LPL,0.323194297
AHNAK2,0.489839452
FRMD3,0.18551488
AMIGO2,0.38238976
RIN1,0.16546043
MGAT4B,0.197814969
ALK,0.53300842
TBC1D2,0.901762206
KLHL2,0.224325467
RDH5,0.752258327
TMEM184A,0.410144335
MANEAL,0.641301429
PDLIM4,0.458097921
HEY2,0.401951647
DUSP6,0.839229993
GLT1D1,0.625143627
SDC4,0.846279781
MRC2,0.59672293
PCSK1N,0.910994071
ASPHD1,0.260266049
UNC5B,0.202734919
OLAH,0.638521029
C1QL1,0.41032451
DRAXIN,0.221149886
PHLDA3,0.698440207
ABTB2,0.372019406
MYEF2,0.307339427
C11ORF80,0.09322335
DMBX1,0.714766975
ADAMTS9,0.885104953
CSF2,0.000426582
CATSPER1,0.185756987
EVA1A,0.622367096
B3GNT8,0.811164772
PLXND1,0.3358349
THRSP,0.194429692
BID,0.124324442
NPTXR,0.990304721
SCN1B,0.587342684
RASGRF1,0.774279135
BAIAP3,0.844158106
RNF183,0.681115043
PRSS1,0.869518644
BBC3,0.432073498
MCTP2,0.632701395
CDH24,0.876941961
LCN2,0.093060389
C16ORF45,0.222938608
NRP2,0.246665244
NOX4,0.211779763
IL1RAP,0.516338416
SERINC2,0.279964752
LMO3,0.270696535
ISYNA1,0.567331168
TYRO3,0.355070701
PDE5A,0.967185206
TESC,0.221060179
DDB2,0.094371567
PSG1,0.501326784
KLK13,0.19568585
PERM1,0.550330992
MDK,0.302738142
MUC21,0.012690491
LRG1,0.305576984
ARHGAP23,0.520437929
HRH1,0.095316151
PRSS23,0.250264007
ITGA2,0.077256452
CFI,0.030860178
MTHFD1L,0.613738426
TIMP1,0.282903456
GLRB,0.130802134
RNF24,0.289153931
CBLN1,0.229787019
PON2,0.327100995
FHOD1,0.375123076
ITGA3,0.724333741
RAET1E,0.975220111
FRMD5,0.155510036
NOD1,0.718238297
CST6,0.963941188
CDC42BPG,0.241054512
LIMK1,0.54005404
IVL,1.43E-05
CHI3L1,0.243989791
TIAM1,0.281849871
UBE2QL1,0.481181127
TMPRSS11E,0.298995668
PSD3,0.946232838
QSOX1,0.388743825
MGAT3,0.365103475
PERP,0.850343419
DLG4,0.110831714
OR4D10,0.160822487
IL17RD,0.991274578
CD276,0.467238937
PLAU,0.000966137
TACSTD2,0.910528619
CACNG4,0.185642028
LEMD1,0.310134092
SEMA3F,0.079943763
C2CD4A,0.045046313
BNC1,0.840786689
TMEM117,0.588751802
RAD23B,0.171727071
TINCR,0.544604755
IL36RN,0.682945733
SEC14L6,0.371323625
MAPK13,0.839527562
CHST2,0.675065611
KIAA1211L,0.027462381
CYP2S1,0.013259261
LRRC75A,0.114968573
ENTPD8,0.942486946
SREBF1,0.516036674
AGRN,0.036197426
LSR,0.495378819
S100A11,0.01156093
PLEKHG5,0.971767545
TMEM163,0.45021346
PTP4A3,0.168932493
PTPRE,0.226280468
SYN1,0.166085762
INF2,0.931536132
GABRA6,0.365779187
SLC9A5,0.431860017
PHYHIP,0.609253783
ELFN2,0.986717685
GABBR2,0.604607949
BCL2L1,0.169949434
TMEM130,0.758423773
CDSN,0.931042019
CTSH,0.263611437
DVL1,0.0924651
CHPT1,0.055218577
EMILIN2,0.09675999
TMEM63B,0.407572319
CDC42EP1,0.880231255
SOX4,0.499781354
ACTBL2,0.062611424
MXRA8,0.731004474
SEMA4C,0.732533978
ABCC3,0.998751575
FAM20A,0.034847181
VTCN1,0.023405876
SFTPB,3.69E-05
CTSC,0.008951883
SAMD1,0.905542074
ENDOD1,0.972314343
PDZK1IP1,0.000872534
SIPA1L2,0.619098525
JAG2,0.710050772
PC,0.166738404
SYTL1,0.053418868
MAP3K6,0.42640785
CBX2,0.786597551
RAB34,0.28861502
PLXNA3,0.920669896
ITGB4,0.021273991
C10ORF55,0.002746677
DCSTAMP,0.957327075
DHRS3,0.250812289
STAC,0.007394549
DOK7,0.721680491
UPP1,0.168994575
PRSS22,0.573222638
AGR2,0.418013306
TGFBR1,0.986537082
GALNTL6,0.794556438
B3GAT1,0.090146563
FYN,0.339305632
GALNT5,0.040317804
CD151,0.793560362
IER5L,0.63045633
COMP,0.08743415
FAM43A,0.796673625
NAT8L,0.426718646
CDH13,0.168653632
RIPPLY3,0.117807998
MDFI,0.950932451
CD164L2,0.398796908
CLIP3,0.159773829
TRIM47,0.074423605
CLDN1,0.180286908
SH2D4A,0.286432722
ADRA1B,0.957910376
HIP1,0.853841718
KCNS3,0.475381558
S100A16,0.519623655
BRINP2,0.711948661
TMEM173,0.010324361
SYT1,0.957107387
TMEM8A,0.554718413
C8ORF4,0.061206578
DHDH,0.887578518
KRT19,0.058478553
CDH4,0.553616299
SLPI,0.005461075
RUNX1,0.002612903
INAVA,0.146884278
MYBPH,0.200743556
ME3,0.616089914
PRMT8,0.823425782
KISS1R,0.533272662
SLC7A4,0.744244013
DYSF,0.850931397
CD55,0.097177925
NT5C1A,0.751585863
GGT6,0.249596702
PHACTR3,0.240125997
PLD3,0.529199338
TAX1BP3,0.458955732
OIT3,0.640517238
AWAT2,0.297321519
TGFB1I1,0.49157592
S100A6,0.147436121
RARG,0.970116895
HIST3H2A,0.729939746
CRYBG2,0.007527573
KDELR3,0.213436846
10-Mar,0.990346335
DCHS2,0.186915577
ARMCX6,0.148094787
SFN,0.02031673
SLC5A2,0.351020768
COL8A1,0.56686325
AC025594.2,0.773177024
GABRD,0.527227746
IGF2BP2,0.790963995
ARHGEF2,0.322300349
MMP16,0.388970616
GPRC5B,0.537647816
RINL,0.987603052
VSTM2L,0.011077485
NPDC1,0.888118966
SLC25A48,0.288446972
PNPLA5,0.57450226
CDH15,0.171789972
DOCK9,0.695872619
C1ORF216,0.968136696
PLA2G2E,0.708968563
CNFN,0.990832653
PDLIM7,0.225535025
CRLF2,0.26277415
CBARP,0.437692244
TSTA3,0.924876452
SPOCD1,0.000459831
ETHE1,0.094807774
POU2F3,0.851818306
GPR161,0.681890581
PLAG1,0.355929861
IGFBP6,0.596368396
CARNS1,0.016879128
EPHX3,0.076877328
4-Mar,0.869536654
VGLL1,0.214736851
ALDH1A3,0.777024925
PMEPA1,0.239211851
CTSA,0.149416657
TGFBR3L,0.969227767
TM4SF4,0.767721406
CX3CL1,0.035223621
CXCL17,0.265388413
NFE2L3,3.44E-05
ETNK2,0.41035791
CCND2,0.151913225
TMEM44,0.096484034
SHISA6,0.614514836
MSN,0.909109255
TRPC5,0.562640551
S100A5,0.437027263
KLC3,0.927721114
CD109,0.819466767
ARMCX3,0.293482956
SNX25,0.37039993
NUDT17,0.146972471
PNMT,0.474994211
SFXN3,0.032812725
CACNB1,0.865067605
PLXNC1,0.03040867
PDGFA,0.545442269
EDA2R,0.128090977
CPNE4,0.430871205
TTC39B,0.32233899
C1ORF226,0.784479044
CD44,0.916704984
CA7,0.94840954
SDC3,0.202316707
STRADB,0.37475455
ERBB3,0.863732064
TMEM98,0.310476815
SLC2A13,0.995441704
DPY19L1,0.18738076
ALOX15B,0.01410268
ZFYVE19,0.584482418
CYP1B1,0.342067276
TOR4A,0.836560013
TLCD1,0.254236721
OXTR,0.562717283
XKR5,0.78606162
KL,0.38458714
UBTD1,0.102418493
BICDL2,0.114604978
TNIK,0.856990815
HPN,0.431275906
KISS1,0.694955165
PTGER1,0.549625416
RAET1G,0.307035826
ABHD17C,0.382889678
SPECC1,0.289703427
RTN2,0.777011655
SDK1,0.261330665
AC005041.1,0.406382213
CA11,0.405688373
RAB15,0.615514217
C1QTNF12,0.730848475
ADM,0.407436698
MVP,0.002135151
HPSE2,0.559230152
SLC30A3,0.443239823
PAQR4,0.476570023
GPRIN1,0.003157549
MEX3A,0.556764598
SHROOM1,0.019653029
CRABP2,0.510833705
RHBDF1,0.280927212
FXYD3,0.062284111
DRAM1,0.076429435
WTIP,0.971969539
RAPGEFL1,0.174798416
AK1,0.312745114
BEAN1,0.031382773
SNAPC2,0.759075736
ATIC,0.597740937
MYH10,0.468609857
FOLH1,0.806358729
DUSP13,0.970481197
CDKN2A,0.123924639
GJB4,0.998643395
OCIAD2,0.896032813
WNT3,0.017831166
GUCY1B3,0.406715351
LDLRAD3,0.639936552
B4GALT6,0.099218092
TRIM29,0.694522174
PALM,0.987273578
SCG5,0.665699827
KCNN4,0.00276134
PITX3,0.950515236
11-Mar,0.895617265
SEC14L2,0.392274057
HACD1,0.702397895
SLC22A4,0.664165333
BNIPL,0.464803951
BAX,0.108817335
RAPGEF5,0.295277028
VASN,0.751973373
MISP,0.026597811
SUSD4,0.733646413
C5AR2,0.526405807
TSC22D1,0.550956214
SPRED3,0.426070317
CDC42EP3,0.006312495
E2F1,0.369002263
TMEM100,0.099892642
S100A1,0.987941038
RHBDL2,0.157484671
C9ORF16,0.673269108
YPEL4,0.139632753
B4GALNT3,0.243992166
PAQR6,0.356294696
CYSLTR2,0.649786419
LOXL2,0.068552063
INHBB,0.587184206
ADTRP,0.812021738
RAB27B,0.052419568
NID1,0.241139137
PPP1R13L,0.144892139
TMC6,0.002714849
ELOVL4,0.240096087
EVPL,0.608680417
MST1R,0.069644234
RNF225,0.079131733
SLC12A5,0.647898007
PAM,0.796419797
CLRN3,0.599645364
PDZD7,0.522459174
PXDN,0.232198449
TNFSF15,0.88207581
ADGRF4,0.168132397
NELL2,0.489395425
RPS27L,0.432689889
MFAP2,0.43979626
RTN4R,0.121281297
TNFSF18,0.000209943
LY6G6C,0.692623179
FAM171A2,0.008047941
PI4K2A,0.677053461
RHOBTB3,0.053990247
CDH22,0.33176118
CCNA1,0.000551081
FIBCD1,0.386736609
HIGD1B,0.467306608
HORMAD2,0.669847273
PDE1C,0.283973992
CXXC5,0.128567274
NXN,0.382562308
SPARC,0.772487759
ELF3,0.154378924
STBD1,0.981861247
C10ORF67,0.057050151
GLS2,0.16187962
PRDM1,0.859709293
C10ORF142,0.365791988
SHC3,0.967534059
TREM1,0.002638964
ITGA7,0.336639643
EPPK1,0.625324214
LY6E,0.067033728
SPOCK1,0.441453881
FAM109A,0.017024261
LZTS1,0.121833299
GGT2,0.385131283
GPR162,0.653136564
CDC42EP5,0.435615374
PIP5KL1,0.192486319
LYPLA2,0.448263729
CRACR2B,0.502084225
SLC27A6,0.432516193
MEGF9,0.086037401
MTUS1,0.153429053
IGFL2,0.002033112
KRT80,0.932043658
CMTM3,5.26E-05
DAB2IP,0.10245799
PLEKHG4,0.828243842
LAMC2,0.122022022
CHAF1B,0.481859777
RUNX2,0.004416032
CXCL16,2.24E-05
CAPN8,0.002126545
C19ORF33,0.15262632
P3H3,0.871511799
CD63,0.330804251
KCNV1,0.175300861
MLXIPL,0.743910924
DIRAS3,0.652557918
CLDN9,0.454185336
DUSP4,0.124485254
ARRDC2,0.207539255
FGF1,0.24141504
RNFT2,0.356660778
ACBD7,0.48131249
LBX2,0.376338312
TGM1,0.587243724
LURAP1L,0.525380714
PIANP,0.487976741
PRTN3,0.876566063
FSTL3,0.722685072
C9ORF50,0.113720719
PHLDA2,0.811311403
HRK,0.885670289
TUBB3,0.000766102
LRP5L,0.289062204
SGK3,0.877529971
SLITRK4,0.47154137
F2R,0.548348868
ALOX5,4.85E-05
FAM84B,0.685179458
IQGAP3,0.000120716
ZNF883,0.13923084
SOX11,0.70897364
TMEM88B,0.518239672
DUSP5,0.537775996
ATP11A,0.192672878
TTC39A,0.104591857
CCL13,9.96E-06
MUC1,0.000300046
RHOV,0.078391706
CYSRT1,0.971185715
ARHGAP19,0.74289292
COL8A2,0.225097839
ETV1,0.455262016
COL7A1,0.074804991
HES2,0.000312341
TNFRSF21,0.063402957
MBOAT2,0.806797774
PLP2,0.01795819
RNF223,0.282807706
MKRN2OS,0.833983584
MFSD4A,0.505158029
LGALS1,0.005962681
C11ORF86,0.184860594
ICAM1,0.005666069
MICALL2,0.063036566
C10ORF95,0.604298209
GPR87,0.048108341
CREG2,0.513741524
SUSD1,0.502683596
IGFBP2,0.991827035
NPAS1,0.729633808
MYO3B,0.622658243
EMP2,0.918423802
TDRD10,0.045686173
PLEKHA4,0.772641462
MREG,0.084950149
C1ORF115,0.235513888
SMIM1,0.366538157
DAPK2,0.487385066
PSG8,0.330662673
ERP27,0.704296052
RSPO4,0.951258306
FCN3,0.804607544
PARP4,0.646076219
SRL,0.926391125
PRAF2,0.316395413
MAD2L2,0.145055017
ARNTL,0.901117702
NOTCH3,0.790630671
FJX1,0.804460061
SPOCK2,0.261409289
RIMS2,0.443713669
TGFBI,2.40E-05
KIAA0408,0.97585788
HPGDS,1.05E-05
IGSF3,0.864557719
VWA1,0.733362205
SLC47A1,0.017642918
FAM110A,0.234806027
PAFAH1B3,0.756620355
ROM1,0.089248332
PLPPR3,0.094411095
PROC,0.110271658
SLC17A5,0.073042745
ACTN1,0.001399986
KCNK5,0.444052508
NXNL2,0.403075035
MELTF,0.916375229
MYOM3,0.94515691
HIST3H2BB,0.577072583
UCN,0.592412048
CBLN4,0.892510792
CLU,0.530844266
RNF224,0.084149902
GSDMA,0.411534105
PRICKLE1,0.906850696
DSC3,0.033069777
LONRF2,0.118464755
EFNA3,0.160472943
PARP14,0.000209452
BHLHE41,0.112675513
PAPLN,0.291583328
SLC22A18,0.053487868
PCNX2,0.783081333
FBXO2,0.724435489
REEP2,0.96784767
PTPRU,0.862988881
SHF,0.503316999
STX1B,0.008781003
EPHX4,0.501871112
TGFB1,0.000363093
AC009779.3,0.753179582
SAMD4A,0.503987235
NRIP1,0.947274805
PRSS57,0.469598996
SSBP4,0.55887154
NAB2,0.672721851
IGSF9,0.702122684
PPL,0.754591137
SPRY1,0.037774732
TGM2,0.000178614
TMEM108,0.539334576
FHL3,0.015801262
C17ORF107,0.729701371
RRAS,0.757530203
AC005885.1,0.384882006
ZNF581,0.77066848
PDLIM1,0.800797953
GPX1,0.128210055
IER5,0.020271547
MUC20,0.819618907
NFATC4,0.436686514
SLCO4C1,0.725215043
PLXDC1,0.001473847
EFHD2,0.874487279
CKLF,0.000833641
RAMP1,0.672495886
FOXQ1,0.460297561
OPN5,0.21210102
NETO1,0.559939755
PCDHAC2,0.593007433
KLHL30,0.234558199
FAM111B,0.027582697
NOX1,0.346062448
KCNK15,0.166298107
AMOT,0.417566615
NECTIN1,0.147402176
WNT10A,0.063724337
SULT2B1,0.514157585
DCST1,0.838554737
LENG9,0.036261883
TRHR,0.516507249
RNASE10,0.969159982
CD320,0.171360008
SLC1A5,0.000310512
RUNDC3A,0.077525264
MYO1A,0.137245426
FOXD2,0.639557233
MYEOV,0.129803716
LCN12,0.118369954
BHLHE40,0.324275881
NT5E,0.312469591
HES6,0.469766507
MICAL2,0.053832403
SPINK2,0.433370547
CTHRC1,0.023771208
ADRB3,0.000158584
DSC2,0.475126572
FBXO41,0.004775212
ARL14EPL,0.302956127
EREG,0.730191081
SFTA2,0.060452096
FAM89B,0.042143342
GRIN1,0.294930407
MACC1,0.630823991
PELI1,0.002356104
AQP8,0.184913736
C1ORF116,0.461524391
SMIM29,0.948587455
NUDT11,0.296184124
DMD,0.709200947
ANGPTL4,0.644390936
AC007906.2,0.648070042
CDT1,0.068874928
FXYD5,8.44E-06
SLC52A3,0.098616485
MRPL14,0.340842814
HCFC1R1,0.348761691
CCM2,1.82E-05
EXTL1,0.736909072
OSBPL10,0.005313287
OR4D6,0.246458124
NRGN,0.437790901
CCL20,1.96E-05
RNF39,0.761173901
SYT8,0.768382241
NANOS3,0.306267972
C15ORF62,0.067539808
SLC22A18AS,0.853314806
ATP10A,0.00344673
WNT5A,0.530084886
FAM20C,0.516529982
GOLGA7B,0.005137249
STEAP4,0.177136749
CCDC148,0.17751661
SPHK1,0.023359288
GJA5,0.701560264
S100A13,0.772428208
TMCC3,0.328792721
PADI1,0.733446964
TMEM105,0.400975279
P2RY6,2.89E-06
NR1D1,0.54596131
ENG,0.674783193
EMILIN3,0.240747295
LYNX1,0.828114416
NDUFA4L2,0.19124142
CAPN3,0.277622692
SNX22,0.867202593
APLNR,0.405982333
AC012651.1,0.353412848
IRAK2,0.213008903
DPYSL3,0.056669265
ACOT7,1.90E-06
APOE,0.37100253
ABCA12,0.447644272
ANXA1,0.628061598
AUTS2,0.368617189
C7ORF61,0.603036018
FAM24B,0.685259115
FGF20,0.511254078
MCF2L2,0.051674482
DCLK3,0.386179209
TNFRSF12A,0.894615309
MAST1,0.62390699
PPP1R14B,0.703963113
ZFP36L1,0.733436356
CRHR2,0.217520069
ST8SIA4,7.15E-07
LRCOL1,0.377832176
AHR,0.175040696
TMEM236,4.73E-06
CCDC74A,0.297503974
ZNF732,0.467926676
PLEKHG2,0.058928623
OR5A1,0.245089968
UCP2,0.094059177
SH3BGRL3,7.98E-06
SYCE1L,0.342239572
SSTR3,0.209431685
FLRT3,0.964230367
CDK5RAP2,0.714875941
MSH5-SAPCD1,0.449746361
PLK3,0.512011463
NAPRT,0.453314958
ANKRD65,0.036416954
C6ORF15,0.954179341
IRF5,1.16E-11
CYP2J2,0.856935092
EPHA4,0.918443314
TM4SF1,0.063060272
TGM3,0.733551078
S100A2,0.016520168
BASP1,0.008098206
TRPC5OS,0.497406216
CXCL8,0.032377802
IFITM10,0.000569284
COX4I2,0.297393501
ARSI,0.003218469
LHB,0.90626448
KRTAP5-10,0.166973525
RMI2,0.004123782
C16ORF59,0.333265015
CTSB,0.408471197
RDM1,0.020404776
HSD3B7,0.014502588
PALM3,0.393425958
SH3TC2,0.451313845
SEL1L3,0.002482313
HPSE,0.005019485
SNAP25,0.886537917
GUCY2D,0.192767949
PPM1N,0.012860698
TRIM46,8.67E-08
DGCR6,0.651529249
TRIM14,1.16E-05
PCDHGC5,0.962950803
TYMS,0.000806641
FBN3,0.141530248
PPP1R14D,0.121237111
GINS2,0.370403922
CCR10,0.738280124
FAS,0.002835869
C2ORF54,0.813850645
GLOD5,0.087018347
SLC27A2,0.164891102
NEURL1,0.14374584
PIK3R2,0.986841933
NGFR,0.536296299
IL1RN,0.008086838
SPATA12,4.39E-06
S100A10,0.001195673
CREB5,0.166619373
S100B,7.57E-06
INMT,0.907958075
ZGLP1,0.793152439
RSPO1,0.823009877
WNT7A,0.000931221
FGF2,0.539351499
GALR2,0.251344765
TNC,4.87E-06
AC068580.4,0.713579386
AC005154.6,0.507229403
TMSB10,1.81E-05
EMP3,0.000541646
HELLS,0.007924569
CCDC185,0.240762838
PLAUR,6.96E-06
ASF1B,0.000249577
ZNF860,0.273615251
GCNT4,0.064697854
RNASE2,9.74E-09
SYCE3,0.319081069
ARSJ,0.254677977
MYO1G,3.43E-07
OSCAR,3.51E-10
CDH11,0.038844838
EPOP,0.027443434
DTL,0.020030831
LTBP1,0.011351838
PRR7,0.953906134
SOWAHA,0.007092918
GPR150,0.001980662
CENPK,0.000161686
CNIH2,0.627532545
LHFPL5,0.22478927
GBP3,0.038512253
NHLRC4,0.016974228
NOS1AP,0.855597424
TUBA4A,1.28E-05
KRTAP5-9,0.907472867
ARHGEF38,0.378265892
FAM167B,0.43449653
CYP21A2,0.003935906
ADAMTSL5,0.55990595
TRIM22,1.31E-09
STYK1,0.000176578
PRSS3,0.871601529
NHSL2,0.59175057
SCD,6.02E-08
PMAIP1,4.18E-05
PDE6A,0.007959705
ACSL5,4.19E-05
PODNL1,0.000416662
ROR1,0.115577335
PIMREG,4.76E-05
C15ORF48,0.000749243
IFIT3,6.37E-07
CDKN1A,0.902376542
APOC1,0.039099668
THEM5,0.873379354
BCAT1,7.18E-09
C3,2.13E-07
B3GNT6,0.985284169
TMSB4X,5.56E-12
PCDHGC4,0.530237308
TMPRSS11F,0.785623485
CENPU,0.004628985
RXFP4,0.880592246
ACER2,0.316187625
SDR16C5,0.000104712
IRX2,0.962687547
GNLY,0.000197358
E2F7,4.52E-07
TNFAIP2,4.04E-08
CTSS,3.37E-11
CHRNB4,0.454006783
PSORS1C1,0.835476224
FAM83A,0.006659032
EVA1B,0.353372793
TMEM154,5.10E-05
PLEKHA6,0.700999499
TCERG1L,0.157103254
FAM129A,0.355730456
AL512785.2,0.87898764
SLC30A2,0.670858648
RENBP,0.012086937
MILR1,3.21E-13
ARNTL2,7.24E-13
HBE1,0.415058583
SLCO4A1,0.014496237
KCNK7,0.504788773
CLEC5A,1.77E-07
MND1,8.89E-12
TRABD2A,1.17E-08
FCGR2A,4.09E-19
PGR,0.447694763
OR13A1,1.78E-08
SLC5A12,0.145157356
LOX,0.024451649
SCX,0.105572631
TREM2,1.82E-10
PCDHAC1,0.974129512
PYCARD,1.83E-06
EHF,0.046954522
SPC24,1.19E-06
BRIP1,1.69E-05
INSL3,2.38E-05
TK1,5.21E-07
SLC17A9,8.00E-14
PKMYT1,3.77E-07
CPAMD8,0.402284251
CCL7,0.004744847
ACP5,1.59E-12
EBI3,1.66E-16
KLHDC7B,0.00346469
C2CD4B,0.059204787
CPA4,0.461476796
CALHM1,0.046773976
RAET1L,0.916583821
PID1,0.641848874
ABCA9,0.607568529
GRIA1,0.53615114
MMRN1,0.410230504
GPC3,0.34044698
ACKR2,0.289291132
NRXN1,0.914472853
MASP1,0.745226393
RELN,0.677664379
LYVE1,0.438099366
KLHL4,0.913968595
IGSF10,0.874319927
VSTM2A,0.046941595
FGF10,0.859274059
GLI1,0.749948966
DPT,0.368547217
TFPI,0.253570503
WNT11,0.570222361
F10,0.959010491
MYOC,0.006971042
ADH1C,0.094046777
SUCNR1,0.616314501
PIK3C2G,0.21499019
DCDC2C,0.083442166
NLGN3,0.397315956
C1QTNF7,0.157046726
TNNT3,0.434433697
FBLN5,0.889329025
FGL2,4.73E-06
CFD,0.145885362
CHRDL1,0.449711917
SLC1A7,0.185800842
SLC17A7,0.782149756
FOXD3,0.497857021
ABCA10,0.548751815
FLRT2,0.552275035
DBX2,0.867006798
ABCA6,0.052971511
GDF10,0.070884899
PCSK6,0.487910053
BRINP3,0.998843135
PGM5,0.790987222
ADH1B,0.939168049
VIT,0.710740502
MYOZ3,0.046196493
NTN1,0.876615792
RSPO3,0.000436187
SVEP1,0.000588282
ART4,0.052302007
FAM180B,0.660861299
OSR1,0.84606166
AKNAD1,0.947517379
CHODL,0.910145684
FMO2,0.806356849
PODN,0.339277515
PLD5,0.860031943
CCBE1,0.866719376
GFRA1,0.044798581
SCARA5,0.326731531
RERGL,0.033490613
LRRN4CL,0.819446585
ZP2,0.737444982
HHIP,0.030068687
TNXB,0.899990397
KCNIP1,0.750214099
APOD,0.101956496
CYP8B1,0.654014207
STK32B,0.051332404
NDNF,0.349316105
KLHL33,0.372763521
FBLN1,0.786395186
SV2B,0.000125876
TMEM132C,3.12E-07
ROBO3,0.505055084
PHF24,0.00023289
DES,0.388449114
TSPAN11,0.093172014
MYZAP,0.035111056
ANGPTL5,0.541847115
MFAP4,0.971077651
FAM135B,0.493683072
DAB1,0.560515312
DIO3,0.262592304
CHST9,0.154966887
MRAP2,0.353380315
PCOLCE2,0.904541501
CPED1,0.737566455
OTC,0.496258573
FLNC,0.79979035
DCN,0.759726544
ACTN3,0.984967243
C6,0.006047271
MAB21L1,0.442211107
HGF,0.03000512
NPY5R,0.500910423
FAM180A,0.764935219
GFRA3,0.048170982
OGN,0.91847034
ACSM2A,0.15197718
SOX21,0.533196346
CCL21,4.58E-09
SCN3A,0.898187429
OLFML1,0.066334169
ALDH1A2,0.781455832
SRPX,0.118281287
HSPB6,0.374394238
FXYD1,0.680455063
L1TD1,0.52604757
TBX1,0.647554642
GSTM5,0.406514441
RHAG,0.200627928
LMX1A,0.038470765
OSTN,0.8476569
TSPAN8,0.89270517
ASPA,0.512626806
PI16,0.873799139
ABCA8,0.133958435
FMO1,0.986126151
TNFAIP8L3,0.03766417
HMGCLL1,0.03517088
LAMA2,0.962876033
BPI,0.024045044
FAM205C,0.125132771
IL33,7.25E-05
EFNA5,0.591700677
PKDCC,0.194760884
PTGFR,0.002966609
MEOX2,0.122950602
BHLHE22,4.30E-08
LGI1,0.962548161
CXCL12,3.08E-09
GAS1,0.162525426
FGF7,0.37143029
PLCXD3,0.039508004
PRRX1,0.028875128
TMEM119,6.86E-08
C14ORF180,0.072410131
KCND2,0.874942895
PDGFRA,0.014804727
FBLN2,0.8582445
LYPD6,0.627311075
COLEC12,0.004664266
NAV3,0.360809957
OMD,0.86035628
HTR2A,0.061407508
ENPP6,7.10E-05
CNTN1,0.107227403
HAND2,0.961493516
MYH11,0.312406049
GFPT2,0.024330857
ZIC2,0.338796028
CMTM5,0.265489447
TSKS,1.18E-08
C7,2.27E-09
BMP5,0.748504713
MAB21L2,0.556811956
ZNF488,0.110319459
TRHDE,0.188251732
CDH19,0.251806226
SLC30A10,0.464515212
RGS7BP,0.653296729
OXGR1,0.434825712
KIAA1755,6.26E-07
GLYATL2,0.003291551
GCOM1,0.179767903
C1S,3.12E-11
GSC,0.448170475
OSR2,0.243054718
XPNPEP2,0.196177229
