,P
FMO5,0.269560653
MUC3A,0.564494904
TM4SF4,0.913611485
LGALS4,0.790377451
SLC1A7,0.059490699
CNGA3,0.481092095
ARHGEF38,0.004291842
IL37,0.041326759
DDAH1,0.00163943
ATP11A,0.22541676
PLA2G10,0.01754054
BCL2L15,8.95E-05
SPINK1,0.3479331
ST3GAL5,2.06E-06
ACSL5,6.17E-07
KCNK5,0.000229773
HNF1B,0.006967221
TMEM125,0.020230318
ACOX2,0.003133274
PNMA2,0.006143968
OCLN,0.032294765
ALDH3B1,0.235678947
MUC1,0.133667947
PGC,0.087641419
RORC,0.823705677
MMP24,3.07E-08
RBM47,0.484554531
CGN,0.525085902
BTBD9,0.001680181
KRT33A,0.001423385
ADGRF5,0.000295882
SMPDL3B,0.883117808
ARRB1,0.000256445
HHLA2,0.000570403
AHCYL2,0.46517516
MLPH,0.860592837
NUP210L,0.952860197
CAPN8,0.019124381
LPIN2,0.233304978
SLC41A2,8.93E-09
SMIM14,8.02E-05
GOLM1,0.762220994
C16ORF89,0.224507741
SFTA2,0.539983682
LONRF3,4.03E-05
TMC5,0.001466436
CD55,0.568333205
MBIP,0.506546083
AQP7,0.992476451
TMEM63A,0.079201412
GNA14,7.02E-06
PRR15L,0.250577766
ARSE,0.82339469
RPS6KA2,3.02E-08
SLC22A31,0.978840068
CLDN2,0.728964161
VSIG1,0.644926682
SLC9A3R2,1.50E-05
MYBPHL,0.051647043
LMO7,0.000488868
PAEP,0.54490941
SPINK13,0.681583317
NOSTRIN,0.017948044
SMIM6,0.875888765
C9ORF152,0.954127197
SELENBP1,0.49502638
C1ORF116,0.012030897
SLC44A4,0.225146581
SLC16A4,0.806080517
NKX2-1,0.037810867
LRRN4,1.55E-05
LPCAT1,3.67E-05
CADPS2,2.67E-06
DPCR1,0.58461857
KCNQ3,0.000132616
CD2AP,0.249128357
GGTLC1,0.000719792
ERBB3,0.090094236
TMEM150A,0.044312041
ACMSD,0.590449767
HID1,0.064855031
FOLR1,0.588646148
IYD,0.897695718
DPP4,3.01E-08
CDKL2,0.000528036
SUCLG2,0.24114792
MUC21,0.023435969
HSD17B11,8.48E-06
GLB1L3,0.016849391
GLOD5,0.075529358
TMEM233,1.08E-05
MGRN1,1.94E-05
GPR39,0.156397398
ADGRD1,0.164818939
ABCC6,0.00034996
SHE,0.002524376
REG4,0.921442429
TNFRSF10C,0.004660731
HOPX,0.167557154
MFSD4A,0.005123504
TESC,0.036057829
MUC5AC,0.356099703
SLC26A9,0.677188787
ASAH1,8.71E-07
GAL3ST1,0.320088706
RNASE1,1.66E-08
SORBS2,0.313624414
RGL3,0.174991738
GALM,7.24E-10
STK32A,1.56E-05
CDH17,0.142666424
B3GNT7,0.001563989
CDH15,0.335661631
FAM107B,1.71E-05
TMPRSS6,0.497760637
RHOBTB2,0.170415548
QSOX1,0.012109148
CAPN9,0.210355232
ERGIC1,0.016892076
ZDHHC9,0.563293251
MUC6,0.192682577
CISH,2.99E-12
NAPSA,7.99E-05
PPP1R14D,0.043518184
CCDC125,0.078565798
C10ORF95,0.010313842
SULT1C2,0.01839211
HABP2,0.028248256
TPCN1,7.81E-08
ALPK3,0.097303303
ANKS4B,0.056871962
SFTA3,0.055763072
PLCH1,0.065313655
TNNC2,0.025267769
PIGR,0.031022909
FAM177B,0.731663821
FCHO2,8.74E-14
TFF1,0.304316884
SHISA3,0.021197536
SGMS2,2.10E-14
C1ORF210,0.063550138
CCNJL,5.05E-05
EFCAB2,0.626314306
SNTB1,0.000995095
DIO1,0.041397311
EMB,1.55E-16
ICA1,0.07632654
LMO3,0.000241244
FAM13A,0.227678223
LIMCH1,0.006376654
RAB27A,4.07E-17
MMP15,0.369900216
MACC1,2.45E-05
VSTM2L,0.096381467
CABP4,0.304495864
ENPP4,0.000640905
ZNF19,0.506910294
ATP8A1,0.049354202
TMEM92,0.11298079
ACAD8,0.00893149
CEACAM6,0.000272473
AK1,0.004879712
LRRC31,0.006545789
RBPMS,0.000331212
SYNE1,2.86E-32
LTA4H,5.74E-05
CPM,0.000107563
EPHA10,6.90E-05
SLC4A4,0.000381326
TDRD10,0.194517327
ATOH8,0.601197956
COL25A1,0.000156459
OAZ3,0.458399781
KIF13B,0.017820318
SHROOM3,0.246197457
NEK6,4.45E-21
KDR,7.71E-08
TMEM62,0.401612473
TTC39A,0.025601802
PLA2G2C,1.96E-05
MFSD7,4.57E-13
GPD1L,0.229808342
SLC34A2,1.46E-10
IL6ST,1.44E-21
CHIA,0.649507003
ELFN2,2.46E-06
TMEM163,0.492378115
CRACR2B,0.081320105
ARMC9,0.053705718
NCMAP,0.002375678
CD63,1.38E-06
FNIP2,2.13E-09
MSLN,0.298082789
ZNF69,0.000625663
JADE1,0.219132208
GALNT10,4.42E-16
MYO5C,0.882686474
DRAM1,2.75E-11
BPIFA2,0.01149558
STEAP4,8.45E-06
TJP3,0.769090957
TMEM59L,0.048692932
FAM105A,0.88015973
FSCN2,0.076642441
ARSD,0.135943373
PNKD,0.442098564
TNFSF15,0.064560913
CAPN5,0.203753379
NRP1,1.84E-30
SLC14A2,0.002835012
CLDN23,0.012131502
ABCC3,0.120612429
RHOU,0.420603941
MGLL,7.50E-12
PLEKHA6,0.561901512
AGR2,0.060402878
DNALI1,0.629677496
HSD17B6,0.000626275
RASEF,0.432915242
SUSD2,0.006971588
ANG,0.670664868
CACNA1D,0.5398563
HPN,0.19320487
FXYD4,0.00339371
GOLT1A,0.963289799
CACFD1,0.324235711
MVP,4.55E-10
RNASE4,0.001799838
FAXDC2,1.07E-06
FOXA2,0.912953684
STS,5.32E-11
RAB17,0.743259574
AQP5,0.867042157
SLAIN1,0.446881827
C11ORF54,0.127807158
EPOR,0.395203313
WFDC3,0.002632347
IGFALS,0.929944564
ENAM,0.715214843
FUCA1,3.09E-24
CCPG1,7.76E-10
PON2,0.001557261
UPK3A,0.753210927
PIP5KL1,0.211321647
COL4A3,1.62E-05
RASD1,0.036581992
CLIC6,0.594337978
TSPAN8,0.685976873
RPH3AL,0.131411126
CIT,0.104715865
TSPAN12,0.220751363
EPB41L5,0.047398864
CLDN3,0.641024988
SPDEF,0.47346469
CRYM,0.702134295
UNC13B,0.498506569
ABHD14A,0.500333998
OVGP1,0.077462394
FBP1,3.78E-23
WFDC13,0.01019648
CLDN6,0.839517848
IQCD,0.17115627
NMNAT2,0.001381232
LLGL2,0.001739856
LGSN,0.163612368
SMIM1,0.964804497
HNMT,2.82E-29
HPGD,0.597696659
UBXN10,0.000556339
CITED2,2.55E-07
SLC5A2,0.074240511
B3GNT6,0.526157692
PTPRE,4.22E-10
BEAN1,1.69E-06
CEACAM8,0.012874491
WFDC10B,0.005667349
SH3BGRL2,0.368780947
GDPD1,0.319375447
CREB3L1,0.119536992
CHDH,0.136754753
TLE6,0.057318468
DLC1,4.49E-10
CABLES1,0.269090085
XKRX,0.000465706
KPNA7,0.13870028
FAM149A,0.638630362
PBXIP1,0.238336357
ALDOB,0.738426625
PBLD,0.281050038
CFAP221,1.69E-08
CCDC68,3.57E-06
NINJ2,1.50E-06
CD302,5.34E-15
TMEM82,0.707248161
DOK4,0.012150415
ESYT3,0.062154247
SLC44A3,0.66986704
ACBD4,0.063981223
SLC43A3,2.04E-11
FHOD1,1.59E-09
PRSS8,0.495032665
SNX25,3.95E-05
TMPRSS2,0.002356211
TMEM144,1.00E-04
MAGI3,0.001624951
AGR3,0.021640315
GPRC5A,0.168717041
CACNA2D2,0.2109753
FABP3,1.80E-07
ME3,1.78E-07
INSL4,0.24988247
MAP1LC3C,3.62E-12
RNF148,0.002258197
SLC46A2,0.035372019
RAB19,0.012274444
CLRN3,0.928821758
RASSF7,0.161328949
AOC1,0.108138318
ACHE,0.191804682
RPGRIP1,0.293650031
ENPP5,0.05856973
NDNF,5.45E-10
TAC4,0.964909986
HECW2,4.87E-08
MUC5B,0.790212615
PCDHAC1,0.010895645
PAG1,2.60E-25
SLC26A8,0.093265755
TRPM8,0.453238855
SLC37A1,0.252107784
TNFSF13,2.58E-30
CRLF1,0.018635473
TSPAN4,4.71E-30
TFPI2,0.20730397
RLN3,0.298825073
AL163636.2,0.012754024
NPC2,7.63E-07
DPYSL2,8.30E-23
KLHDC7A,0.008858842
RAP1GAP,0.016054299
ALPPL2,0.817950555
RNF133,0.006295235
ANKDD1B,0.034782901
SIGIRR,0.411516118
MISP,0.66603318
GREM2,0.416170036
TRAM1,2.61E-09
C8ORF4,0.865846582
DMGDH,0.585103237
NR0B2,0.557755317
LRRC20,0.892097505
FMN1,1.16E-08
GRAMD2A,0.231451437
CRIP1,4.18E-11
PLA2G1B,0.531466915
TREM1,2.21E-05
CYB5A,0.015212953
LINGO4,0.56464351
CYP4V2,2.56E-12
SLC6A20,0.001890658
ACOXL,0.000302478
MS4A15,0.521054278
MYRF,0.074317793
UNC5CL,0.214068274
SLC16A12,0.923425599
ZNF254,0.505965035
EPS8L3,0.927082909
TMEM229A,0.385379112
CRLF2,4.68E-14
MAJIN,0.026317754
PAM,6.50E-08
C4BPA,0.001867867
SCGB3A1,0.08912708
RAB20,0.004954807
HNF4A,0.318259449
SPTB,0.000300008
SMIM22,0.73485238
CPB2,0.122528052
SNX30,0.000383867
ARFGEF3,0.051336908
WWC1,0.067024325
DUSP4,0.136590808
SH2D4A,0.531957793
MYBPH,0.378069098
AGPAT2,0.755291501
TSPAN15,5.49E-05
WSB1,0.89323066
HOXD1,0.008164513
NLRP12,8.40E-14
PLA2G12B,0.097312274
PYROXD2,0.835011593
ERRFI1,0.037744504
TMEM27,0.0063361
EPDR1,0.000534438
TSPAN13,0.49401602
TOX3,0.127367237
SCTR,9.54E-05
SEMA4G,0.055790281
SYTL3,1.52E-09
GJB1,0.550766315
ACSM3,0.1532629
CFI,2.02E-10
PCDHAC2,0.018420541
HKDC1,0.142716688
SHROOM1,0.079809566
DISP1,0.002522518
NT5C1A,0.275128521
CFAP99,0.039914918
SECISBP2L,0.454965395
BHMT2,0.39947076
ITGA9,7.28E-12
CELF2,3.74E-30
NFE2,0.065287913
ORM2,0.855339495
PON3,0.019649187
DDIT4L,0.657058237
GLTPD2,0.029983339
SNED1,4.51E-14
SLC7A2,0.001232344
CLEC19A,0.075217444
MAGIX,0.007736052
SLC39A8,2.09E-25
GALNT12,0.266714866
PPP1R9A,0.20500061
WFDC2,0.286060147
TMEM45B,0.533504712
GPR35,0.744791206
SEC14L6,4.71E-05
PLEKHB1,0.228679841
ASB11,0.90806072
TCEA3,0.022086644
AZU1,0.015697461
PALM3,0.953182817
MYRIP,0.08191682
TGFBR2,4.72E-45
SLC28A2,0.038243055
STXBP1,0.210087907
FAM174B,0.004853722
ZMYND12,0.159073203
GLB1L2,0.775823023
BSPRY,0.929200212
TRNP1,0.429506045
UCN3,0.985423728
C11ORF86,0.030903651
ARHGAP44,0.000366105
PLXND1,1.16E-18
SYTL2,3.28E-14
DNAJB13,0.070054631
ERN2,0.741221399
ATAD3C,0.225186922
LIPH,0.205609612
TNS2,5.68E-11
PRDM16,0.428672119
STUM,0.000257639
GKN2,0.023510806
CDC42BPA,0.146540747
DNAAF4,0.051888997
PDE4D,0.228469115
FAM46A,0.3152107
COL4A4,8.68E-08
PLS1,0.231748791
PTPRN2,0.392378651
GALE,0.096056114
DAAM2,0.001478211
SPATA6L,0.325218231
RAB37,4.44E-10
SFTPB,0.745175122
MSANTD1,0.266468582
RTN4RL2,0.257495903
SULT1A2,0.863954978
TDRKH,0.864998219
LRRC26,0.063441302
FN3K,1.53E-06
KBTBD11,0.409747097
TMEM130,0.169891638
GCNT3,0.917258343
HLA-DMA,2.49E-59
FAM47E,0.070710077
FOXA3,0.080921748
GGTLC2,1.09E-07
CATSPER1,2.57E-13
KHDRBS2,0.051904525
ELANE,0.001516987
SPNS2,0.012557185
MEF2C,1.33E-63
PHACTR3,0.519013885
ALOX15B,0.085138461
TRIM34,2.92E-17
SGPP1,1.46E-05
NR3C2,2.92E-05
SIAE,0.065543155
GPRC5C,0.000915164
MSLNL,0.840636523
ALDH2,3.22E-05
SERPINA4,0.23174968
DLL4,2.89E-13
ADGRE5,7.34E-34
DEPTOR,0.070673691
FA2H,0.020772996
CYSTM1,0.077708266
IPCEF1,4.30E-05
TLE2,0.934421832
USP27X,0.082342056
CTSE,4.98E-05
SCN7A,6.64E-33
DNAH2,0.311676418
KRT18,0.073240527
SLC6A3,0.630798171
DOCK5,0.61241067
TM4SF18,7.36E-16
ERBB2,0.528609838
EFNA5,0.272017447
MGAT4A,2.48E-17
MUC22,0.004710606
MEGF11,0.495906689
RGN,0.001718114
INHA,0.03156246
IHH,0.516597098
ZNF710,0.093352722
C5AR2,0.616723753
LRRC36,1.63E-05
SMIM31,0.140859114
BCO1,0.100192071
OIT3,0.013507724
CRYZ,0.132358492
NSUN7,0.063050374
PGM5,4.56E-11
UGT2B15,0.694245365
LRP2BP,3.96E-05
QPRT,0.99000778
ARHGDIB,2.70E-62
NPAS3,0.038144948
LPL,0.306816634
CARNS1,0.046629819
ATP10A,1.12E-26
TOR4A,8.68E-07
NME5,2.12E-07
CATSPERB,0.315379212
RMDN2,0.000629682
DCDC2,0.358395909
VEPH1,5.24E-10
LRP2,0.471644974
TLR3,1.76E-19
FAIM2,0.649891824
SNX21,0.000976174
SCARF1,8.85E-35
C1QL2,0.841159682
GDF15,0.629772342
CLIC5,7.91E-13
COBL,0.00064219
FGFRL1,0.409764698
PDE1C,0.887152616
RFTN1,7.55E-15
ZNF486,0.092684479
LRRC66,0.944728825
FAM227A,0.790817346
RASA4,0.000762033
CXCL17,0.108724035
PRR29,2.29E-07
SLC46A3,3.18E-12
SLC22A18AS,0.026800826
ITPKA,0.002798459
KCNG2,0.191356342
CA13,0.044505394
FZD4,6.42E-06
PLA1A,4.60E-05
SCGB2A1,0.779518055
CDHR2,0.602743381
FYB2,0.537787715
VSIG2,0.73872407
PRG4,0.023663565
ARHGAP42,7.31E-08
USP44,0.010406677
TEKT5,0.888587947
CFB,1.85E-11
ABCB4,0.538029021
CLCF1,0.00286628
NRAP,0.524230431
SLC4A5,0.43030974
RGS17,0.046736214
VAMP5,3.73E-10
PDK4,0.002497656
SMPD3,0.232873059
CTSH,9.79E-09
HLA-DQB2,4.24E-13
ESAM,4.50E-21
PIFO,0.00300865
FAM184A,0.216568973
GPA33,0.449982912
TFPI,2.74E-05
SCGB3A2,0.724368943
PDE4C,0.026001715
DNAH5,0.140026965
AQP6,0.944105084
LTK,0.053881578
ACSF2,0.005264701
KLF2,1.61E-19
SLC13A2,0.627059005
BPIFA1,0.249270549
FAM84B,0.709042581
CPAMD8,0.093099677
RND1,0.233037698
GNG11,1.58E-10
DPY19L1,0.00033038
TRABD2A,1.17E-12
NR2F1,3.01E-13
FAM221B,0.412658266
ADGRF1,5.93E-05
FLVCR2,5.09E-40
TREH,0.595193123
KCNQ1,0.046136651
KCTD14,0.00712364
PRTG,0.545495127
DAPK1,0.003603896
AMY2B,0.175347862
DTX4,2.39E-05
GRK1,0.011173774
SPATA6,0.013302868
CXXC5,1.14E-05
PRR26,0.030545717
C4B,5.18E-13
HSH2D,3.99E-26
TBX15,0.052647042
C3,7.88E-17
RHOF,4.59E-05
SPNS3,3.78E-31
SGSM1,0.032250531
RHOB,0.637597803
GRB14,0.00794038
C2CD4D,4.15E-06
PPP1R1B,0.240758362
AP000781.2,8.52E-05
HHATL,0.209460004
RARRES3,6.78E-19
ZMAT1,9.83E-05
C2,4.63E-08
AMHR2,0.012013599
KNDC1,0.180690006
SLC1A1,1.16E-08
DRGX,0.000872388
TDRD1,0.121050912
INMT,5.90E-21
CACNB1,0.62909826
KRTAP5-1,0.002796492
ADRA2A,0.187584256
PARM1,0.233024425
CLIC2,2.78E-23
ARHGAP29,5.90E-06
ZSWIM5,0.195376786
IRX5,0.005042975
TNXB,2.70E-14
C8B,0.355004594
CRIP2,0.000627516
TBC1D30,2.19E-06
ACY3,0.009525132
DNAJC22,0.757773544
SLC22A3,0.000145557
ARHGAP40,0.269964833
PRR32,0.25127431
SPINK14,0.763949257
TMEM236,3.92E-47
AC010616.1,7.83E-07
GLCCI1,0.015268889
C17ORF50,0.016994
CCDC183,1.37E-07
CIDEC,0.279268299
CYP4B1,0.04979136
GADD45G,0.04127084
FAM20A,4.24E-21
GPRIN3,4.29E-38
FRMD5,0.001055547
FBXO16,0.063445217
STARD10,0.000205268
CKMT2,0.019415143
CCDC40,0.410565662
RAMP1,0.064558139
CADM1,0.00147829
ZNF540,3.90E-09
GLS,1.34E-08
SPRY4,0.004715073
NR1H4,0.756322535
MISP3,0.263020867
S100A4,5.10E-09
KIAA0408,2.60E-05
GK,0.005973041
KLHL30,0.619600248
BATF,6.04E-17
A2M,3.71E-46
SRCIN1,0.001849363
EFCC1,2.66E-09
ICAM1,1.22E-24
LPA,0.000316171
CGNL1,6.44E-16
DUSP6,0.003033087
SLFN13,0.328155348
SLC12A2,0.357104264
CHAD,0.679537412
LHCGR,0.952514571
RIIAD1,0.553869232
HPGDS,1.38E-54
ZG16,0.312362783
PDZD3,0.659401087
NYAP2,0.001366523
ADORA1,2.15E-05
TTC21A,1.35E-05
ERICH2,0.368499824
TC2N,0.635497457
TXNIP,8.19E-29
CLDN9,0.286320895
CLDN18,0.000302462
GLRX,5.92E-17
EPCAM,3.56E-10
FGF18,0.260539453
MFSD6L,0.017276588
PLA2G16,0.482515287
OPN3,0.510178949
ZNF493,0.014640615
PTPRB,3.04E-21
SCNN1B,0.900274202
PCDHA12,0.002035349
PGGHG,0.86061529
ZNF385B,0.002034281
HNF4G,0.907822306
SPIRE2,3.55E-08
PCDH1,0.081020177
HTR3A,0.778209698
C8ORF34,5.39E-06
TNNC1,2.86E-09
C7ORF57,0.001081029
TTLL6,0.666964383
SCNN1A,2.37E-05
LFNG,0.559974858
CDHR5,0.521571847
SBK3,0.426653896
RAB15,0.013237768
LCT,0.86108738
PHGR1,0.840003965
AATK,0.19701792
PSG5,0.128124022
VILL,0.130758251
XAGE1B,0.143193251
ENO3,1.17E-08
MUC13,0.073304799
KRT7,0.041798746
AZGP1,0.242392957
FOXJ1,0.194689888
ALDH1A2,0.13521792
CD1C,1.33E-36
PCSK2,0.018911521
DNAH7,0.015232505
AQP1,9.32E-10
ZNF626,0.00541356
WFDC5,0.150834711
PTGER2,3.09E-18
PRODH,0.500484739
MALL,0.132211346
BHLHA15,0.552729194
TMEM105,0.05816907
BAIAP3,0.921439888
TSPAN11,0.725192246
ROS1,1.46E-10
CD1E,7.07E-29
LEFTY2,5.36E-06
SLC16A7,5.13E-05
TRPC6,0.120571744
HNF1A,0.004675705
RCAN2,1.86E-10
GLIS3,2.09E-09
MICAL2,1.80E-27
SORBS1,1.10E-23
KCNN4,7.45E-10
ABCA3,1.77E-09
RETN,3.02E-10
PRR36,1.01E-07
HORMAD2,0.124156675
ARX,0.937987578
SCN4A,0.140523466
ASRGL1,0.511705986
ITGA10,0.000249826
FAM189A2,9.54E-05
STK33,0.913548117
SHROOM4,7.05E-17
SLC7A10,0.480736935
GABBR2,0.263017309
CRYGN,0.01013605
C1QTNF7,5.83E-31
RHPN1,0.006562363
ESR1,2.62E-05
ACKR2,0.150425404
SEMA3B,0.005125285
MUC17,0.836900704
TMEM252,0.327387583
EDA2R,0.000204895
ADAM29,0.098995644
CXXC4,2.50E-07
WDR64,1.26E-10
CSF2RA,5.79E-78
CFAP45,0.075132867
MYO1A,0.473232558
FER1L5,0.304349766
VASN,7.39E-19
SDR16C5,0.000565498
SERPIND1,0.00035486
EIF4E1B,0.991484979
ARHGAP20,1.40E-14
CATIP,0.003277173
GCKR,0.667585982
AC068580.4,0.0016946
TAF1L,0.201141666
TMEM56,0.642834387
CYSLTR1,4.34E-32
ASPHD1,0.650453657
MKRN2OS,0.845969172
GIPR,0.002886196
C8ORF46,0.051302393
MYO1G,9.89E-21
S100P,0.001465149
GRAMD1B,0.965816515
ZNF90,0.241780469
ZFP2,7.31E-06
MILR1,1.47E-76
ITGB3,9.01E-08
NRGN,2.45E-05
PTPN22,7.15E-86
REN,0.002022721
MNX1,0.000548572
IRX3,0.007511083
ORM1,0.45566585
CD74,1.29E-99
CEACAM5,0.580797287
SYBU,0.110531566
SCEL,0.326764417
CYFIP2,2.23E-11
ERP27,0.304940063
KCNC2,0.061535032
HTR2B,0.548769222
ZBTB16,0.00155705
FILIP1,0.000410161
SCN1B,0.017584081
ATP1B1,4.45E-07
TDRD9,0.254739725
ROR1,8.94E-31
FBLN5,5.15E-10
KIAA1211L,0.053345753
MROH6,0.794994891
SYT7,0.000841806
PLD5,0.000734396
AC243967.1,0.034522592
SLC3A1,0.397307702
AGRP,2.41E-18
KISS1R,0.46085109
EFR3B,0.695725249
HLA-DPB1,1.01E-105
ITGA8,1.53E-36
C11ORF52,0.053840816
NT5E,3.94E-08
FFAR4,2.88E-19
GALNTL6,0.022994891
FAM81B,0.000201142
C1ORF228,7.05E-10
NPR1,1.10E-12
CX3CR1,5.62E-31
HCN1,0.347405221
EMCN,2.97E-19
XAGE1A,0.000758862
CYP21A2,0.30458378
IL12B,0.04223346
HLA-DPA1,7.22E-105
10-Mar,0.177723876
PLA2G4A,0.002483269
LRRK2,9.77E-13
SYT12,1.08E-05
RASGRF1,0.002008335
PPIL6,9.93E-05
MRC1,1.25E-66
NPFFR1,0.291413417
BCAS1,0.043341895
TCF21,8.04E-21
PRUNE2,0.031415597
EVA1A,8.31E-14
PCDHA10,0.109388147
NOG,0.000946843
KCNE4,0.413747503
CCDC129,0.779244222
C4ORF48,0.13409841
C4A,9.32E-12
MGP,4.14E-25
MCEMP1,1.89E-19
AL845331.2,0.174752818
SLC4A8,0.833803901
ZFHX2,0.553522064
CCDC160,0.464087898
CCR10,0.576378329
CLEC3B,1.29E-08
FCGBP,4.17E-14
NEK5,0.010330266
HHIPL2,0.386832588
VWA5B1,0.027962994
TMEM132D,0.604974716
SFTPD,1.82E-07
ANO5,0.045328355
KBTBD12,0.737643132
REEP6,0.467877605
AC106782.1,0.190631199
FAM83E,0.003447167
CLPSL2,0.006857963
VIL1,0.004006857
LGALS12,0.00053798
SLC5A9,0.017133904
CEACAM1,0.004820941
PEBP4,0.051245318
PRTN3,0.304844601
HLA-DQB1,3.64E-65
HLA-DRB5,1.66E-51
CCR9,6.19E-07
MRGPRE,0.847370669
AQP2,0.177891102
UBQLNL,0.19398594
PREX2,5.86E-18
DAW1,0.002812355
SRPK3,0.000516202
GPR171,1.67E-11
KCNA3,2.90E-39
C2ORF50,0.220318747
GGT1,0.035089985
B3GNT3,0.397207372
C6ORF222,0.000915746
SHC3,5.73E-10
MIOX,0.42140604
ACSM1,0.000491996
F5,0.085398371
NR1I2,0.978409478
NNMT,1.70E-08
LRRC52,0.104682419
C9ORF135,0.207252452
PDE3A,0.761859127
HLA-DRB1,1.74E-90
NOTO,0.549457863
WDR86,0.135954773
VWA2,0.135104701
SLC6A14,3.30E-07
MST1R,0.008927931
TFCP2L1,0.00060449
MESP1,0.000891425
CCL15,0.485202807
FAM47E-STBD1,0.094310458
FCER1A,1.03E-16
MCCD1,0.572030107
AOX1,1.14E-05
TTC25,0.041150788
STPG3,0.000109466
CSF3R,1.87E-08
TMEM213,0.635770519
TGM2,1.06E-40
RGS7BP,0.182291001
ZNF737,0.006777296
ANKRD55,8.61E-14
SPTLC3,6.37E-07
AC010547.5,0.013065267
GOLGA7B,0.757969946
FRMPD3,0.872443773
RXFP2,1.94E-05
LMOD3,6.12E-12
ATP13A4,0.000167862
GPD1,2.08E-13
CCDC170,9.43E-15
SLC17A9,0.013967686
PCDHA13,0.260606421
MACROD2,0.000165892
RAB27B,0.012952382
PCDHGA2,0.017749221
GEM,0.0010483
ASB9,0.240044099
MYLK3,0.633819558
SCARA5,0.069662718
HSPB7,4.14E-18
CSF2,4.23E-11
LINC00694,0.005188167
ITLN1,0.050509704
ZNF117,0.298088938
WDR78,2.56E-06
C5ORF49,0.01137366
GPR160,0.219233209
RNF224,0.383347263
SYNE4,0.359130967
ADRA1B,0.001247744
PHYHD1,0.889876136
FAM9B,0.96831371
CD207,1.27E-06
CCL13,6.52E-29
GSTA2,0.912401618
RBPMS2,0.028271317
CCDC13,5.01E-07
FAM166A,0.011568684
KSR2,0.081680011
MET,0.007023492
GDF10,2.70E-07
CASC1,0.003257457
ARMC3,0.000362116
MYOCD,1.72E-14
WDFY4,3.00E-20
SPX,0.228134132
ST6GALNAC1,0.008474407
CCL17,3.32E-19
IFITM5,0.334940671
SLC6A18,0.528111803
LRRC6,0.047586893
BMP5,0.02614578
WFDC11,0.035634032
BIRC7,0.000961592
ZNF835,6.64E-06
B3GNT8,0.210770057
KLHL35,0.431773573
TNMD,0.40027148
EYS,0.047683732
FAM71D,0.000312479
PCDHA11,0.109861289
T,0.762264584
CDC20B,0.172936618
AMIGO2,1.69E-05
LRCOL1,0.000731095
NOS3,0.718993238
P2RY6,1.05E-08
ANPEP,0.553497711
ADH1B,1.25E-25
VIPR2,0.535223606
FPGT-TNNI3K,0.171574331
NR4A2,0.881052909
FCN1,1.75E-37
VWA3B,0.002483512
TNFSF14,1.03E-18
CNTN6,1.03E-09
PLEKHS1,0.012898713
MYOZ1,0.136569385
FOXB1,0.439982135
WFDC10A,0.153924055
PBOV1,0.680279751
FHL5,3.54E-30
TRIM50,0.137391869
LRRIQ4,0.056767065
NBEA,0.088017312
CYP8B1,0.367248253
C19ORF18,0.576509425
HPCAL4,0.812496747
PLD4,3.24E-57
FCRL6,7.24E-28
LAIR2,0.796700034
ALKAL1,0.485407947
LILRA2,0.890611425
B3GALT2,0.83969098
CLIC3,0.455241115
HYAL1,0.750128555
CA10,0.259846492
GAS2L2,0.000333483
TRIM36,0.939697429
RP1,0.000257196
SPINT4,0.000890936
C10ORF107,3.08E-06
ADAMTS8,3.19E-22
ASPA,1.10E-27
CEACAM4,1.45E-25
HRC,0.854583009
GPR12,0.893388492
ERBB4,0.019919547
MYMX,0.365209888
PRSS45,0.00449571
KIAA1324,6.09E-07
DNAH12,0.003835303
SAMD11,0.198105267
CAV3,3.25E-06
ANKFN1,0.165142435
CASR,0.294345143
SLC5A8,0.022210487
EFCAB12,0.01375907
COLEC12,6.60E-53
TAS1R1,0.050021062
CCDC173,0.005037108
CYP3A5,0.725707739
STMND1,0.02135074
BTC,0.378887158
CD40LG,4.17E-90
PCDHGA8,0.727860167
TCTEX1D4,0.000307434
SLC10A2,0.27752641
KLF15,0.035290029
FBXL16,0.919956064
VSX1,0.153381223
CFAP43,0.000648083
TTC6,1.45E-06
SFTPA1,1.72E-11
C1QL3,0.011634102
KCNK17,0.026933792
CELF5,0.194105155
NRK,0.084907491
SCIN,0.004794788
ABCA8,2.12E-19
FIGNL2,0.826203988
NKAIN3,0.1793724
TFF2,0.81861569
LMO7DN,0.000663692
ANKRD36C,0.320966738
PPBP,0.002686514
PRSS46,0.119560094
OR10AD1,0.058470432
AL928654.4,0.000189109
CD164L2,0.0517716
CFTR,0.000108381
GPIHBP1,1.15E-15
RSPH1,0.000923014
DNAH11,0.065567086
MYO7B,0.135778998
KLHL32,0.804691469
IZUMO2,0.016666708
NPW,0.008565501
APOBEC1,0.970570771
C10ORF142,3.50E-07
RS1,0.165319686
RHCE,0.912098124
HCAR1,0.037320895
DOK5,3.46E-13
CSPG5,0.559876685
TTLL2,0.840264098
PROC,0.005720549
SYNDIG1L,1.75E-06
EREG,2.75E-05
EFHB,0.000290729
WDR87,0.911148473
CD1B,3.09E-35
LDLRAD1,0.091483375
KCNK15,0.910572169
ZMYND10,0.000144223
SEC14L3,0.014848745
RSPO3,0.90804615
HYDIN,0.000926454
TTLL9,0.000214246
SLC34A3,0.498930647
NLRP8,0.078636965
KIF19,0.471636808
AMY1B,0.270514615
OCM,0.002493646
STPG4,0.243427351
RPE65,0.125163176
CNTD2,0.809769166
ANGPTL5,1.46E-15
CCDC114,0.23556523
SPEF1,0.003605821
MEPE,0.224726571
SLC15A5,0.753693537
LIF,0.216548731
C6,9.92E-05
SPACA4,0.001091749
CROCC2,0.013805651
TMPRSS3,0.056102321
IP6K3,0.785271697
SRD5A2,0.003202318
AVPR1B,0.653679536
ANKRD45,0.430460588
CAPN13,0.492654284
RRAD,2.04E-15
AC097372.1,0.000172795
HTR4,0.145739899
AFF3,0.00358879
SMIM24,0.829207877
CNTN3,4.08E-05
BPIFB4,0.71228449
ALPL,0.000460796
TOGARAM2,6.59E-06
KIR3DX1,0.393721709
PCDHA7,0.38675876
CD1A,8.30E-12
SFTPA2,1.81E-11
SLC26A4,0.332247675
C16ORF96,0.888731286
GPRIN2,0.073757535
UGT2B11,0.36026984
BRINP1,0.008561328
SCUBE1,0.561967671
PF4,0.016351886
MCIDAS,0.001624982
ALPP,0.553479757
TMEM100,1.74E-11
CCDC181,0.783833359
MMP28,0.002143911
AQP4,5.23E-12
EDDM3A,0.616262116
TTC16,1.27E-10
OR10G2,0.859894752
ART1,0.729259781
TEKT2,0.08285808
FLRT3,1.56E-05
AP004243.1,0.76397758
SCN1A,5.62E-11
GCM1,0.787313375
CXCL2,9.52E-12
CCL23,1.95E-51
CYS1,0.003251638
MAGEC3,0.447426961
GGTLC3,2.87E-05
DNAH10,0.011351467
PRG2,0.029473065
DRC7,0.003260551
GRM6,0.06908985
LRRC10B,0.366080878
SLC5A5,0.294043947
VWA3A,0.001203028
CFAP73,0.000401753
HP,0.458269484
GP9,0.043406043
IL4,0.057188999
MARCO,3.18E-41
SLC16A14,1.17E-06
S100B,9.78E-31
DNAAF1,0.000754964
HHIP,7.15E-05
LRRC46,0.010859192
KIT,0.008021317
CHRDL1,2.40E-14
CDH20,3.05E-05
ZNF676,0.70760506
WDR63,9.86E-05
SORCS2,0.000247418
KCNJ1,0.721688185
VEGFD,3.00E-14
SELE,1.42E-11
DMBT1,3.63E-06
CDA,0.000135351
OGN,1.17E-05
TMEM210,0.105414919
AC026464.1,0.034772295
MUC15,0.485547109
GABRB2,0.969294145
MUC16,0.164652289
TMEM139,0.070446011
HMGCS2,0.088642609
PRMT8,0.02316416
PRH2,0.316960457
CA1,0.752688272
TRIM55,0.000138273
CRB1,0.935142765
MYRFL,0.729733103
DUSP13,0.884891214
NEK10,0.006910712
MAP3K19,6.95E-05
SLC17A3,0.627593738
KCNMB4,0.240481039
CCL14,1.29E-36
CFAP46,0.003522397
SPACA3,0.032247416
CFAP65,0.000997953
OR52N2,0.406421173
SUN3,0.990114947
FUT9,0.636554767
AGER,4.05E-14
GDF5,1.44E-08
NCBP2L,0.278689235
LRRC74B,0.003347516
ADH6,0.038935517
SLC22A25,0.372068043
RSPH4A,0.000257937
MTNR1A,0.120676643
CA3,1.23E-08
TFAP2D,0.462191367
MALRD1,0.391169938
PIWIL3,0.727814975
THBS4,0.285883973
CFAP100,0.010000467
PROM1,0.414897529
OXT,0.509659608
COMP,4.66E-19
CDHR3,0.980876598
LRRIQ1,0.003682836
GLRA3,0.957223355
CFAP52,0.001468133
DGAT2L6,0.001223962
LRRC19,0.500493215
FAM3B,0.000632346
SPAG6,7.87E-05
RIMS1,0.854797546
SEMA3E,0.637055729
RGS22,2.46E-07
POU5F2,0.040279532
ADGB,0.000135492
IL2,1.01E-47
LHFPL4,0.156501453
TEX49,0.656119697
CNMD,0.956302619
MAATS1,0.002180157
CHI3L2,7.97E-06
CITED1,0.616035814
CTXND1,0.32970617
AL645941.2,8.04E-57
KIF25,0.154857408
RNF212,0.216474594
PRB2,0.123488863
DNAH9,0.001909639
LRRC3C,0.896614108
LONRF2,0.000180413
CDR1,0.000646566
CA4,9.83E-08
C18ORF63,0.004059085
AMY1A,0.023276954
CST6,9.94E-08
C6ORF229,0.001387941
LRRC18,8.55E-08
SLC7A3,0.109954896
C7,4.66E-30
EEF1A2,0.342852428
ENKUR,1.65E-05
ZNF728,0.211153062
C1ORF194,0.005300409
GJC3,0.050604604
RLBP1,0.539197183
DCDC2B,6.36E-05
NMUR2,0.995105791
SFTPC,7.13E-11
C8ORF74,0.918407456
DES,4.39E-16
C2ORF73,0.005763236
C5ORF47,0.200621139
RXFP4,0.211619561
TEPP,0.626970234
TCP11,0.250936559
WFDC8,0.741593345
CLEC4F,1.51E-05
DNAI1,0.001593051
PRSS57,0.001180306
FAM216B,9.20E-07
FRMPD2,0.381656214
KIAA2012,0.000684691
PCDHGB4,0.508238902
PLCXD3,0.025797365
PRND,2.14E-11
TCN1,0.236553248
PZP,0.016379774
SNTN,4.23E-05
CWH43,0.555897375
DYNLRB2,0.000274337
MYH2,0.17790039
BTG4,0.008804247
APOD,0.21164614
ZPBP2,0.47784548
GAS2,0.054860182
Z84492.1,0.831047426
IQCF6,0.459736818
SSX5,0.468467906
ZNF208,0.390206066
CHIT1,7.88E-27
AREG,3.18E-05
ZNF99,0.22246484
REG1A,0.348420569
CNGA4,0.001329946
INMT-MINDY4,1.42E-15
CFAP77,0.000629519
ZBBX,0.000198071
SOHLH2,0.045344017
CCDC33,0.001260792
HBA1,5.32E-06
TEX101,0.042645689
TUBA4B,0.000198107
AC008763.3,2.39E-12
GIF,0.906510113
CFAP74,0.171534833
PCDHA9,0.333147606
LRRC71,0.002168673
USH1C,0.030276994
SPATA4,0.000201328
CDHR4,0.000180205
OLAH,0.848515478
MAB21L2,0.000495117
NLRP5,0.129032175
AWAT1,0.034369626
HTR1D,0.452699786
SCGB1A1,0.000261004
TEKT1,9.62E-05
PDX1,0.001504771
C4ORF22,0.000375384
CRTAC1,0.000859224
LHFPL3,0.979668437
CACNG4,0.045258407
CYP4F8,0.713551037
FAM187B,0.000792726
AC002429.2,0.581980002
HRASLS5,0.780176359
GLP1R,0.482176679
SYN3,0.105222163
ZP2,0.150746089
AGXT2,0.943867537
CD300LG,1.39E-13
FTHL17,0.051594632
BPIFB6,0.120578476
EPHA5,0.072409864
EPPIN,0.000662851
POU3F2,0.980766342
ANTXRL,0.965947257
WDR38,0.000201429
CAPSL,0.000706166
MYPN,0.22356781
NPY4R,0.002307567
CATSPERD,6.03E-06
C6ORF118,0.000260033
C3ORF30,0.91698317
BMP3,0.754124238
AP003419.2,0.012529238
DNAI2,0.00036377
KRT20,0.39060372
CLDN10,0.063768863
AL713999.1,0.635149245
C1ORF158,0.00052474
ANKRD66,3.48E-05
APOBEC4,0.000151687
ERICH3,0.00253057
TXNDC8,0.052263476
ANKRD34B,0.320174338
TRIM63,0.123759913
CCL15-CCL14,0.026536248
MORN5,0.000172639
TMEM212,2.38E-05
FUT6,0.811347329
KCNA10,1.33E-06
C1ORF141,0.000411175
C1ORF87,0.000389863
MC2R,0.259727249
MAS1L,5.94E-15
CACNG6,0.000264338
TTC29,3.78E-05
KRTAP5-2,0.280833407
DYDC1,0.003418464
PIH1D3,2.28E-06
OPN5,0.251423908
HCRT,0.976724632
TCP10L2,0.647032952
KCNQ2,0.19060772
FMR1NB,0.643033637
NFE4,0.000475597
C11ORF97,3.02E-05
BPIFB1,0.012659211
BLID,1.60E-05
SERPINA7,0.577909356
OR4C6,0.031984904
C20ORF85,0.000131818
PIP,0.381859198
TBC1D3E,0.76269521
ZNF560,0.783947088
WFDC6,2.00E-05
XAGE3,0.084878666
MGAT4D,0.799259279
NKX6-2,0.260518633
SPATS1,1.10E-05
ADIPOQ,0.217338981
TRIM48,0.633179241
CT83,0.141556802
ATOH1,0.139857067
NLRP13,0.277940553
EPPIN-WFDC6,2.92E-05
SULT1C3,0.388723477
SLC17A2,0.525917897
ZNF729,0.08835589
MUC7,0.556254257
VGLL2,0.98905102
AC010547.4,0.7611097
SMIM21,0.753367648
GC,0.908535061
PSG11,0.253356963
OR5AU1,0.742951174
AC020914.1,0.556040767
REG1B,0.428659863
PSG1,0.261598192
PSG7,0.223423281
GNAT3,0.015950265
AC115220.1,0.270317838
LCN9,0.141739035
C14ORF105,0.177554853
TMED6,0.006240564
AGT,0.933936041
APOH,0.613426594
CPS1,0.029321652
FGA,0.018678623
SLC51B,0.809796131
HAVCR1,0.527826289
C5,0.507618536
UGT2B4,0.142044379
C4BPB,0.130985951
B3GAT1,0.054170455
AMBP,0.108775238
ITIH2,0.941467205
ALB,0.823061452
FGB,0.068300724
METTL7B,0.070370631
HAL,0.052588719
HGD,0.008681941
SLC39A5,0.474129633
FGG,0.133293186
SGK2,0.059827426
BAAT,0.159710365
SERPINA1,0.017274102
SDSL,4.63E-05
GUCA2A,0.197298561
ANKRD62,4.67E-08
CDK6,0.420616937
TM4SF5,0.384530515
VWA7,0.342164125
KLB,0.040914375
C8A,0.45816472
TINAG,0.86394204
VTN,0.694623335
TRIM31,0.816371487
ETNPPL,0.018582371
A1CF,0.313264784
ITIH4,0.077424209
IGFBP1,0.967396517
SERPINA11,0.819179499
ANO3,0.113959723
IL17RB,0.512524319
CALCR,0.398542067
PLIN5,0.239010137
CP,0.179842617
ONECUT1,0.297648734
TM4SF20,0.094798402
HPX,0.561581507
SLC17A1,0.817166341
TDRD12,0.122919805
MYOM1,0.44386928
F11,1.23E-05
AC011498.4,0.421965847
KLKB1,0.311511015
GPX3,0.001014538
HRG,0.21231407
SLC30A2,0.234487077
AHSG,0.323255719
P2RY4,0.958434802
KNG1,0.523478105
AGTR1,0.429792591
EPO,0.000543353
FAM196A,0.222314667
LRG1,0.735771043
F7,0.000518209
SYPL2,0.424525901
C9,0.092593032
GUCA2B,0.078724449
TBX21,1.31E-19
LECT2,1.36E-06
TSPO2,0.441854202
OMP,0.027543293
PLAC4,0.019668313
SLC17A4,0.728639933
CREB3L3,0.867698634
HFE2,0.558012951
C2ORF72,0.060750465
TECTB,0.327743076
MTTP,0.905552403
APOF,0.733506939
HTR1B,0.318602784
PAH,0.605485946
TRIM15,0.734087159
4-Mar,0.277328577
APOA2,0.295598648
TF,0.978661134
TRIM10,0.360523997
F2,0.557528202
TRIM40,0.744033427
ABCG8,0.001369764
CYP24A1,0.497706833
AL138826.1,0.703227829
HPR,0.000303586
MOGAT3,0.935920236
APOB,0.946071903
PCK1,0.074212219
PAQR9,0.552790215
CPN1,0.806566074
CYP4A11,0.519320781
SLC2A2,0.219857941
BECN2,0.914049007
GATA4,1.00E-05
LBP,0.819792186
G6PC,0.782635581
KAAG1,0.496984624
ALX1,2.66E-05
APOA5,0.952545084
SULT2A1,0.669548299
SLC22A7,0.009028706
VCX,0.092045872
ACOT12,0.003998588
GOT1L1,0.41340248
GCG,0.470972527
APOA4,0.01386347
CFHR5,0.793676381
FABP1,0.724031712
AC022335.1,0.815527273
TSPY1,0.939391745
TSPY10,0.829396189
TSPY2,0.429320273
FGL1,0.00826428
CALCA,0.018419083
SPP2,0.260015452
SPINK4,0.051193078
DNAJC12,0.020251885
CELF3,0.010912203
KIF12,0.273651853
NPC1L1,0.144505089
AKR7A3,0.001047938
ASCL1,0.001978705
RGS7,0.11834065
MTMR7,0.099256473
C1ORF127,0.191316204
LRRC75A,0.09441556
QPCT,0.458795228
TFF3,0.030699965
PCSK1,0.031944931
MSMB,0.055869563
TMEM72,0.674848553
FGF9,0.262546335
CALY,0.009859283
CA5A,0.082035123
ATP2A3,0.107756384
RNF186,0.003736066
HMGB3,0.00015579
CTNND2,0.009382571
OPRD1,0.032685172
ENTPD8,0.054379678
SST,0.355183501
PCP4,0.513345042
TTR,0.142688701
CCDC154,0.207947047
F10,0.016381975
CACNB2,0.23378468
DDC,0.000201154
IL17C,0.833421627
PNPLA7,0.173796842
SEC11C,0.255559784
CLCNKB,0.099908644
AC005885.1,0.65366711
CACNA1H,0.6683562
KCNK16,0.068010155
RET,0.18802044
SCN3A,0.03398995
SLC7A9,0.013301606
SSTR1,0.286517381
PPFIA2,0.000756845
C10ORF71,0.081505482
OBP2A,0.049817722
FAM135B,0.523228149
RFX4,0.03200013
THPO,1.71E-05
TENM1,0.000312689
TPSG1,0.600798629
VWA5B2,2.28E-07
RFX6,0.000333523
CYP2B6,0.251321575
MEP1A,0.477700992
PYY,0.01476422
SLC7A14,0.220709196
SLC38A8,0.027147498
LCN15,0.029275778
CLCNKA,0.120885114
HGNC:24955,0.06707189
RAB3C,0.310578145
CCDC196,0.368703478
CAMKV,1.73E-06
KCNH6,0.007810395
RTBDN,0.116093813
PPARGC1A,0.000180292
PRLHR,0.038206159
ANXA13,0.026628385
MYT1,0.127451634
RPRML,0.379964216
CHRNB2,0.000177943
INSL6,0.84605238
PAX7,0.013434201
INSM2,0.308706517
NRSN1,0.006701145
DLL3,0.008349543
SYT4,0.14587046
PRLH,0.24565828
DPP10,0.129973695
HIST1H2BA,0.453256761
SOX3,0.621304729
PNMA6F,0.030021936
NKX2-2,0.000498241
XKR7,0.001351336
BEX1,1.09E-05
ALLC,3.33E-07
NEUROG3,0.29438392
AC113554.2,0.245522751
ACTL8,0.130511303
HRH3,0.397158836
AKAIN1,0.078228718
14-Sep,0.251816606
ZIC3,0.003604405
ACTL9,0.084461236
PTF1A,0.134066528
GJA10,0.099106995
GPR119,0.641106701
MAGEB10,0.303329729
MSGN1,0.015006232
HS3ST4,0.392736483
CDH22,0.008642229
ASCL4,0.575141358
CGA,0.115000268
CSN3,0.514442393
NPTX1,0.690742629
TRPA1,0.935537852
KRT85,0.507439691
BLOC1S5-TXNDC5,0.033704218
FABP7,0.914641062
SLC17A7,0.026947672
CHRNA9,0.041345565
LRRC38,0.473576064
PRKAG3,0.045810068
DAB1,0.007635143
NEUROD1,0.014533653
UMODL1,0.303215239
TAT,0.036012289
MMP27,0.87402287
KL,0.858160624
HDGFL1,0.083892087
GLP2R,0.154620015
GDF6,0.022537668
BMP6,0.197170802
HTR1F,0.130181931
CIB4,0.445435877
LIN28A,0.072194949
EMX2,0.174785747
BPIFB2,0.205967857
GRM4,0.000900109
PSG4,0.013565608
DMRTC2,0.826789332
CNTN2,0.180178135
LYZL4,0.363783427
MUCL1,0.149001044
ART3,0.288769031
GSTA5,0.694702397
ABCC12,0.784671121
PSORS1C2,0.881887876
TFAP2B,0.02737713
COLEC10,0.030140369
HCRTR2,0.112056088
TEX48,0.379651938
FAM228A,0.33572734
LEFTY1,0.107860035
CTXN3,0.451672138
PDIA2,0.592866453
RERGL,0.038917463
FAM205A,0.066250123
CYP2A6,0.595047754
TRIM71,0.199073072
RBP3,0.040564888
MAB21L1,0.018383114
AMER2,0.166718292
COX8C,0.714151852
CHRDL2,0.621546353
ISX,0.373128964
CKM,0.831728664
C1QTNF9,0.102571223
FAM153C,0.267449042
KISS1,0.697370683
KLK12,0.043946201
HIST1H4A,0.541069988
KIAA1210,0.09628095
LRRTM4,0.00827713
CLCA1,0.013545584
HTN1,0.921800885
SPIC,0.726653292
ADAMTS18,0.060212755
SCN2A,1.21E-05
CYP1A1,0.249267556
CLVS2,0.101048468
LRTM1,0.094538283
PHOX2B,0.171879561
TKTL1,0.956926033
TCHHL1,0.824430432
HIST1H3G,0.034956704
CHST8,0.462813992
HIST1H4L,0.453145214
CGB5,0.697562301
S100G,0.9260183
NTSR2,0.373995403
HIST1H4F,0.631336896
SMOC1,0.000684178
EDDM3B,0.898971964
PRAC1,0.282615482
HAO1,0.410242124
MC3R,0.762646751
LHX3,0.388682175
OR6T1,0.000524687
CSN2,0.803759877
BANF2,0.136655699
HIST1H2BB,0.443323695
KCNU1,0.006663846
HOXB1,0.893910946
TPH2,0.276887405
LYPD4,0.717230741
AC187653.1,0.55712993
CYP1A2,0.057726488
TCERG1L,0.925246752
SPDYC,0.000183762
HOXB9,0.174964986
SSX1,0.414589575
PSG3,0.075115658
FRG2,0.028469453
KRTAP16-1,0.062633161
OPRM1,0.601515281
GABRA4,0.010086091
IQCJ,0.101992523
SPAG11B,0.761368791
GAD2,0.06888419
REG3A,0.191622731
SLC6A5,0.805600657
H2AFB1,0.938047209
ZSWIM2,0.13154986
NPHS2,0.817419553
HIST1H1A,0.713844984
PAGE1,0.033051635
SOX14,0.934818404
AADACL3,0.065602281
PIRT,0.105531004
CLEC2A,0.071080971
HMGB4,0.84921848
ALPI,0.104931612
SLC17A6,0.371697911
PRAMEF20,0.292021809
KRTAP13-2,0.447938061
GH2,0.117673492
GSG1L2,0.377313746
SPAG11A,0.624417533
NKX2-6,0.854033339
RIT2,0.640495617
PPP1R3A,0.190689753
SPATA31D1,0.450145299
OR2V2,0.214543803
DCAF4L2,0.008746143
PON1,0.754094088
NRXN1,0.025923008
APOBEC2,0.875589666
AP3B2,3.63E-13
CST5,0.004971498
GCGR,3.52E-05
GFRA3,0.197657446
LMO1,3.65E-10
CHRNA4,0.024985847
GABRR1,1.01E-11
GAP43,0.004206088
SOD3,6.81E-09
TMEM61,0.173827256
GHRH,0.087581371
PAK3,0.117894119
FRMPD4,0.000147609
STMN4,0.101519307
HCN4,0.136161515
ADCY2,4.69E-05
SERPINA5,0.005817399
ASB4,0.095603154
SCG5,0.262814897
KCNMB2,1.70E-09
MGAT4C,0.05778674
GRIA3,0.3248635
ATP1A2,0.002398678
HAND2,0.018894284
LCN12,2.00E-05
SYNGR4,0.186516296
GRIN1,0.449561451
SCGN,0.03180145
MB,0.688222534
NEUROG1,4.39E-06
DIRAS3,0.214839057
DSCAML1,0.091271374
KCNC1,1.72E-05
PKIB,0.178213848
COL22A1,0.55421991
HAPLN2,0.000208037
SLC4A10,0.140390859
TTBK1,0.000163715
KCNK3,0.33466977
RIPPLY2,1.30E-12
KCNJ4,0.028515319
RALYL,0.029709583
RXRG,0.826761365
CELF4,0.001261253
LHFPL5,0.636942143
MS4A8,0.867109652
RNF182,0.032811089
C2CD4B,0.2897054
GRIA2,0.015900665
DCX,0.714739943
CADM2,0.122963573
ZFR2,0.132642873
CPNE4,0.380442527
TCEAL5,0.000530707
CST2,0.013591599
HEPACAM,0.970050489
KCNA1,0.041211327
PCDHA8,0.017468829
NOVA1,0.002893114
PLP1,0.096794473
SNAP91,0.002868259
ONECUT2,0.015643707
KCNB1,0.034286169
C22ORF42,0.009685311
TAGLN3,0.056093433
EPHA8,0.002334731
PCDHB1,0.171494031
RGS8,0.363897761
GPC5,0.209542003
TMEM114,0.098675753
SYT13,0.008320876
GP2,0.005207709
VWC2L,0.675671253
CACNG2,0.042260773
COL20A1,0.000157139
GHSR,0.07541996
ZDHHC22,0.001042693
SOX1,0.006261593
AMER3,0.006602563
SPHKAP,0.127713314
C8ORF86,0.005552309
CLCA4,0.031168483
GPC1,7.26E-16
ATP1B3,3.65E-18
TP63,6.05E-22
FAT2,2.78E-11
PTHLH,5.36E-17
KRT31,0.000348201
JAG1,1.27E-15
NECTIN1,3.67E-25
PERP,1.24E-20
ABCC5,4.82E-24
ADAM23,3.30E-14
IRF6,1.04E-19
CSTA,3.36E-12
PHF24,0.020075565
FAM83C,2.84E-13
SLC6A8,2.32E-28
DSG3,1.27E-13
DSC3,6.67E-18
FGFBP2,2.13E-05
CLCA2,2.72E-10
TENM2,0.003421412
STAR,0.404812002
NTRK2,4.71E-15
CDHR1,8.91E-16
CERS3,6.61E-14
VSNL1,4.25E-16
DAPL1,7.20E-11
HR,4.54E-11
BNC1,2.75E-08
P2RY1,1.38E-17
KRT6C,0.055029053
KRT13,1.27E-07
XXYLT1,3.74E-23
DENND2C,1.68E-19
C12ORF54,1.19E-06
S1PR5,6.21E-17
GBP6,1.14E-17
SPRR4,0.063036289
KRT6B,0.003206021
KRT5,2.64E-17
KRT16,0.001333854
KRT14,1.33E-05
TMPRSS11A,5.77E-05
KRTDAP,0.271982115
KRT77,3.03E-05
TMPRSS11F,1.98E-07
EDDM13,4.13E-12
AMTN,0.436787507
SDR9C7,0.105279516
SPRR2A,4.52E-07
PARD6G,2.28E-16
SIAH2,1.04E-23
SNX31,1.03E-08
SPRR2E,0.003028429
BICD2,6.56E-15
SERPINB13,3.59E-11
KPRP,0.064050368
C10ORF99,3.66E-06
SH3BP1,1.08E-11
DSC1,0.013580502
CALML3,1.08E-11
EN1,1.38E-06
RHCG,0.000835135
AP2M1,3.07E-12
TP53AIP1,1.29E-05
TMPRSS11D,4.73E-06
RAET1L,6.68E-10
TMEM117,3.48E-18
MICALL1,2.42E-17
MPPED1,7.82E-09
FAM181B,7.38E-17
KRTAP19-1,0.042461506
TGM1,0.008331131
HAP1,2.68E-15
SPRR2B,0.377657679
SOX15,1.37E-28
KRT17,4.85E-16
STARD5,0.003057651
DVL3,1.57E-24
DLG1,1.52E-24
SERPINB12,0.035994996
TMEM40,4.95E-10
PI3,0.000834764
PKP1,4.06E-23
GRHL3,8.67E-20
FOXN1,0.000158503
CELSR2,3.14E-17
PCDH19,5.60E-08
LCE1C,0.538715722
FABP5,0.000653926
GJB6,6.81E-09
PIGX,1.27E-26
KRT15,4.80E-15
RNF168,1.60E-19
DLX5,1.71E-09
DSG1,0.018787223
COL7A1,2.07E-17
TBCCD1,6.05E-17
DMRT2,2.32E-11
C3ORF58,2.66E-19
PGAP1,2.23E-17
TFRC,1.00E-15
NPPC,0.794871897
NMNAT3,1.51E-20
PAK5,6.30E-12
FANCE,8.76E-33
KCNG1,1.09E-14
KRT1,0.031295989
YEATS2,4.59E-21
STON2,2.04E-26
NRARP,9.52E-17
TMEM189,1.61E-33
SENP5,3.27E-20
SLC2A1,3.67E-21
EMILIN3,2.33E-16
A2ML1,0.000267298
CENPP,4.25E-09
PSMD2,4.72E-22
COL4A6,3.30E-10
IGSF11,1.83E-18
ATP11B,1.67E-15
USP31,1.48E-12
FBXO45,1.63E-21
C15ORF41,3.97E-14
TMTC3,4.54E-17
DIRC3,7.25E-08
KRT9,4.54E-05
FYTTD1,3.64E-13
FETUB,9.75E-05
RAPGEFL1,3.08E-29
S100A7A,0.814045183
ADCY10,7.95E-07
PLD1,1.14E-12
MCC,6.16E-06
PCYT1A,1.82E-15
GRK7,2.54E-07
LSG1,9.34E-26
FXR1,1.32E-26
PTDSS1,3.50E-18
KRT6A,1.04E-13
C17ORF99,1.08E-05
IL36G,0.000272419
TMPRSS11B,0.013482294
PNCK,6.28E-20
ST6GALNAC2,1.74E-21
ACTL6A,3.43E-25
FBXO27,8.54E-15
UGT1A7,1.58E-10
SOST,2.11E-07
ZNF639,1.97E-24
SLC39A2,0.000149223
OTOP3,1.42E-05
KCTD1,6.91E-16
SPRR1A,4.10E-08
S100A2,1.83E-05
NIPAL4,0.007029025
RNASE7,0.339770383
CEP19,3.83E-10
NGFR,0.015144668
BMP7,2.82E-25
FAM83D,5.27E-26
TRIM29,4.16E-20
ACAP2,3.35E-13
ABCF3,2.13E-25
USH1G,7.78E-23
KLHL13,7.06E-18
SERPINB2,0.000122199
PAX6,1.69E-14
CLDN1,7.21E-06
SFN,7.45E-15
KCTD15,3.49E-21
ARTN,1.85E-28
BCL11A,5.81E-11
ZNF385A,3.06E-13
LGALS7B,0.0051746
CHST7,9.61E-14
SPRR2G,0.56223483
HTR7,0.014250231
FBN2,6.23E-14
PRKX,4.97E-18
KREMEN2,0.772392803
GJB5,3.65E-14
VIT,0.471194956
CYB5R2,2.04E-20
RFC4,2.68E-29
NUDT11,2.26E-09
NDUFA4L2,1.12E-17
FAM83B,1.12E-19
RPTN,0.012237459
LGALS7,0.064696312
PARL,6.81E-18
TSLP,0.011477804
FAM212A,2.48E-06
S100A7,0.911625188
ACKR3,9.66E-08
MAPKBP1,5.99E-10
ACP7,2.62E-07
WNT2B,2.35E-08
SNAI2,1.41E-06
RSRC1,9.93E-25
WDR53,1.50E-22
NFE2L2,2.49E-20
MRAP2,8.76E-17
FRRS1,4.01E-08
COL4A5,2.24E-11
NDRG4,2.31E-14
FRMD6,0.000580592
ITGA6,5.88E-13
DCUN1D1,3.20E-14
PLA2R1,2.22E-09
EFNB1,1.70E-07
GABRQ,7.32E-08
ABCC1,1.95E-17
MMP10,0.565334924
GMPS,2.01E-24
FOXE1,9.64E-16
NAA50,4.59E-16
DST,5.00E-14
MFN1,9.20E-22
ADH7,3.77E-15
ANXA8,2.34E-05
OPA1,1.14E-23
NOS2,2.22E-05
PLCXD2,0.000706968
FAM43A,2.55E-07
EIF5A2,2.73E-06
IPPK,6.79E-13
QRFPR,4.37E-08
GPR149,2.65E-05
LCE1F,0.010915443
SNCA,0.011147578
TGM3,0.000415408
FZD7,3.78E-08
SLC2A9,0.466936224
IL36A,0.075861261
DLK2,3.74E-17
LCE3D,0.431586775
TMEM79,2.00E-11
SLC9A3R1,1.14E-23
NCBP2-AS2,1.41E-35
HES2,1.52E-07
COQ3,5.78E-32
LYPD3,2.56E-07
LIMK2,1.79E-09
TICRR,1.10E-35
SLC10A6,0.09630465
KRT84,0.3805216
PGM2,1.56E-10
PRNP,0.002838174
CPA4,0.857273436
AC011473.4,0.181549326
FZD6,1.41E-15
DGKA,1.69E-13
SPRR3,2.95E-06
EIF2B5,5.68E-24
CSRP2,1.29E-12
B3GNT5,1.31E-10
REEP4,3.18E-21
TPRG1,8.22E-07
ULBP2,0.000152693
GPNMB,0.002291766
LCE3E,0.210562428
CD9,1.35E-15
CRYAB,0.000448354
CAPNS2,1.13E-10
ANXA8L1,0.002076203
ALOX12,1.58E-09
GLTP,9.00E-22
PTGFRN,3.40E-06
WASF1,1.68E-20
CRNN,0.117202634
ADAD2,8.87E-05
FEZ1,0.021956241
TCHH,9.78E-05
CYP2S1,3.48E-14
SOX2,1.04E-29
THOC3,1.04E-22
PRIMA1,5.53E-07
SBSN,0.077338033
SKP2,6.39E-22
E2F7,4.01E-22
MCM2,2.89E-20
PIK3CA,2.24E-12
GDPD2,0.001935708
DIP2B,4.34E-18
CLDND1,2.52E-08
RNF217,1.18E-11
UBXN7,6.02E-19
MRPL47,4.36E-29
PTPRZ1,3.03E-23
GAST,2.91E-10
C1ORF74,0.000694229
1-Dec,0.001865464
ECE2,9.08E-26
GJB2,0.025608899
YBX3,1.69E-19
SLC1A6,7.84E-06
GHR,0.000275343
HSPB3,0.025241985
POU3F1,0.000734062
TINCR,5.79E-15
FAM162A,2.94E-26
SERPINB5,3.55E-18
RGMA,4.15E-14
MPPED2,0.000621849
SOWAHC,7.74E-23
CLDN20,1.09E-07
CENPW,4.30E-13
IGFL1,0.941311298
ALG3,6.82E-31
TTLL12,4.29E-28
SMO,2.88E-22
MARK1,5.97E-26
JUP,3.73E-34
LTB4R,9.67E-13
PNLDC1,5.00E-05
CDCA4,9.14E-22
CRCT1,0.096200305
SENP2,2.37E-22
MAP6D1,4.72E-10
C6ORF10,4.82E-09
IL1A,0.834773053
RNF152,0.013382697
FSCN1,5.08E-08
ARHGEF4,1.63E-20
CACNA2D3,1.18E-19
MCM5,2.47E-15
ADA,3.34E-05
TBL1XR1,7.73E-18
SYNGR1,2.00E-21
JARID2,4.02E-18
OR7A5,3.33E-09
FGFBP1,6.09E-16
HRAS,1.84E-32
AADACL2,4.14E-06
NELL2,0.002849264
RARG,1.97E-12
SESN3,3.03E-17
HMGCS1,1.33E-18
WNT5A,2.83E-10
KRT34,8.59E-05
SGK1,9.82E-08
IL1RN,0.005088206
DSC2,1.69E-07
HDGFL3,1.83E-11
SLC16A1,3.58E-13
PRDM11,4.97E-18
KRT76,0.00683884
C11ORF87,2.67E-05
C1ORF68,0.212499676
MICAL3,2.25E-13
MMS22L,1.82E-21
TESK2,1.58E-09
FJX1,8.94E-05
KIAA1549L,0.000218643
DYNC1I1,1.09E-11
CMSS1,9.53E-21
DQX1,1.30E-27
SEMA3F,1.52E-16
ARL4D,1.13E-18
TMEM237,1.08E-17
FGFR2,4.23E-17
GFOD1,1.28E-06
PDCD10,6.78E-16
TMEM158,1.79E-06
PHLDB2,8.76E-08
MRGPRX3,0.338272193
VWC2,1.81E-06
PCYT1B,8.06E-11
BTBD11,5.96E-23
CDC45,1.11E-30
S100A8,0.135007517
CLDN16,0.049809982
ARHGAP23,1.73E-11
PPIF,1.18E-12
POLQ,1.74E-29
PLCH2,4.04E-07
MLIP,0.001473007
GINS3,1.66E-17
MAPK6,3.67E-19
S100A12,0.266025319
HEY1,4.90E-17
VANGL2,5.55E-25
FBL,1.62E-15
LAMA1,6.07E-05
FANCI,1.56E-27
HGNC:18790,7.80E-12
TP73,0.00013967
CHAF1A,7.94E-24
ACVR1C,3.28E-08
GJA1,0.000141882
LMNB2,1.71E-19
MYNN,2.78E-11
DDIAS,1.43E-19
WSCD2,0.090570447
HOXD10,8.28E-09
PXYLP1,1.54E-14
NEUROD2,9.00E-11
SPRR2D,4.17E-05
ADM,2.12E-14
PITX1,1.65E-17
SLC47A2,2.41E-09
MDGA1,5.32E-07
SLC35G1,2.69E-16
SPRR1B,1.52E-06
SOSTDC1,1.52E-06
CNFN,0.036746007
FAM84A,5.93E-27
A4GALT,1.46E-17
WNT3A,2.24E-07
CCNA1,2.52E-06
KRT2,0.083854561
TUBA1C,2.34E-11
GOLIM4,2.84E-13
HS6ST1,9.59E-21
GJA3,1.50E-08
FANCB,2.81E-19
GEN1,4.94E-27
RAP2B,1.16E-07
CORO6,2.58E-09
NCAPD2,5.43E-19
ANKRD2,5.68E-09
TPD52L1,3.05E-18
RAD51,5.30E-25
SERPINB4,0.009397132
IRS4,0.002375067
FAM71F1,0.002233178
TRPV4,1.24E-14
POMC,5.49E-10
TCF15,1.98E-13
PTPRS,2.03E-17
ZNF488,6.03E-12
HEPHL1,0.147799021
SEMA6A,9.32E-11
FAM131A,6.53E-25
TET3,1.60E-28
PGLYRP3,3.46E-07
CEL,1.32E-05
RTP3,0.601421278
PRC1,1.30E-31
CLCN2,1.94E-37
SOGA1,6.04E-22
HSPA4L,2.54E-17
CYP26A1,0.000118787
NCS1,2.26E-05
SERPINE2,0.15706407
ATP4A,2.80E-05
ADCY3,1.42E-09
IGSF3,2.41E-12
SH2D5,7.04E-10
UCN2,3.61E-05
NKAIN2,1.51E-14
IL36B,0.00494685
HSD17B3,0.021279424
CHRM3,1.32E-22
KRT78,8.97E-05
DNAJC19,2.79E-25
SERPINA12,0.915751507
CTSV,1.29E-17
TRIM7,2.21E-17
SLC1A4,6.57E-08
ADGRD2,1.37E-06
MN1,0.000278076
NRCAM,3.90E-12
KRT82,0.000205872
B4GALT4,1.47E-16
GPRC5D,3.63E-08
RAD51AP2,5.40E-12
LOR,0.800318825
SULF2,0.558913835
CD109,6.60E-07
CACNA1B,5.23E-21
GSTM3,2.42E-12
OXGR1,3.28E-12
SLURP1,0.291858154
APOBEC3A,0.857766378
BLMH,5.16E-20
EPHB3,9.88E-20
DSP,3.39E-19
CTCFL,0.000320225
H2BFM,1.35E-08
RDH16,0.275860477
LY6D,0.074855305
NDRG1,4.48E-13
UBE2S,7.00E-20
EFS,2.82E-28
RND3,3.08E-07
FAM110C,6.68E-19
GLI2,9.08E-10
SMCP,0.015245299
DUSP7,1.24E-05
LARP6,2.68E-08
SLC7A8,1.85E-14
NKPD1,1.31E-10
IGF2BP2,5.22E-20
IGFL4,6.95E-08
FERMT1,8.55E-08
GRM1,0.003789557
FAM131C,5.03E-14
LCE3A,0.580272925
NXPH4,2.56E-21
FST,4.29E-10
PPARGC1B,2.19E-05
ADAMTS17,0.00058981
NUDT10,0.000128603
NRG1,3.55E-06
C21ORF91,2.40E-08
NLRP7,0.630253569
PPP2R2B,0.022102132
ACAT2,2.61E-18
PHGDH,4.33E-09
TMCC2,2.99E-06
LTB4R2,6.91E-12
ATRNL1,4.34E-09
MT1X,2.80E-07
ADRA2B,7.27E-07
SPATA19,0.007319304
OLFM1,0.004164247
HCAR3,0.002356557
KIAA1524,6.51E-15
GAPDH,1.45E-16
DUSP14,5.78E-15
DNAJB1,6.55E-09
MMP3,0.31750315
LRRC4,2.00E-12
MYOD1,0.328329122
CCDC177,1.22E-07
KRT24,0.023808444
FOXL2NB,4.03E-10
TUBB6,0.168325897
KRT75,0.092354535
CNTNAP3,1.30E-09
FRRS1L,1.46E-10
FOXL2,2.73E-12
CHRNB4,1.59E-11
TFAP2A,2.78E-17
FLG,0.002272374
TCTEX1D2,3.73E-17
BCL11B,0.000209599
MED12L,4.95E-11
ADD2,1.91E-12
RAG1,2.71E-15
IGSF9,5.84E-17
DLX6,1.49E-13
KCNH1,1.03E-07
ASPRV1,0.034377349
LPAR3,3.33E-18
CENPM,7.73E-26
SOHLH1,0.000111685
SOX7,0.020185791
CLDN17,0.776626332
TTK,3.12E-25
CLDN19,0.578737837
FXYD3,4.51E-11
GVQW2,5.08E-18
DCC,0.006804495
TNNT3,0.000183532
ALDH3B2,9.30E-09
FOXM1,4.27E-19
CENPN,3.69E-16
DPF1,8.29E-09
LCE1B,0.001472272
SPRR2F,0.014904957
AQP10,0.083682073
KRT37,0.012627397
FKBP4,2.55E-24
ATP13A5,3.03E-05
CENPH,1.02E-23
GPR87,9.66E-07
KRT71,1.12E-05
HSPB1,3.30E-19
MPP4,0.000258218
KRT4,0.000216771
HAS3,2.97E-14
PSAT1,5.24E-23
CRYBB3,1.29E-25
C4ORF17,0.001033926
HK2,1.84E-16
CDC25A,4.58E-30
HOXD11,6.95E-14
UST,1.93E-12
DMRT3,2.06E-13
SERPINB10,0.01556564
IRX4,3.58E-07
SV2B,0.00043972
NLRP10,0.013484438
COX6B2,0.161249408
LRFN1,6.22E-14
AC010132.3,6.26E-05
RAD54L,1.04E-26
SEMA6D,3.11E-06
ZNF556,1.02E-14
CPA2,0.000781535
COPZ2,9.50E-05
CCL26,0.000806125
SHOX2,1.67E-06
C22ORF23,9.48E-09
RNF165,0.004676786
TGM5,0.001807035
OIP5,2.71E-28
ORC6,6.47E-31
ULBP3,5.26E-06
LAMB4,0.448614609
LYPD2,0.262599226
XG,2.58E-06
KCNK7,7.43E-07
BCHE,0.019792161
LRIT2,1.79E-08
LHFPL1,3.18E-07
SRRM3,9.62E-16
CDK5R1,2.83E-14
PFN2,2.40E-23
ISM2,0.065559821
TMEM151B,0.004134999
GSTM2,3.27E-12
BEST2,0.00746856
SLC6A15,2.46E-07
LDLRAD3,0.015236954
TG,0.000254627
CD44,0.28164473
ABCA13,3.43E-13
KRT10,0.005648321
SLCO3A1,4.10E-08
OTOP2,2.53E-05
JMJD7,2.82E-11
NRN1,1.12E-13
KIF23,1.26E-28
AUNIP,6.23E-28
SPHK1,0.440232572
CYP2W1,1.27E-05
FAM83F,2.57E-24
PLEKHG3,1.48E-16
PDPN,0.001190534
MYC,3.42E-17
NTF4,2.26E-13
TMEM246,1.46E-21
NUTM2F,4.31E-10
ECT2,2.77E-28
WNK2,1.09E-12
CCNB2,1.07E-25
GJB4,2.27E-05
SDK2,5.04E-05
FGFR3,5.22E-10
RAD51AP1,8.30E-17
NUSAP1,2.36E-23
TMEM132A,4.90E-10
NCAPH,5.55E-26
FAM83G,1.54E-22
CDCA3,2.28E-34
OR6C70,1.27E-10
FAM69C,0.026920467
SLC20A2,1.08E-11
H2AFY2,1.11E-21
CARD17,0.022592217
DIRAS2,1.67E-06
XCL1,3.64E-07
KAZN,4.40E-05
IL1RAP,0.000495853
GPC3,1.16E-11
PPP1R27,4.09E-20
SLC2A12,6.29E-07
ZIC5,4.60E-22
CHRNA7,1.10E-06
MAPK12,3.84E-22
SPINK7,0.003077734
GPR50,0.000688597
HMX1,2.24E-05
CNTNAP2,1.86E-08
CARD18,0.000563248
PGF,8.16E-06
GCSAM,0.004809331
GPR161,1.26E-06
RASSF9,1.66E-13
WNT11,1.84E-05
SNCB,1.46E-08
TMEM189-UBE2V1,5.71E-05
STATH,0.425050376
SLC38A11,3.49E-05
DTL,3.10E-19
5-Sep,1.01E-21
UCK2,3.86E-20
CBLN2,0.084565571
OVOL1,1.92E-12
CHP2,8.22E-06
FLG2,0.295421526
C1QTNF12,8.32E-07
CYP4F22,0.136339263
C16ORF74,1.00E-16
NPL,0.377396115
RYR3,0.861696657
TMEM44,9.40E-21
ALOX12B,1.49E-06
KLRG2,4.27E-10
KLC3,8.18E-15
FDCSP,0.938060857
CALN1,6.88E-05
DNAH17,0.024259946
COL17A1,0.015905163
CAPN14,0.020292779
GSTM4,4.39E-12
PARPBP,2.90E-18
CDH13,0.400505194
CYP4F11,1.33E-15
BUB1B,1.88E-28
FAM237A,1.09E-06
TGM6,0.023328333
CHAC2,4.12E-14
RAB6B,1.05E-10
SLC9A9,0.651723883
ADGRL3,5.09E-07
KNL1,2.15E-21
AMOTL1,0.042857534
ULBP1,7.00E-10
DLL1,1.84E-08
ANKRD13B,6.44E-23
DBX2,0.779382535
SLC6A2,0.210277358
PAX3,0.000115887
GOLGA6L2,7.83E-08
ATP2B1,3.23E-13
CLTCL1,4.39E-13
LRP12,7.29E-08
SKA1,9.71E-21
IGFL3,0.404723779
TRIM16,9.87E-19
SOX21,1.78E-23
JAG2,5.10E-21
SHISA7,7.48E-07
MSC,0.584521788
OTX1,3.70E-20
GABRA5,0.021974291
RGSL1,5.28E-05
KIF7,1.30E-17
OR7C1,2.32E-06
PKMYT1,9.07E-19
ERMP1,2.85E-10
DUSP9,5.55E-14
KLF5,1.16E-35
TMTC1,9.19E-12
SERPINB3,0.000174397
SERPINB11,2.84E-05
DHCR7,2.16E-10
ENDOU,0.091833341
FAM25A,0.044433277
CDCA5,2.05E-23
AXDND1,4.06E-05
ADCY8,5.10E-07
CLEC2L,2.82E-12
MTCL1,4.18E-16
BPIFC,0.363195066
MCF2L2,0.000106843
EPHB6,0.002010344
CDH8,4.29E-10
DPYSL4,5.88E-07
TSPAN18,0.011336705
SULT1E1,0.07578073
CXORF57,4.31E-07
EDARADD,0.029856261
SLC5A7,0.000152915
LMO4,9.07E-09
SPC25,9.46E-26
H2BFWT,1.41E-15
METTL24,0.000986054
PTGES3L-AARSD1,1.74E-20
LEF1,0.262224087
RNASE10,1.13E-05
SERPINB7,0.458481621
TLX3,1.15E-10
ZNF367,2.49E-14
NKX2-5,0.00077164
BDH1,6.08E-36
LCE1E,0.005028597
MB21D2,0.157630353
LAYN,0.404028649
TLX1,0.024732822
ALOXE3,3.49E-06
EPGN,0.012369533
F2RL2,3.37E-05
PNPLA1,8.31E-06
EIF4EBP1,3.41E-15
GTSE1,4.05E-28
CITED4,2.91E-12
TRIP13,1.75E-19
LPAR5,0.000773223
ASIC1,1.80E-19
TENM4,0.002671836
NOTCH3,7.85E-09
B4GALNT1,3.89E-09
TPX2,9.93E-24
HASPIN,1.58E-12
TNFSF18,0.049844428
PTPRQ,0.501244752
ALDOC,1.17E-17
WNT6,0.052449875
RAB38,2.30E-06
WNT7B,1.37E-15
CHST2,2.32E-05
BIRC5,2.29E-21
COL9A3,0.000202411
THBD,0.045498069
GDNF,0.092683691
SLC35G3,0.002368981
ZBTB7C,1.98E-14
EMX1,2.06E-08
FOLH1,6.15E-09
GJB3,1.42E-07
EGFL6,0.293881716
CYP4F3,6.77E-16
ARNTL2,0.003148213
IL1F10,3.96E-05
UPK1B,2.17E-08
PRRG3,0.000180472
ESCO2,3.28E-15
ZIC2,1.29E-14
STC2,1.41E-16
CACNA2D1,0.005458792
ATP4B,0.844311439
TROAP,6.51E-38
IGFBP2,1.81E-17
CHODL,7.27E-14
COLGALT2,5.96E-10
C3ORF67,3.86E-25
IL12RB2,0.715804286
ERC2,0.003981484
RPL3L,1.46E-08
C1QL1,2.05E-05
WNT10B,0.143186682
NME1-NME2,1.31E-13
SLC7A5,7.76E-19
GINS1,5.72E-21
HOXC8,3.36E-10
MEGF10,0.467893077
KIF18B,7.67E-36
CDX1,0.728264239
TMEM154,0.000575441
CNTNAP3B,1.33E-05
PMP2,0.250888242
SEMA3D,0.08070152
ARHGAP28,0.004386455
ARSI,0.03854766
MAGEA11,1.27E-11
HOXA7,9.15E-10
NPBWR1,0.000147295
CCNA2,2.55E-15
CNTN1,3.94E-12
GINS2,2.35E-22
ZBTB18,0.543865242
SPSB4,0.598810615
NOBOX,0.017844461
UCP1,0.013033845
ZNF750,2.23E-15
CCDC190,1.60E-10
GLRA2,0.00386197
DMRT1,1.86E-08
FGF11,3.52E-10
ADAM11,3.07E-17
APOBEC3B,2.27E-07
DRD2,0.00614548
KRT72,0.908322235
SERPINI1,6.09E-06
CALB1,0.018783474
PIF1,2.57E-22
CKAP2L,1.71E-20
JAKMIP2,4.46E-07
CENPA,5.61E-30
PPM1L,1.73E-18
OR56B4,8.14E-09
ELFN1,0.013905123
TLX2,1.18E-10
PAX1,0.106636481
CDCA2,4.06E-18
ARSF,0.623427674
ANKRD33B,0.074157011
CASP14,0.757823893
LGR5,0.135235846
CCND2,0.039064572
IL20RB,6.03E-05
OR11H4,5.89E-06
GOLGA6L7P,1.29E-05
PPP1R14C,4.35E-06
GCLM,1.80E-14
GNGT1,7.48E-18
CALB2,0.045175794
ITGB4,3.50E-09
RARB,0.026853239
TBX3,0.073072302
NPSR1,0.006071461
LRP8,9.60E-18
C2ORF66,1.04E-06
C1QL4,0.000189729
KRT79,0.457722044
DYNAP,0.040552217
SLC1A3,0.000898119
SNCAIP,0.000299375
CCDC38,0.000156994
TNS4,5.59E-09
FOXD1,6.18E-17
CAGE1,1.36E-09
EPHA7,1.60E-06
CXCL6,0.837341681
NYAP1,2.95E-10
MAFA,0.028489918
CTTNBP2,0.000471716
KRT36,0.599270398
WDR72,6.74E-22
AURKB,1.72E-31
TRPV3,3.82E-10
SCD5,0.002517403
GLI1,0.00979465
TWIST1,0.828469487
NTS,3.73E-06
TM4SF19-TCTEX1D2,1.63E-06
PPP4R4,0.25857158
SMCO1,1.57E-11
PADI3,9.01E-07
AFF2,0.000232874
ASZ1,0.040014565
LHX2,0.000123609
ME1,3.41E-16
IL20,0.178539561
NLGN1,5.89E-07
NAP1L2,2.04E-10
CNTFR,0.006213033
KCNJ2,0.00031704
SLC4A11,6.40E-13
NTF3,0.034473322
BACH2,0.342284405
MKRN3,6.14E-19
ELOVL4,4.07E-12
PIR,1.78E-34
OR5M11,4.15E-13
GINS4,5.57E-09
ZAN,3.62E-05
ZDHHC19,4.03E-06
FBXO17,2.17E-05
ZP4,0.142369052
HIST1H2BH,0.000129585
MELK,8.64E-13
ISL2,2.54E-11
PRRT1,5.06E-18
ACER1,0.499870618
CRYBG2,1.66E-07
TRAPPC3L,0.232457517
TRIM16L,8.36E-19
EML6,5.94E-07
FOXI1,0.151203614
NTN1,4.55E-05
TGM4,0.032146886
PCDH20,0.77720751
PLEKHG6,2.93E-15
LRP4,1.31E-12
GABRE,1.46E-07
PGBD5,2.08E-07
TEX46,5.27E-15
SLCO1A2,6.24E-11
ADAMTS20,1.46E-11
RPL39L,5.87E-10
KLF4,3.38E-05
TULP1,3.66E-15
OR13A1,4.52E-05
SUSD4,1.93E-13
SLC13A5,0.002147796
ZNF703,4.08E-22
PGPEP1L,0.000799815
HRNR,2.21E-12
GRHL1,2.83E-25
OVOL3,0.028880338
PAX2,0.470761708
BOC,0.396096516
ROBO1,0.511992609
PINLYP,0.000131945
KLK9,0.033355085
C15ORF59,2.44E-08
PTH2R,7.12E-07
FBXO43,7.54E-09
SLITRK2,0.065314169
COLCA2,5.15E-08
UGT1A4,1.63E-18
RDH12,0.090917516
KLF14,0.000666728
IL36RN,1.45E-05
DGKG,3.56E-09
PLA2G4B,3.58E-15
GPRC5B,0.002460696
SLC9A3,3.98E-05
GSTM1,0.000160426
KRT19,2.48E-20
KRT35,0.004834065
FMO1,0.374163825
GLIS1,0.166327893
CKMT1B,2.57E-27
SLC51A,1.57E-07
AC020922.1,0.279132779
FMO3,0.119912379
GSDMC,1.94E-09
PAMR1,0.238366232
KCNK2,7.71E-08
ODAM,0.819570935
FOXC2,0.222232174
CSPG4,0.071266808
PRRT4,4.52E-11
CNNM1,7.70E-21
ENPP6,0.031250102
NOS1,0.002607835
TBX1,2.98E-14
IVL,0.000673215
TUB,2.88E-09
TSHZ2,0.144598047
TNFSF10,0.080333911
HUS1B,8.37E-11
PTN,8.00E-05
ST8SIA2,0.00040317
NRXN2,0.004788055
AC107871.1,1.03E-14
GDA,6.20E-09
TMSB15A,0.000210933
LHX5,4.73E-14
ZNF365,0.042973956
SGCZ,5.75E-05
FSD1,9.26E-05
HOXD13,1.53E-17
MELTF,1.15E-07
TMSB15B,4.41E-06
HOXA1,1.41E-09
MYL7,0.32396711
ITGB8,6.10E-07
HOXA4,0.000275527
TM4SF19,0.030956399
PRKG2,4.48E-09
MYCL,6.17E-05
FAM171B,7.87E-06
RGS6,3.64E-11
SRY,0.000590163
PNPLA3,4.81E-09
S100A9,0.559071801
ROPN1,0.029627508
XAGE2,0.647580817
SRXN1,1.12E-12
ASB2,0.439009201
CRYBB2,1.34E-10
MATN2,1.00E-10
CDH3,0.135501861
KRT33B,0.002194869
POTEF,6.22E-08
PIANP,2.51E-06
TNFRSF18,5.31E-08
NKX6-1,0.000146287
ALG1L,4.75E-26
AL603832.3,6.40E-14
HMSD,0.076219404
ARG1,0.169607973
CXCL1,0.832294903
UGT3A2,0.045348672
SFRP1,0.947409212
HCAR2,6.86E-08
UGT2A1,0.004706009
TRIML1,0.016025932
ODF3L1,0.041726709
VAV3,6.43E-05
PITX3,6.42E-05
KRT38,0.444356978
ADAM20,9.45E-10
GPR156,2.51E-06
SLC22A1,0.530585687
TP53TG3D,9.83E-13
MLLT11,5.37E-15
KLHDC7B,0.094275799
CGB7,3.32E-10
PRSS21,5.11E-11
RASD2,0.461238457
FRMD7,0.342274803
RAET1G,0.009642457
MMP12,8.60E-10
SMCO2,0.048995905
XKR5,7.66E-07
NPTXR,0.00026154
DSG4,0.00677947
SLC38A5,0.063868329
FNDC8,1.47E-13
FGF12,4.54E-14
PPP2R2C,2.50E-17
IL1R2,0.894171487
CHRNA6,0.406694912
LYPD6,3.81E-15
CXCL8,0.375633233
OR6C2,6.16E-10
OBSCN-AS1,2.61E-13
SLC18A3,0.001374135
ZNF711,7.84E-19
SIM2,3.36E-18
STEAP1B,0.001938585
COL26A1,0.039218766
GCLC,8.59E-23
HOGA1,1.74E-18
HOXD12,1.11E-15
P3H2,4.71E-05
FAM222A,3.14E-07
KRTAP29-1,0.007649407
THSD7B,0.000272581
ANO1,0.844757968
TMEM235,0.136197361
OTOF,0.117631809
HOXD9,7.73E-12
MYB,0.044994512
OCA2,0.180607421
ALDH3A1,2.02E-11
CA12,8.89E-12
CD200R1L,0.000110506
CCDC136,3.17E-11
AC116565.1,3.62E-09
KRT32,0.000107354
SCML2,1.02E-13
POTEE,2.59E-06
UGT1A8,0.004157886
CES1,2.59E-14
DPEP3,0.211740761
C4ORF51,0.000110066
MAGEB6,6.77E-06
CES5A,0.630568487
CXORF67,0.025097928
AC091980.2,1.37E-08
CKMT1A,1.06E-26
SLAMF9,0.16295033
LRRTM2,0.013299454
FBXW12,1.42E-20
LAMC2,0.369726117
C8ORF22,0.348547651
MAGEA4,2.02E-06
AC007040.2,5.02E-13
ALDH8A1,0.02483641
MMP20,0.290669155
CREG2,1.00E-08
IL1B,0.004057742
KCNB2,0.056013715
EYA2,9.30E-13
UGT1A5,2.81E-13
WIPF3,5.10E-10
HOXA13,3.88E-11
VSTM5,9.12E-14
HRASLS,1.67E-13
IQCM,3.99E-08
CFHR4,8.46E-12
TINAGL1,0.511537452
CCKBR,0.002783347
MAP1B,2.03E-06
GSTA1,6.37E-16
SLC25A48,5.99E-06
BCL2L10,4.40E-13
CNIH2,5.18E-10
PGLYRP4,0.069156045
ELOVL2,0.009959461
GPR63,5.13E-07
ART4,0.862164923
MEOX1,0.773228596
METTL11B,0.00586484
KRT3,4.93E-05
CCDC8,0.718005284
CST8,0.0021985
SLC5A12,1.98E-12
NWD2,0.009875465
C12ORF56,1.24E-26
CYP4F2,5.15E-07
ACP4,0.015470222
VAX1,1.59E-16
ESRRB,0.110864938
DMP1,0.025831266
SHC4,0.07805221
EBF3,0.320042317
SLC52A1,1.20E-19
AL121758.1,2.04E-14
BBOX1,0.034489842
MAB21L3,8.62E-07
KCNN1,0.00090351
CBX2,1.56E-21
SOX6,5.18E-08
DEFB126,5.16E-13
GLRA4,0.519083948
SH3RF2,0.000267314
FRAS1,0.000165309
KEL,0.000928491
GALNT8,5.26E-05
NR5A1,0.002840736
SCN5A,0.000197331
MRLN,0.004732314
ANKRD18B,3.99E-23
EN2,9.09E-05
TRPM1,0.000472291
TMEM171,0.004610717
EGFR,0.00012661
UGT1A9,1.41E-05
RTP1,0.087000261
AL035425.2,0.004295427
ASTL,8.20E-05
TSKS,0.025169894
P2RX3,0.021667108
FOSL1,0.001223465
STARD6,2.18E-09
KRTAP5-9,1.19E-05
MOBP,0.00572205
CALML5,0.347965724
B4GALNT4,1.61E-34
SERPINE1,5.19E-05
FAM205C,0.741525531
GPR88,0.053816673
KCNA7,0.000667487
MAGEB17,0.006612926
ADARB2,0.546880945
B3GALT1,5.36E-09
HTR2C,2.86E-06
TMEM45A,0.015027644
MAGEA9,7.02E-07
ETV3L,0.632085494
KLK5,0.70914969
ANKRD63,2.36E-08
TMPRSS4-AS1,1.83E-10
SGCG,0.025940825
FHOD3,0.367357725
PHF21B,4.24E-07
PRSS27,0.001740733
LCE5A,0.027473601
UGT2B17,0.357865338
TRDN,7.23E-05
OR56A5,1.58E-07
IL11,0.407488649
RFPL1,0.002236477
GRXCR2,1.78E-07
NPR3,0.231588182
AKR1B10,1.13E-14
KRTAP17-1,0.009888323
PTGR1,5.84E-13
SLC4A9,3.16E-17
SYT9,0.000200652
CLEC18B,3.33E-06
PIWIL2,0.000697692
PCDHB6,8.12E-05
FBP2,0.277530628
FOXD3,6.34E-12
RIMS2,3.26E-12
PCSK9,1.47E-09
ALPK2,3.10E-07
PYDC1,0.194186377
OTX2,0.000305056
EPHB1,4.39E-08
HOXA9,0.000865892
TMPRSS4,1.28E-14
C2ORF71,0.000470108
HTR3E,0.053686102
AKR1B15,4.69E-05
RGS20,0.000488536
CBR3,4.46E-12
CST9,0.065495503
SBSPON,0.000927162
RGPD3,0.210240563
JAKMIP3,5.10E-18
ATP12A,0.038054009
LYPD6B,7.60E-20
MAGEA9B,4.50E-13
MYO3A,3.71E-05
ALDH1A1,1.33E-06
SH2D7,0.040891882
NCAN,0.078948644
LAMA3,0.157171762
EML5,0.099499618
C10ORF62,1.48E-16
IL19,0.013389492
MINDY4B,1.16E-12
GGT2,0.831640625
CIDEA,0.117077752
DCAF12L2,1.21E-08
GJB7,1.87E-17
VTCN1,4.04E-09
GLYATL2,0.002344959
FZD10,1.16E-10
TRIML2,0.172058031
ARL14EPL,0.05887715
NRG4,8.99E-13
KCNJ16,0.004373169
FOXB2,0.0751829
FXYD2,0.960380055
COCH,1.01E-10
LHX9,0.377245191
FABP9,9.66E-10
PVALB,0.0852916
ADRA1D,0.091531794
AL080251.1,0.000710927
KRT73,0.169120725
HOXA10,1.48E-19
NKX3-2,0.346836253
SH3TC2,0.032637774
HPDL,9.56E-17
ALX4,0.002554086
PLAC1,3.57E-07
SPATA21,0.010481584
ADRA2C,3.05E-09
SIX2,4.67E-13
NGB,0.007751554
UBE2QL1,0.552227732
BLACE,2.88E-06
ST6GAL2,0.000157879
UPK1A,0.010503803
CNTNAP5,0.000103259
SYT10,0.008123487
GCK,0.196244187
GFAP,0.922526083
PLA2G3,0.005155607
NAT2,0.296273105
CLCN1,0.158159142
UGT1A10,0.000181842
DSPP,0.000131771
ZNF280A,6.37E-10
DPYSL5,0.005535507
POF1B,1.03E-08
LVRN,0.162018
OSGIN1,6.88E-22
OR10A3,8.55E-05
HOXA11,1.14E-09
TRPV6,0.002233722
NCCRP1,0.427124987
SELENOV,2.30E-07
TSPEAR,0.012775992
TMEM95,0.787217063
RIMS4,0.000116217
NECAB2,8.02E-10
MSI1,1.47E-22
PRAME,6.61E-15
ALOX15,0.451749025
OFCC1,3.70E-07
KLK10,9.67E-06
ADGRF4,0.163565709
TUBA3C,0.275418738
GPR1,0.050569259
ANKRD20A1,7.13E-08
DIRC1,6.18E-13
TBX18,1.76E-12
C1ORF105,0.307510101
EDAR,0.001110976
SATL1,0.001535479
RNF222,0.005221699
OR52L1,1.70E-08
HRK,5.10E-05
L1CAM,0.939300245
CD70,0.100989038
LCE2C,0.757680212
DHRS2,0.395277556
WT1,0.199232747
CNBD1,0.015821432
IGF2BP3,2.96E-10
TMPRSS11E,0.018731819
DEFB4A,0.349437029
HOXC13,1.59E-09
CLDN24,0.003628305
POPDC3,3.22E-07
KLK2,1.05E-05
CSMD1,7.60E-06
GPX2,2.12E-30
CSN1S1,0.385937319
FAM19A3,0.553394863
CDSN,0.945636381
CDH12,0.003152618
RNF17,0.007604959
DPPA2,0.007047594
SLITRK3,0.267516147
CNTN5,0.002557501
SLC27A6,0.528042246
DMRTA2,1.36E-14
SLC7A11,2.23E-15
SHISA8,0.721869673
ADGRG7,0.405907709
SPOCK3,0.009651901
GTSF1,0.000711166
KRTAP5-6,1.49E-09
NKX6-3,4.99E-05
EPHA6,0.040810194
SYCP1,6.11E-05
KRT81,0.478924097
CCER1,0.000798692
DYTN,0.002992283
RAB3B,1.44E-09
OTOG,1.85E-05
IGFL2,3.47E-09
LCE2A,0.563416085
ATP2B3,0.001420835
SLC30A8,0.005186659
AADAC,0.0011003
GAL,0.000578011
APCDD1L,0.476999879
ANKRD20A8P,0.006706745
AIPL1,0.952105947
AC114296.1,0.070649273
OR9A4,2.31E-05
OR1J1,5.56E-10
MMP1,0.251994433
SLC6A11,0.01061731
SLC22A2,0.299351893
TMEM179,1.68E-05
AC069257.3,8.39E-07
OTOP1,0.708558783
ALDH1L1,2.45E-05
IL25,2.05E-05
GOLGA6L6,0.327423616
LINGO2,4.41E-05
C10ORF82,3.12E-07
LIM2,0.130775241
KHDC1L,0.003401589
SHOX,0.891880388
AIRE,0.080024313
DEFB1,0.019232447
KRTAP10-2,4.37E-05
KCNK4,0.01820764
HTN3,0.044493097
CA9,0.050906427
CCDC140,0.019767895
FAM25C,0.09805682
NUTM1,0.052155658
SULT4A1,2.73E-11
MROH2A,0.007537774
GABRP,0.780041417
LEP,0.28142126
MMP13,0.014147779
TMEFF1,3.38E-05
IL31,0.030281357
AC003006.1,0.000813234
MAGEB2,0.012947865
GMNC,0.011885011
SNTG2,0.002298783
PTPRT,1.44E-05
TMEM178B,0.357237689
GTF2A1L,0.000150194
MAGEA1,6.93E-08
PADI1,0.003814821
SPINK6,0.828319318
TRIM49B,0.095588121
COL9A1,0.12817642
SPINK8,0.090144954
CGB2,5.31E-05
SAGE1,2.33E-06
CCDC197,0.207039554
CT55,0.010448313
GABRG3,0.002668381
LCE2B,0.552681243
OR11H6,3.48E-05
FAM71E2,0.062116301
UGT2A2,0.044357253
FEZF2,0.659270453
LCE1A,0.865438874
PRR27,0.279317772
ADH1C,0.000193038
OR1J4,7.10E-05
TEX13B,0.099974796
PF4V1,0.025293099
NXPH2,0.876467207
KLK7,0.669149644
PNLIPRP3,0.84956171
TMPRSS15,0.048276703
MCHR2,0.000232709
NLGN4Y,0.01747024
OR52E8,0.716547041
GIP,0.048397597
SP9,2.27E-07
LMAN1L,0.022051066
PLA2G2F,0.492059182
TEX36,0.007061949
TBL1Y,1.81E-05
POU3F4,0.088525659
VRTN,0.999086607
HYPM,0.719999441
SPZ1,4.12E-06
GABRG2,0.000162714
ANKRD20A2,0.000114943
C10ORF120,0.046074146
SIX3,1.44E-06
SALL3,0.000521292
HMGA2,0.034095089
LCE2D,0.722651998
TRIM43,0.974662282
TBX20,0.000168812
IFNE,0.013473532
C7ORF33,0.28918899
OR2W3,0.343909221
TMEM215,0.345210797
CSAG3,7.29E-05
HMX2,8.83E-05
OR1G1,0.015434973
GOLGA6L22,0.13058229
FAM46D,2.68E-05
GAGE2A,0.009396601
FUT5,0.000378467
EVX2,2.07E-13
CSMD3,0.060585388
HMX3,0.023457216
OR2L13,0.356819581
HBE1,0.084115805
CLDN8,5.28E-08
SPEM1,5.02E-07
GABRA1,0.017216736
FADS6,1.23E-08
UGT1A3,3.83E-08
KLK8,0.002747825
MAGEA10,0.000334534
AC244517.10,0.007470689
GOLGA8G,0.360979841
ANKRD34C,0.663734008
KRT25,0.458197937
MRGPRX1,0.691348007
UGT1A6,9.16E-12
TAS2R38,3.56E-05
HTR1E,0.005414218
CCDC144NL,0.059330394
TGM7,0.084603037
AC018554.3,0.02794236
MAGEB3,0.452613085
GAGE1,0.002694432
SEMG2,5.35E-05
VSTM2B,0.108976154
DNMT3L,0.18898569
XAGE5,0.015280757
MAGEA6,1.13E-11
SPATA31A6,0.102024663
HOXB13,0.776212213
AC005697.1,0.017375747
TDRD15,0.039945088
LCE3C,0.028622134
MAGEA2,1.88E-06
PPP4R3CP,0.161307235
ADIG,0.001794078
CENPVL3,0.000103567
NEU2,0.544303063
PRAC2,6.40E-08
MAGEA3,3.42E-10
DCDC2C,0.083259585
AC040162.4,0.112905089
OR51B4,0.075444503
TMEM202,0.003184136
ZIC1,1.90E-08
MAGEC1,0.004028753
CSAG2,0.000204026
KRTAP7-1,0.407958488
DEFB4B,0.699410277
FAM25G,0.001790157
SEMG1,0.003999728
NANOGNB,0.000191308
ARGFX,0.067042325
POTEH,0.006345323
DUXA,0.046298575
RFPL4B,0.567542156
TRIM49C,0.018554403
ADAM7,0.173494995
GPX6,1.58E-05
CTAG2,3.86E-05
PAGE4,0.040009058
OR8D1,0.852281673
CABS1,0.939372827
TRIM49,0.052819833
PABPC1L2A,0.000243002
MAGEB1,0.202860365
TRIM43B,0.940683718
KRTAP21-2,0.129217269
TGIF2LY,0.277953514
TGIF2LX,0.335814227
LELP1,0.524010114
PYDC2,3.70E-06
BPIFB3,0.34015164
UNCX,0.008833775
KRTAP20-2,0.02800653
LCE6A,0.827877046
OR9K2,0.000337465
C14ORF177,0.467018656
KRT74,8.23E-16
LY6G6C,0.006491354
RBP1,1.46E-05
PRR9,0.069679636
ENPP3,0.015657499
DLX1,0.001306845
AC024940.1,0.386489503
SH3GL3,0.000148061
DLX2,0.524416987
C6ORF15,0.059230776
COL19A1,0.008115898
CEP112,0.005628409
SYN2,0.002314828
SYT14,7.98E-08
CLSTN2,0.400333831
NEFL,7.50E-06
ERVMER34-1,4.32E-06
HS3ST3A1,0.183262668
PENK,0.125575561
MORC1,0.048789874
PTPRD,0.002555576
CABP1,0.015713882
PRDM13,2.01E-12
LY6G6E,0.000215581
S100A3,0.023620428
GSC2,0.00186691
DDN,8.52E-08
SHISA9,2.51E-05
TRPM3,0.000722857
TRIM54,0.502809959
LIX1,0.63019576
NEUROG2,9.54E-05
GGH,1.61E-07
FGF3,0.083153133
SORCS3,0.001451585
RHBDL3,0.002804732
NEFM,0.000222791
MSX1,0.001856644
SLC9A2,3.05E-05
CPSF4L,0.000315843
AJAP1,0.119374895
PCSK1N,0.555996588
AL662899.2,0.005531633
DKK4,0.451258934
CLDN11,0.048494001
LY6G6F,0.000824122
KCNJ9,0.003266501
IGLON5,0.154788303
FAM26D,0.333632277
KRT23,0.138022534
LRP1B,5.30E-11
ASCL5,0.830740755
TDGF1,0.64352876
MANSC4,0.175408994
TUBA3E,0.001086011
GUCA1A,0.128061135
MME,0.60346991
BMP4,0.155420655
SLC30A3,1.10E-05
GABRA3,9.45E-13
LY6G6D,0.009990478
SP5,0.125114407
STXBP5L,6.24E-09
FABP12,0.339725192
SSTR4,0.142607864
ZCCHC12,0.699922592
RSPO2,0.179548349
CCBE1,0.000676727
CT45A1,0.00266012
CT45A3,0.000392065
FGF4,0.091247098
OLIG1,0.2672304
GPHB5,0.016076182
GBX2,1.85E-05
ZNF536,0.004084451
CT45A10,0.000171171
POU3F3,0.022269166
SLC9A4,0.002279411
BEST3,0.000669647
CNPY1,0.021282044
SHISA6,0.039482259
CT45A5,0.007236214
WNT16,0.201002369
PRR35,0.022284932
AL662899.1,1.54E-06
FGF19,0.039756631
UTF1,0.28459504
DPPA3,0.180571232
ADAM2,0.755638297
FAM19A4,1.10E-05
DBX1,0.004638805
CPLX2,0.001361101
OTOR,0.672453395
GUCA1C,0.892960667
PRSS56,0.081029562
OR10S1,1.41E-08
EDN3,0.023179146
LHX8,0.176036531
NPY2R,0.015902519
OLFM3,0.188748045
PROKR2,0.018150467
DRD3,0.96166316
DEFA5,0.797242266
LYZL2,0.258213274
OR2A4,0.747689084
AMBN,0.187492607
KRTAP19-5,0.29357689
