"","LTF","NUGGC","SERPINA5","GCSAM","CCDC141","MUSK","BCL11A","KLRG1","RGS13","TOX","AICDA","RGS9","PSMA8","BCL11B","FGD2","FBP2","C22ORF15","PPP1R16B","CNR2","MADCAM1","DTHD1","NPHS1","KEL","GPR18","SLC1A2","SPIB","TCL1A","ZNF831","DNER","STAR","RTP5","MGAM2","CPA5","SLC13A2","FCAMR","BTN1A1","KBTBD8","LRMP","ANK1","KIR3DX1","IRF8","VPREB3","CR2","TXLNB","ZNF80","NLRP6","JAKMIP1","POU2F2","CD19","NLRP4","IL2","CCL19","CD38","SERPINA9","VNN2","RHOH","BLK","CD8A","LY9","CD40LG","CD79B","CD69","CD72","PLA2G2D","STAP1","PDCD1","SH2D1A","BFSP2","MEF2B","IL16","EXOC3L4","PLEKHG7","TNFRSF13C","ST8SIA1","THEMIS","GZMK","TRAT1","FCMR","GPR174","CD48","RUNX3","CHST8","HIST1H3J","FCRLA","ITK","DMRTA2","CXCR4","TESPA1","VRTN","CAPN14","TAGAP","C16ORF54","IL24","POU2AF1","LINC00282","FCRL4","CLEC17A","P2RY10","GZMM","TF","KLHL6","FCER2","C12ORF42","PAX5","BTLA","POU4F1","CYTIP","CCL4L2","FCRL3","HSF5","SCML4","CD247","HEPACAM","SLC12A3","SLC35G3","SP140","CD79A","IL17REL","IKZF1","CD3D","TNR","TNFRSF13B","PYHIN1","MYBL2","CCR7","FAM129C","KCNA3","CD28","LAG3","ABCB11","CRTAM","AIM2","SLAMF6","AC119396.1","LCK","TMEM156","ICOS","IL7R","PNOC","MS4A1","TIGIT","PTPRC","RASGRP2","NCR3","CARMIL2","CD3E","CXCR5","REG4","TLR10","JCHAIN","CD5","UBD","CD37","IDO1","TTC24","DDX4","TMEM95","BEND4","NLRP11","NPTX1","ADAMDEC1","AC010616.1","ALPK2","EOMES","TIMD4","FLT3","FCRL1","SIRPG","CTLA4","LTA","INSM1","CXCL13","CR1","ZPBP2","LGALS9B","P2RX2","ISL2","CLEC4C","FDCSP","RGS7","SORCS3","P2RX5","UGT2B17","SHISA8","FCRL5","FCRL2"
"TCGA.DE.A0Y3.01B",67,11,3,100,8,0,100,11,1,47,0,18,0,64,101,0,2,196,10,11,1,0,4,7,13,9,2,21,5,2,1,0,0,0,1,4,30,57,16,0,111,2,23,2,2,0,11,97,3,0,1,6,39,0,15,74,0,379,18,12,34,133,100,3,10,33,15,3,10,134,3,0,17,51,42,17,1,245,4,101,128,5,1,28,84,0,902,24,0,1,142,42,55,247,0,0,8,23,30,6,98,3,0,6,7,0,162,23,5,1,13,76,0,6,0,37,122,2,283,86,0,6,21,66,46,5,11,40,105,0,24,6,50,7,151,6,24,193,2,12,74,735,35,1,30,304,3,0,35,3546,118,10,308,52,0,0,0,17,0,3,31,0,2,17,42,7,2,30,30,12,2,2,13,1,0,1,0,1,0,0,0,6,2,0,13,9
"TCGA.ET.A2N3.01B",479,84,0,97,28,7,488,67,0,306,0,42,0,442,577,0,4,428,97,52,0,0,40,15,169,5,0,0,0,1,2,0,4,2,1,1,55,661,13,1,25,17,34,7,1,4,159,68,3,1,0,0,217,0,18,4,1,146,1,3,222,13,413,0,0,43,4,8,55,337,7,3,40,1049,2,1,0,111,0,23,51,7,6,1,8,2,1657,5,0,3,42,3,40,23,11,0,2,2,16,44,40,1,0,1,4,0,61,15,5,4,0,44,5,0,1,20,5,0,27,9,0,0,6,133,56,11,12,12,27,0,1,2,6,11,98,10,0,5,2,2,0,84,310,2,13,21,1,0,0,2,16,0,51,10,0,3,0,2,2,3,0,1,0,6,12,2,1,1,2,3,0,1,5,0,0,0,0,0,0,0,0,0,1,1,1,0
"TCGA.ET.A3BQ.01B",222,21,5,74,84,3,271,79,12,140,0,113,1,99,215,0,2,1025,10,30,2,0,6,18,21,10,3,21,1,6,2,2,3,1,2,5,113,371,66,0,493,7,23,21,7,5,21,137,2,2,0,42,42,0,31,209,6,317,49,30,285,548,121,18,16,63,27,9,23,581,7,1,113,35,26,40,23,191,10,221,139,16,1,5,98,1,3806,47,1,8,282,47,73,67,1,0,17,18,46,12,303,4,0,3,9,1,285,265,10,1,35,121,1,3,0,60,23,2,297,71,2,1,34,139,71,13,31,35,39,0,33,27,75,9,271,32,18,290,3,18,64,1073,355,12,55,221,3,0,21,217,89,2,713,30,3,2,0,5,0,2,25,2,11,49,57,11,3,28,52,7,0,5,35,1,0,1,0,0,0,0,0,6,0,5,50,2
"TCGA.FY.A3I5.01B",425,312,17,247,65,13,171,86,44,1334,23,103,6,749,441,1,8,917,61,103,26,5,60,89,506,163,198,149,0,8,10,5,8,10,37,7,173,1257,40,6,897,87,528,24,37,17,171,564,288,16,2,1355,189,42,127,526,184,797,298,103,682,654,438,148,82,122,142,40,49,1592,28,1,300,976,111,304,114,933,63,725,651,15,5,211,420,7,4453,312,2,3,823,355,217,519,12,8,92,201,140,47,440,126,6,519,90,2,653,0,363,11,99,442,1,9,1,249,1393,16,1012,396,7,98,143,183,829,217,122,280,257,1,51,94,338,64,778,69,303,1709,40,1447,436,3347,1029,27,616,1227,21,3,257,1934,541,81,1414,543,34,1,2,20,3,6,76,13,23,69,127,47,267,143,234,28,7,359,61,0,0,2,5,7,160,3,1,114,5,8,212,154
"TCGA.DO.A2HM.01B",568,208,42,571,146,4,823,259,42,631,40,84,17,1251,3400,2,15,3796,551,27,134,47,212,370,118,1177,981,775,3,15,39,15,8,0,105,25,518,1993,189,10,6988,466,4623,265,47,55,227,2297,1633,7,3,3119,1554,59,495,1470,1693,1691,1029,383,3610,872,1207,644,556,404,755,40,27,5157,121,30,2156,455,337,1483,416,4828,220,4774,2707,23,0,1393,1657,1,8575,1086,8,37,2267,1400,970,3305,25,30,297,624,416,71,1918,1113,76,2490,660,9,2073,229,2221,40,570,1661,8,69,1,1466,6378,84,4928,1902,37,620,473,1091,3320,2106,426,1096,537,11,319,696,1470,358,2948,611,587,8735,351,10524,1323,14175,4542,217,1590,4808,188,3,1369,13394,1771,732,8281,3555,92,1,1,103,2,110,370,32,151,836,1396,609,1823,766,571,183,49,1244,1365,6,4,80,7,37,914,11,3,1146,17,44,1844,1248
"TCGA.DE.A4MD.06A",189,82,126,181,28,4,236,71,120,146,20,71,3,123,253,5,9,664,43,60,7,30,63,32,87,223,414,74,17,15,7,3,12,0,274,5,71,520,67,3,734,215,1809,37,3,15,15,281,312,7,3,1927,242,74,120,220,323,288,139,80,706,317,298,163,117,67,104,40,55,535,193,1,324,89,37,153,40,630,5,1122,497,40,2,281,234,2,1927,165,3,7,199,84,206,680,3,4,24,35,92,163,391,328,9,364,46,1,441,57,100,1,63,206,12,18,3,178,1268,11,630,393,23,63,89,771,393,203,9,113,134,1,50,80,177,16,383,74,47,725,49,1015,247,1288,583,40,229,1054,8,1,69,1279,245,104,1553,230,21,1,2,15,3,33,140,7,60,21,129,46,85,106,85,40,7,2003,126,4,1,24,1,0,1806,0,3,219,5,21,80,53
"TCGA.EM.A2CS.06A",495,39,35,115,2,0,220,40,3,17,0,57,0,57,362,0,6,450,15,30,1,0,10,20,3,2,1,7,1,4,1,0,10,1,1,0,42,111,37,0,239,7,12,30,2,18,7,74,9,0,0,119,15,0,30,49,18,198,12,1,217,129,136,0,5,23,9,2,25,259,26,3,66,30,4,13,3,103,0,160,33,26,1,0,18,0,1557,31,0,1,103,23,26,63,2,0,0,3,12,27,117,0,1,0,13,0,124,47,2,1,2,42,0,0,0,26,23,0,101,21,7,1,6,146,32,16,7,15,28,0,17,6,28,5,286,49,12,277,20,332,42,253,317,3,12,131,2,0,5,92,47,3,348,63,0,1,0,0,1,4,5,0,0,4,100,8,0,7,13,6,3,11,11,1,3,0,2,0,2,0,3,2,0,10,5,0
"TCGA.J8.A4HW.06A",625,139,51,325,43,28,633,118,71,411,51,92,4,1227,1506,8,11,2136,391,37,37,63,148,190,188,759,709,400,4,21,23,3,71,0,271,21,398,1399,134,2,3831,382,3358,68,35,32,47,1380,1493,27,7,3197,337,40,281,1056,1123,657,831,398,2153,1155,740,486,274,314,389,17,75,3062,208,11,1642,464,254,379,261,3214,153,2435,1907,35,0,751,1408,6,10112,1047,13,15,1789,696,557,1455,34,21,222,303,261,570,1263,1224,28,1927,381,2,2076,76,914,31,225,1219,4,30,2,765,3577,81,2878,1061,55,295,257,577,3644,1152,104,704,197,12,134,247,936,208,2261,200,286,7292,143,6236,876,8660,3163,89,1286,3470,117,7,766,2172,1733,193,4878,450,44,2,3,55,7,80,332,28,181,286,423,217,702,447,345,110,11,1883,665,2,1,30,2,13,1041,7,5,661,13,50,657,425
"TCGA.J8.A3O2.06A",31,8,10,35,18,2,189,55,5,59,3,32,0,71,500,2,0,529,12,55,9,1,15,17,3,4,8,33,2,4,2,0,6,0,0,7,50,241,35,1,220,4,24,16,1,9,20,121,2,0,0,34,30,0,40,126,15,303,25,26,63,144,198,5,13,65,24,1,47,257,18,1,24,20,23,66,12,230,10,130,115,2,8,5,98,1,2646,52,0,1,153,40,64,111,0,0,2,10,20,49,148,4,1,7,18,1,213,55,25,1,26,122,8,7,3,52,33,1,245,74,4,1,50,47,74,13,4,69,56,2,30,18,107,16,163,23,10,416,5,18,49,595,189,9,40,265,0,0,16,440,79,3,533,730,4,1,0,6,1,1,1,3,4,33,208,21,3,33,40,8,0,21,32,4,0,1,1,0,12,0,0,24,1,1,16,2
"TCGA.EM.A3FQ.06A",74,8,0,111,18,1,108,23,1,23,3,39,0,23,120,0,18,114,8,24,3,3,2,7,26,16,40,28,5,1,0,0,21,0,2,1,30,79,10,4,78,42,76,0,0,2,3,98,23,1,0,49,25,1,18,37,18,270,25,12,163,37,130,23,10,52,20,2,16,133,7,1,31,15,5,30,8,55,0,161,61,9,0,18,30,2,271,28,0,3,66,37,10,46,0,2,7,4,69,16,52,18,0,24,3,0,60,20,20,0,3,88,0,2,1,47,100,1,90,124,2,10,16,26,51,28,1,15,108,0,16,5,47,6,118,33,15,52,1,69,40,249,148,5,47,222,0,1,18,40,50,6,396,21,1,0,0,1,1,1,8,1,0,16,10,4,3,46,24,3,0,71,7,0,2,2,0,0,31,0,0,13,0,0,7,3
"TCGA.EM.A2P1.06A",295,162,28,199,103,6,203,78,63,623,11,60,2,535,968,1,3,1208,121,3,154,44,63,101,60,150,208,422,1,10,11,0,10,0,50,10,362,737,44,2,1546,87,1860,189,24,28,104,920,407,6,9,1362,491,84,332,702,420,2325,386,122,735,1254,341,206,203,340,315,10,30,1493,57,10,371,177,215,796,107,1122,39,1556,761,7,7,343,771,1,9773,360,7,11,934,353,332,2212,7,16,74,178,103,30,1526,277,28,505,333,0,1684,215,255,15,230,574,0,30,2,545,2777,4,2118,743,25,85,271,249,688,158,110,350,332,0,222,358,1124,52,1044,267,286,3494,122,2042,939,5737,556,23,303,2537,23,0,252,16264,549,514,2226,824,37,0,0,39,4,13,111,9,127,330,56,197,227,478,488,37,0,5601,226,0,0,3,0,0,1646,0,0,262,43,3,686,177
"TCGA.EM.A3SU.06A",2430,540,293,902,86,37,808,234,261,996,215,257,18,1104,2054,5,12,2488,644,43,55,212,317,288,241,1005,2873,851,15,46,37,15,99,1,583,23,592,2436,190,4,5883,785,12494,111,25,88,120,2038,2130,122,23,7629,827,190,511,2382,1762,1348,1056,530,3886,2287,1221,1496,743,573,490,66,99,3980,245,28,2152,215,308,725,245,5373,117,4828,2350,60,8,1638,2262,1,16350,1127,42,30,1811,855,1025,4640,24,27,203,392,431,259,3639,1819,49,3388,841,10,3717,194,1396,50,614,1502,8,73,4,1393,8179,90,4876,2137,47,383,382,1433,3473,1162,172,812,327,17,265,434,2424,327,2687,403,418,9675,242,7319,1302,12168,3407,142,1312,6054,122,9,709,13777,1755,391,7622,787,65,3,5,99,21,98,1047,33,270,262,871,377,915,775,491,234,25,5348,916,6,1,33,8,73,5216,6,4,1433,40,57,955,606
"TCGA.J8.A3YH.06A",135,16,6,71,43,1,287,121,17,105,1,37,1,317,575,0,3,1129,118,44,21,7,46,69,31,165,162,143,7,6,9,2,6,3,7,2,133,516,59,1,1502,131,280,24,15,39,42,526,290,5,2,1357,98,0,114,353,322,433,227,127,752,473,280,442,76,130,137,4,35,1003,80,5,391,104,84,393,118,957,31,1341,631,9,0,207,573,0,5049,259,1,5,500,181,208,450,3,4,39,66,179,23,561,226,9,295,161,1,1023,40,234,5,169,627,0,7,2,277,873,13,911,494,23,108,162,61,865,311,30,183,39,6,67,115,367,37,732,127,79,2416,33,1633,277,2835,1078,80,298,1240,20,0,135,1461,382,85,1805,203,7,0,0,21,1,31,230,12,23,123,135,73,122,159,115,46,9,450,134,3,7,2,0,5,364,2,0,177,5,20,71,129
"TCGA.DJ.A13X.01A",158,61,28,98,76,4,254,40,12,63,0,24,0,68,359,1,2,752,10,21,9,0,17,10,64,3,15,31,3,0,2,2,8,0,0,3,126,165,49,1,374,5,9,21,2,21,18,146,18,0,0,206,73,0,64,114,9,452,40,21,107,217,75,25,5,31,37,21,18,469,13,3,49,43,46,44,10,160,7,264,230,8,4,3,105,0,895,64,1,7,232,81,33,261,0,0,2,17,27,20,201,10,0,11,9,0,281,226,15,0,21,79,0,2,1,43,40,1,300,74,2,2,23,57,87,20,71,57,49,0,27,16,73,21,305,18,18,376,3,1418,65,1173,189,12,51,315,2,1,28,692,139,9,515,86,3,0,1,2,34,6,168,4,3,21,33,15,11,43,23,7,3,1,35,2,2,0,0,1,0,1,0,1,0,0,15,0
"TCGA.MK.A84Z.01A",264,88,2,59,49,0,148,31,4,47,1,49,1,89,74,0,2,222,8,23,2,0,17,12,90,1,0,10,3,3,0,0,7,1,2,2,60,416,16,1,39,13,25,5,2,1,39,55,0,1,0,9,239,0,21,21,13,215,15,9,248,143,111,1,2,184,18,6,24,236,4,0,3,34,18,15,0,63,3,92,65,18,0,2,35,0,1059,18,0,3,75,15,21,15,2,0,0,1,18,15,47,0,0,1,3,1,113,74,9,1,13,60,0,3,1,15,6,1,92,59,1,0,13,64,24,6,21,6,74,0,12,5,26,4,126,13,3,74,0,15,12,274,275,1,27,159,0,0,9,60,33,3,131,75,1,0,0,0,3,0,2,3,1,8,11,4,0,21,8,2,2,2,5,0,0,0,0,0,0,1,1,8,2,0,0,0
"TCGA.E8.A2EA.01A",3222,149,15,97,28,3,241,99,13,211,6,71,0,427,581,0,2,647,21,15,20,3,21,74,18,134,63,115,5,4,6,1,6,0,9,2,124,510,52,3,1358,30,232,51,5,9,134,551,134,4,2,936,559,10,169,431,66,1888,205,111,367,724,359,382,115,252,259,21,31,1197,34,2,64,201,81,514,61,498,30,1178,519,13,2,184,389,1,5297,238,0,3,748,427,161,1195,1,11,12,94,159,28,693,9,4,44,100,0,1118,370,39,1,103,686,0,6,0,370,2543,0,1163,983,3,74,183,364,445,32,87,133,709,1,163,168,541,7,1123,107,179,1115,163,184,757,3248,286,59,211,2390,6,2,92,12469,457,633,1538,2316,16,1,1,1,1,28,795,7,35,200,74,37,6,262,376,81,9,1086,52,0,0,0,11,9,177,3,0,61,3,0,510,67
"TCGA.EM.A1YA.01A",693,295,21,113,35,0,133,78,1,171,1,46,6,525,245,0,23,710,18,122,8,1,6,8,39,24,8,25,2,5,1,8,0,0,1,0,74,217,37,2,267,64,56,43,2,3,74,92,9,0,0,5,253,0,21,42,30,288,31,21,161,169,178,3,2,42,21,114,30,433,9,0,18,314,21,25,8,222,4,103,67,9,0,1,40,0,1129,68,0,5,130,30,61,280,3,2,11,7,26,34,94,8,2,3,6,1,117,507,11,3,10,84,0,13,0,30,15,10,169,49,65,2,15,84,63,13,47,27,24,1,12,4,35,23,110,8,10,107,1,11,33,409,149,8,30,177,0,0,16,61,52,2,242,945,5,1,1,3,1,2,8,1,1,17,241,2,4,9,5,3,0,2,6,0,2,0,0,0,0,7,0,3,0,4,6,0
"TCGA.DE.A4MC.01A",63,56,1,153,113,1,169,37,3,290,1,37,2,271,324,0,1,1301,7,10,21,0,12,37,21,27,12,198,5,1,1,1,8,0,4,7,107,414,87,0,524,6,13,15,23,9,99,184,8,0,1,114,89,2,57,285,5,1240,168,42,146,881,92,32,30,69,300,6,15,570,16,1,23,81,111,143,104,601,60,523,897,0,1,12,783,1,3849,153,0,5,455,148,166,55,1,3,2,259,79,8,396,0,1,13,87,2,1340,49,80,12,106,473,0,11,1,311,78,7,765,494,2,20,165,236,391,7,47,427,516,0,139,32,215,17,942,79,306,1981,8,63,1413,4305,200,133,186,1826,5,0,71,710,841,137,1103,346,39,0,3,1,3,10,86,9,30,61,15,43,8,337,507,148,20,343,67,1,1,0,1,3,0,0,1,12,0,0,20,1
"TCGA.EL.A3ZR.01A",193,142,0,34,32,2,312,49,1,2,1,53,0,30,100,0,4,201,40,40,4,0,15,4,160,2,0,3,0,3,0,1,5,9,0,5,60,248,24,1,61,21,161,3,1,1,13,63,2,0,0,3,205,0,12,21,4,295,7,8,133,17,137,0,1,39,3,3,30,185,10,0,13,9,9,5,1,108,4,30,60,8,0,1,16,0,897,16,1,2,198,8,32,34,0,0,1,0,15,13,37,0,0,1,2,0,128,10,2,4,3,26,0,3,0,15,4,0,50,9,1,0,5,82,75,17,21,2,20,1,4,0,8,7,121,10,2,33,0,13,8,139,144,3,15,46,1,0,8,55,40,0,111,5,0,0,0,0,0,1,2,0,3,5,9,3,1,1,5,1,0,1,3,0,0,0,0,0,0,1,0,0,0,2,0,0
"TCGA.E3.A3DY.01A",160,78,7,78,24,4,280,78,4,146,6,27,3,222,413,0,1,413,13,6,8,1,15,18,15,28,1,52,2,1,5,3,9,0,1,15,168,282,39,0,560,4,28,42,10,13,30,292,55,2,0,349,358,0,122,261,17,801,126,40,158,127,166,79,37,129,117,10,26,534,7,1,121,42,88,181,42,337,25,479,346,7,3,80,222,3,2531,80,0,2,319,134,74,1020,1,0,5,56,61,13,450,6,3,21,66,2,651,151,37,1,34,243,3,11,0,188,777,0,579,239,2,26,71,146,98,8,55,124,230,1,97,90,257,17,353,85,47,641,44,257,226,2529,103,21,80,683,2,0,65,12637,200,68,957,221,15,0,0,3,1,1,179,5,2,63,61,44,7,89,69,25,1,370,31,1,0,0,4,1,0,0,0,17,2,2,335,33
"TCGA.EM.A4FN.01A",154,12,1,56,12,0,230,18,0,52,4,24,0,111,257,0,3,295,3,26,0,1,15,24,7,30,2,15,1,5,0,0,4,0,0,1,63,136,35,0,322,6,5,10,2,3,15,171,5,0,3,44,20,0,26,106,0,262,64,56,211,188,134,21,6,44,32,5,18,346,15,0,26,33,50,18,13,177,3,462,185,7,2,8,52,0,1149,71,1,4,215,111,61,111,1,0,2,18,55,10,244,2,3,8,15,0,335,69,3,1,15,126,2,5,1,113,37,0,332,203,2,7,46,225,139,10,4,78,104,0,37,12,94,15,320,47,40,300,1,17,99,752,197,16,74,510,0,0,59,234,197,7,1140,98,2,2,0,0,0,4,69,4,4,8,90,15,2,40,56,35,5,5,16,2,0,2,0,1,0,0,0,23,0,6,5,0
"TCGA.EM.A3SZ.01A",25,61,4,73,15,2,87,60,8,117,0,25,3,94,259,0,1,248,16,7,16,0,6,16,31,37,6,37,20,0,6,1,3,0,2,21,87,150,27,3,366,11,44,24,10,12,31,386,107,1,1,243,343,0,61,335,37,512,135,49,252,292,131,74,46,184,108,16,23,460,10,3,103,25,42,111,47,303,23,381,227,6,0,80,177,1,2430,81,0,2,261,75,120,1235,1,5,5,47,39,16,286,15,2,46,53,1,571,136,79,5,28,209,2,8,1,165,2111,0,419,241,35,69,61,168,153,21,52,98,191,0,84,50,208,7,353,143,71,623,101,327,274,1364,114,27,114,623,4,0,53,22420,198,47,570,433,12,0,0,3,3,11,40,7,4,74,30,35,9,100,103,18,4,343,23,0,0,0,6,3,5,0,1,31,3,0,476,171
"TCGA.FY.A3R6.01A",1239,367,51,178,30,7,183,85,71,396,21,80,3,318,453,4,3,924,47,24,30,16,33,92,68,175,156,156,6,7,12,10,4,0,126,9,205,573,49,7,1240,100,1945,51,3,26,101,670,230,24,3,3746,657,47,142,680,127,1902,315,111,684,771,206,395,121,383,322,25,47,1177,46,3,208,250,193,665,128,613,84,900,793,28,1,244,535,6,5475,226,5,5,939,293,99,1902,4,17,23,166,252,24,783,110,1,293,274,1,1282,250,300,13,111,455,2,10,0,358,4284,18,1198,677,10,95,134,312,468,49,173,215,534,6,205,171,570,26,855,179,177,1644,148,1873,628,4086,247,55,226,1571,12,0,191,30024,468,428,1137,1232,13,1,1,7,12,8,232,7,30,220,33,79,42,208,193,60,2,1752,104,2,0,11,9,3,806,1,0,87,9,9,628,122
"TCGA.EM.A3FN.01A",1165,61,1,250,60,8,335,61,0,135,0,55,0,305,1276,0,1,271,35,40,1,2,24,7,99,10,2,6,1,4,0,0,21,0,1,0,92,312,10,3,71,84,13,9,2,1,6,73,2,0,0,1,407,0,13,12,241,425,9,0,236,15,113,1,5,49,5,6,24,181,20,0,9,20,7,4,1,27,0,74,71,2,0,1,13,10,1312,37,3,3,49,18,10,9,0,0,1,3,23,20,55,3,0,2,8,0,37,7,4,1,4,37,4,2,0,13,12,0,49,17,6,0,10,24,23,12,5,21,21,0,2,1,15,5,51,23,0,23,0,7,40,120,151,12,28,63,0,4,3,24,10,0,95,234,0,0,0,0,0,1,2,0,1,5,40,4,0,0,0,3,0,4,6,0,0,0,0,0,0,1,0,5,0,0,2,2
"TCGA.EM.A2OV.01A",1166,63,286,158,23,2,52,49,0,80,0,82,2,221,129,0,7,907,51,8,11,0,17,6,108,8,1,21,33,2,0,3,0,1,0,0,74,232,15,4,159,9,18,11,2,2,11,92,5,0,0,0,148,1,23,30,4,113,10,11,90,71,65,3,7,11,17,84,10,277,8,0,7,287,23,11,4,153,13,113,150,21,0,1,47,5,720,18,0,4,101,33,51,61,2,0,2,9,12,11,122,0,0,4,9,8,139,21,5,1,20,133,1,8,1,17,12,24,160,23,7,1,23,23,16,4,49,18,8,0,12,3,49,5,78,9,3,148,5,21,23,498,122,7,16,94,1,0,5,171,30,5,144,82,2,0,0,2,0,24,13,0,0,27,9,3,1,2,1,0,1,0,7,0,2,1,1,0,0,4,1,2,0,1,4,0
"TCGA.E8.A44M.01A",2650,422,66,332,55,12,340,148,133,816,84,173,5,711,1553,4,4,1815,114,43,75,46,82,257,90,478,196,472,2,17,59,5,8,5,261,27,265,1207,130,28,1925,219,3080,144,40,57,247,1405,887,40,3,5224,1499,194,367,925,232,3841,703,209,1328,584,832,1082,234,1681,712,49,122,3225,140,10,677,376,293,938,215,1291,292,2800,1762,16,1,485,1256,3,3525,522,5,9,1315,833,225,3453,7,50,69,330,420,67,1924,181,15,555,255,12,1455,818,942,9,305,1369,1,32,1,909,6245,35,2374,1538,25,226,573,557,744,243,221,413,1719,5,262,335,1581,47,2557,343,530,1595,238,2744,1348,8327,937,143,1133,4239,55,0,520,25930,1282,1021,3164,3289,117,8,2,47,1,21,1309,50,89,628,64,160,293,698,586,188,6,4095,212,2,1,8,39,4,1146,1,8,250,0,15,2236,442
"TCGA.DJ.A13L.01A",749,126,30,133,47,2,205,101,49,488,2,80,5,450,1168,0,5,755,40,15,43,2,20,67,40,121,27,217,10,4,11,2,6,0,24,7,139,865,85,3,1464,56,431,53,6,24,159,700,185,2,13,4488,382,23,161,551,148,1738,345,126,524,1459,226,184,113,391,389,20,30,1721,47,4,158,295,198,645,158,485,66,1047,938,7,0,154,533,0,5152,301,1,7,1067,428,119,915,12,6,7,189,217,31,755,35,4,80,137,2,1075,528,358,9,114,647,1,15,1,425,2903,12,1345,946,6,92,239,211,525,42,80,268,404,1,208,153,462,21,1122,148,295,1353,153,631,1001,5734,609,101,396,2202,13,2,208,29194,654,616,2381,1551,21,6,1,1,2,12,191,12,44,197,80,97,51,353,484,97,8,1560,165,3,1,1,5,2,543,0,3,103,1,8,383,131
"TCGA.BJ.A2NA.01A",188,40,24,52,17,4,184,30,7,79,0,40,2,121,268,0,1,584,1,21,5,2,15,21,37,11,1,40,7,8,0,3,11,0,3,11,137,139,61,2,588,1,12,30,3,5,21,234,8,2,1,175,94,0,49,153,3,744,100,26,171,270,81,105,21,101,40,4,18,475,7,0,20,64,94,26,15,257,24,332,212,18,0,20,146,2,1688,53,0,7,374,162,94,122,0,1,9,30,43,40,531,6,2,7,25,0,332,113,10,2,39,149,0,6,0,75,87,0,490,154,12,4,42,206,130,4,47,55,171,1,69,40,100,7,312,60,39,288,6,21,143,1678,184,8,63,528,3,0,50,3938,149,23,636,200,1,0,0,3,1,12,557,0,1,31,24,17,0,56,51,21,17,98,26,1,4,0,0,2,0,1,2,21,0,0,61,6
"TCGA.E3.A3E1.01A",194,59,11,85,15,2,156,42,1,139,0,34,2,207,244,0,1,452,16,20,1,0,12,20,23,34,4,42,2,3,1,1,7,0,0,1,113,223,60,1,403,23,30,16,1,2,21,165,20,1,0,120,98,0,34,160,28,473,79,64,99,223,106,82,15,61,43,4,5,460,9,0,32,119,65,55,12,278,18,420,232,21,0,23,111,1,2357,94,0,2,289,98,80,146,2,0,9,30,47,5,242,6,3,15,40,2,385,1,17,0,39,143,0,4,0,92,115,0,485,143,2,15,23,159,193,9,12,193,71,0,35,23,137,11,292,32,43,763,12,30,151,1232,139,12,42,561,0,0,50,5813,184,21,896,222,1,0,0,3,0,5,98,1,2,25,67,47,5,65,37,16,5,40,21,2,1,0,0,2,17,0,0,18,1,1,30,4
"TCGA.EM.A2CR.01A",183,5,0,18,30,0,880,46,0,1,0,229,0,78,126,0,2,98,8,39,2,1,9,5,15,0,3,2,24,12,0,2,4,1,5,0,6,24,8,1,124,56,15,8,0,2,0,175,6,0,0,0,17,0,27,10,20,190,13,5,379,56,154,163,1,9,6,30,27,249,20,0,223,21,0,8,2,87,0,107,15,10,0,0,20,1,2721,37,0,0,43,25,35,557,0,0,1,0,28,3,94,6,1,0,2,0,74,511,2,10,12,47,0,1,3,50,24,0,121,49,0,0,1,190,42,34,9,17,103,0,6,3,11,7,123,27,0,15,0,0,15,103,254,4,11,175,0,5,15,8,0,0,553,5,0,0,0,0,1,2,6,0,3,6,56,2,0,6,4,1,0,4,8,0,4,0,0,4,0,2,0,5,0,0,0,0
"TCGA.DE.A3KN.01A",337,40,3,244,61,2,267,52,5,168,0,107,0,103,194,0,8,447,5,31,8,1,17,30,178,6,1,44,2,5,4,1,2,0,0,7,130,234,37,3,106,4,61,8,4,11,6,119,17,0,1,100,49,0,24,73,8,707,63,11,346,324,161,12,15,110,43,3,37,522,23,1,32,39,63,40,10,131,27,173,243,12,1,12,131,1,1459,28,1,5,244,74,32,253,2,0,1,23,52,37,159,4,3,7,13,1,265,97,24,1,37,161,0,1,1,61,42,2,264,105,8,10,52,32,75,24,51,13,69,3,30,12,99,20,297,111,24,353,7,229,71,909,426,13,63,500,4,1,30,1818,99,0,389,7,17,1,0,3,3,4,3,1,1,39,27,6,2,31,21,3,3,21,9,1,0,1,0,0,5,3,0,15,0,1,39,2
"TCGA.FY.A3R9.01A",576,217,13,1006,55,4,89,26,6,16,0,21,5,78,523,1,12,438,10,16,0,1,6,8,35,6,5,7,4,0,1,3,8,0,0,1,32,290,34,2,420,16,61,15,0,4,23,89,4,2,1,40,76,0,21,17,23,343,13,25,100,136,79,0,1,80,9,173,16,281,3,0,9,23,9,9,8,57,2,106,37,6,0,1,33,1,999,25,0,4,131,16,23,85,0,0,0,4,12,10,87,1,2,1,7,0,127,89,4,0,11,21,1,3,0,24,5,1,114,18,10,1,8,20,61,5,35,18,6,0,9,12,21,15,63,23,7,194,1,7,6,501,209,2,13,85,0,0,23,84,20,1,179,25,1,0,0,2,0,1,2,0,2,4,12,15,0,6,30,3,0,1,11,0,0,0,0,0,0,6,0,0,0,0,2,0
"TCGA.FY.A3YR.01A",115,23,11,55,21,0,55,23,3,100,0,27,1,97,175,0,0,206,0,15,3,0,11,17,30,5,2,53,7,3,1,0,9,0,2,3,75,97,34,1,226,2,8,13,18,1,25,108,2,2,2,51,24,3,15,111,4,403,37,15,129,178,98,7,9,46,51,5,9,400,6,0,7,82,37,40,12,222,21,191,232,2,0,1,172,1,601,49,0,4,168,59,61,31,3,0,0,52,42,13,130,0,1,0,30,1,200,64,12,1,25,212,11,4,0,60,21,3,261,199,7,4,63,61,80,3,15,88,156,0,21,12,88,9,292,30,97,277,23,1,293,1183,104,15,92,490,1,0,37,153,212,35,413,118,8,1,0,1,0,30,9,5,46,33,9,8,1,104,142,64,5,92,16,0,0,0,1,3,0,1,4,23,0,0,0,0
"TCGA.E8.A418.01A",53,20,6,100,9,0,117,42,3,89,2,55,0,148,328,1,15,169,4,30,6,3,10,30,20,27,6,30,1,2,3,3,1,1,2,3,118,193,33,2,460,30,24,15,8,7,51,137,7,0,2,66,82,1,49,175,6,438,94,183,108,695,171,128,20,97,89,2,24,324,55,1,34,69,137,94,49,409,40,475,298,2,0,6,285,1,1672,103,0,2,335,100,100,79,3,2,5,40,100,6,305,8,0,12,35,0,353,203,21,4,61,349,1,4,1,245,99,3,377,281,0,7,94,76,144,16,32,161,226,0,43,30,148,18,488,47,88,567,7,13,227,2062,160,46,122,888,2,0,44,325,505,55,716,565,2,1,0,0,0,11,573,4,4,25,21,13,5,90,100,66,10,39,56,0,1,0,0,4,0,2,0,25,0,7,55,5
"TCGA.J8.A4HW.01A",499,15,3,220,23,3,177,26,0,52,0,21,1,21,154,0,3,379,8,35,1,17,16,7,60,7,2,5,2,7,0,1,2,1,0,2,34,1021,30,1,238,27,7,9,10,0,6,66,9,0,0,1,114,3,108,24,3,40,9,7,43,30,144,4,6,34,11,3,16,217,1,0,21,635,7,4,2,108,2,49,74,28,0,2,15,3,621,101,2,4,95,15,50,74,2,0,7,2,5,30,142,10,1,4,4,2,84,8,5,2,5,23,1,5,2,18,8,1,60,16,4,1,3,146,28,16,16,10,74,5,5,4,12,15,100,9,6,123,4,17,23,281,133,4,12,47,1,2,30,39,23,2,120,2,0,3,1,0,0,3,4,2,18,9,63,5,1,6,3,1,0,0,16,1,0,0,0,0,2,0,0,5,0,0,5,0
"TCGA.DJ.A3VI.01A",71,25,5,165,6,3,122,33,3,268,1,26,3,111,191,0,4,374,8,15,8,0,28,5,5,9,3,34,6,4,2,2,7,0,1,4,30,117,42,2,211,6,24,15,9,8,27,126,34,0,0,98,123,0,24,169,21,618,63,9,107,227,150,61,15,64,44,8,23,236,18,0,84,35,56,55,15,206,13,238,146,4,0,32,150,1,1811,39,0,1,236,51,55,725,2,1,7,21,47,18,198,3,0,15,40,0,389,30,33,2,53,139,0,3,0,85,368,2,335,197,0,65,59,400,124,6,23,52,73,0,34,27,179,20,293,55,18,391,23,3936,85,845,114,15,71,488,1,0,20,8535,113,11,293,55,13,0,0,3,1,3,42,5,1,64,28,20,7,55,65,3,0,80,13,1,1,0,1,0,4,0,0,37,1,0,169,40
"TCGA.DJ.A3VJ.01A",261,26,7,288,35,4,219,59,8,217,1,47,1,194,413,0,4,485,12,23,11,4,13,20,15,25,23,76,1,2,3,2,7,0,6,2,84,270,35,0,866,23,61,21,17,9,76,217,23,3,3,735,209,0,80,265,35,748,103,79,252,602,171,87,20,194,144,15,16,568,20,1,51,158,95,337,57,312,30,476,348,39,1,25,293,3,4316,135,0,3,407,86,110,181,0,2,8,55,81,24,350,10,3,6,81,0,775,0,74,5,46,374,0,4,0,131,175,4,493,355,2,24,122,247,206,33,23,122,203,0,75,42,228,21,727,59,107,1386,25,98,374,1927,485,31,162,858,0,2,46,3136,264,90,645,469,12,0,0,3,1,7,42,2,7,123,49,51,12,184,175,25,2,755,30,0,0,1,0,3,51,0,0,21,0,5,80,8
"TCGA.FY.A40L.01A",181,34,3,146,28,2,131,30,6,119,3,51,1,103,448,0,2,220,6,11,2,0,21,21,15,23,0,42,3,2,0,2,3,0,1,9,121,621,42,2,462,12,80,26,15,5,47,172,13,0,1,249,79,3,74,140,11,671,61,33,131,622,139,24,10,98,67,5,15,551,6,0,59,43,68,57,21,351,35,376,278,13,3,20,197,4,1857,74,0,6,490,76,103,238,0,1,7,55,66,3,337,2,2,5,30,0,351,179,21,1,37,227,0,6,0,149,315,3,370,185,4,7,74,200,107,6,20,94,189,0,71,42,153,8,315,56,80,420,23,153,243,1936,194,40,104,681,0,2,85,4156,238,111,1020,315,15,0,2,2,0,16,42,3,30,24,35,26,7,92,161,46,3,188,23,1,1,2,3,2,40,1,4,13,0,2,98,16
"TCGA.EM.A3ST.01A",79,4,0,21,5,0,130,61,0,34,0,150,0,67,73,2,5,143,17,172,5,0,6,16,12,6,0,21,2,9,2,0,20,2,0,2,25,253,23,2,76,27,136,5,0,2,25,153,2,0,0,3,42,0,30,23,5,698,6,15,304,24,209,1,4,172,11,6,32,268,31,3,35,153,2,11,2,90,3,104,118,1,4,1,28,1,502,15,3,3,61,39,47,172,1,0,2,1,27,27,47,0,2,0,2,0,47,49,7,2,9,171,0,4,1,28,18,4,74,34,4,0,21,245,31,51,1,12,40,0,12,2,43,15,186,12,4,18,0,12,30,186,165,8,78,114,0,0,12,16,27,0,128,172,1,3,0,2,3,2,1,1,0,9,11,6,0,4,4,4,0,1,4,0,1,0,0,0,0,0,0,7,1,0,0,0
"TCGA.DJ.A3V7.01A",80,24,5,92,17,0,160,46,2,61,0,49,1,71,161,0,2,259,5,31,1,3,11,30,15,23,0,24,7,6,0,2,2,0,2,3,34,196,46,1,281,21,39,10,6,5,28,181,21,1,1,21,67,1,30,137,9,257,49,37,160,168,168,47,21,63,50,11,21,346,2,1,30,40,47,25,17,443,5,335,172,9,0,1,84,0,1363,92,10,2,242,97,139,175,2,0,3,25,27,13,207,15,0,2,17,0,281,49,18,3,28,184,0,2,1,86,30,3,240,153,2,9,30,168,115,8,6,113,181,0,33,26,73,13,293,44,47,565,1,12,171,976,169,25,95,501,0,0,32,894,207,20,766,159,1,1,5,1,0,0,87,0,5,9,40,15,1,52,104,61,3,23,27,0,1,0,2,1,0,0,0,17,0,2,9,7
"TCGA.IM.A41Z.01A",78,6,2,149,16,0,21,30,5,88,2,18,0,53,215,1,0,300,7,5,7,1,12,12,9,13,1,44,0,1,3,0,2,3,1,0,24,111,9,3,262,13,37,9,9,2,44,68,4,0,0,55,39,0,42,92,16,604,73,20,111,567,88,51,3,105,75,5,9,330,2,1,12,34,35,146,30,165,16,312,242,10,0,5,159,0,1630,63,0,2,173,32,39,65,0,1,1,25,46,4,136,2,0,4,30,1,255,57,66,0,28,177,0,5,0,56,50,0,211,160,1,6,57,99,47,6,16,42,168,0,64,21,146,6,290,18,40,368,0,37,163,1068,111,20,69,465,7,1,15,362,143,66,351,150,12,1,0,4,2,2,76,0,0,57,28,8,9,86,71,15,0,213,2,0,0,0,0,2,0,0,0,11,0,1,13,1
"TCGA.BJ.A45D.01A",586,18,23,39,30,1,227,56,4,24,1,124,20,84,219,1,7,986,25,26,2,3,17,11,18,31,3,23,6,7,1,0,3,0,2,0,55,148,49,0,416,55,86,20,1,1,20,179,21,0,0,3,37,0,69,79,24,189,106,32,398,133,166,148,12,80,30,10,39,675,37,0,23,37,12,76,6,300,0,488,293,13,1,15,31,2,1526,104,1,8,203,74,81,61,1,1,3,15,130,27,293,18,1,8,10,0,257,471,39,3,15,177,1,5,1,49,89,1,238,169,2,6,28,133,217,53,23,61,84,2,27,6,66,4,341,30,23,298,4,32,47,295,688,17,79,382,1,0,21,137,168,13,808,42,2,1,0,0,4,6,206,2,3,17,42,10,1,53,39,20,8,5,17,3,4,0,0,2,0,3,0,26,0,4,18,4
"TCGA.EL.A3ZK.01A",128,37,13,286,13,1,199,30,15,405,2,78,2,98,528,0,5,666,10,30,7,1,16,16,10,118,24,40,8,4,1,1,5,1,2,2,99,277,67,5,715,24,13,24,4,7,25,257,26,2,0,82,149,2,53,193,24,254,89,24,133,523,139,53,15,80,64,12,26,501,16,2,56,120,20,47,21,412,15,346,431,3,0,13,163,1,3169,86,0,4,488,78,165,641,2,3,28,79,43,23,404,1,2,6,24,0,548,122,33,0,26,208,0,8,0,153,185,3,427,111,7,17,59,163,259,27,49,131,76,3,40,31,80,9,205,40,80,1058,15,2457,211,1764,211,23,113,317,4,0,82,9249,168,53,613,250,9,0,5,2,0,2,73,3,26,34,46,40,15,37,190,30,6,28,68,0,2,1,1,4,0,0,0,16,0,6,139,15
"TCGA.DJ.A3V0.01A",94,13,80,64,25,3,166,43,7,80,3,52,2,57,219,1,6,666,8,28,9,2,9,16,15,20,7,26,0,2,5,2,4,0,0,5,56,149,86,3,338,6,25,21,8,5,37,156,10,2,0,362,64,1,26,94,13,317,37,23,158,191,215,8,5,95,53,4,26,519,21,1,25,103,17,66,23,201,10,270,229,17,0,8,104,4,2847,79,0,3,239,76,82,114,0,0,4,31,39,130,196,8,3,5,21,0,211,98,17,1,21,153,9,9,5,94,65,3,293,163,12,7,47,203,122,15,8,50,168,0,43,23,80,6,245,34,56,288,26,34,211,812,405,15,47,425,3,0,43,223,151,50,597,274,11,0,0,2,0,27,33,1,37,23,26,4,6,49,74,24,1,88,35,0,0,0,3,1,4,0,2,7,0,0,5,5
"TCGA.DJ.A2Q6.01A",511,113,30,206,50,2,414,107,12,349,4,39,3,226,557,3,4,2145,24,15,26,5,15,18,30,35,31,173,8,6,2,12,10,0,7,7,217,353,56,5,614,18,181,143,8,24,42,225,44,5,4,1209,121,3,51,349,98,728,105,52,392,880,186,92,26,160,98,8,21,1005,15,3,92,84,108,163,52,367,21,592,471,9,6,56,405,1,3426,169,0,1,499,159,84,565,0,3,7,71,52,105,624,31,3,66,146,0,732,71,76,3,52,262,4,8,1,189,367,3,863,300,32,40,85,160,275,37,47,108,150,2,75,68,374,26,457,121,100,1455,75,245,337,2479,315,18,136,915,3,0,111,8347,338,101,862,360,10,1,0,5,2,6,53,10,55,76,71,131,32,100,196,23,1,686,59,0,3,2,1,4,122,1,16,55,2,3,199,32
"TCGA.KS.A4I7.01A",95,15,0,53,31,2,194,43,6,55,0,33,1,80,129,0,1,103,4,17,2,0,8,13,17,8,3,13,2,3,1,1,7,0,3,0,52,121,11,0,171,5,10,6,2,3,27,85,4,1,0,9,23,1,13,80,6,419,25,26,94,206,80,21,3,131,40,0,18,238,5,0,18,33,30,33,9,76,3,219,225,10,0,3,60,1,808,73,0,1,126,47,17,51,2,0,5,10,49,15,103,3,0,1,16,0,186,86,6,1,15,158,0,2,0,68,32,0,185,135,6,2,30,37,64,15,10,53,126,0,18,15,39,11,272,55,15,139,3,18,98,573,127,17,30,362,1,1,42,836,98,12,368,75,1,0,0,1,0,9,49,1,6,17,3,6,2,24,39,21,1,12,13,0,2,0,0,0,0,0,0,10,1,1,8,1
"TCGA.EL.A3ZQ.01A",94,69,0,17,7,0,137,71,9,28,0,64,0,40,103,0,0,113,7,37,0,1,4,9,10,63,8,26,3,1,2,0,10,0,1,4,32,110,21,1,267,17,18,12,0,3,7,573,149,13,0,315,205,0,40,177,26,274,85,10,802,74,162,35,64,68,55,30,4,836,30,3,75,37,15,143,6,103,0,368,156,119,0,59,28,1,1003,40,0,0,94,49,61,445,0,0,5,28,207,4,67,11,0,17,23,0,236,104,15,0,30,175,0,1,0,113,928,0,261,526,2,81,44,51,74,12,33,23,205,0,23,16,122,5,319,156,15,84,156,57,119,215,142,37,183,325,1,1,81,1459,94,2,592,30,0,0,0,0,4,30,5,0,3,46,34,4,0,68,16,6,0,32,3,0,1,0,9,0,6,0,0,25,16,2,293,39
"TCGA.FY.A3WA.01A",163,942,1,501,253,4,356,55,0,303,0,47,2,366,686,1,11,730,26,6,9,1,37,4,61,17,13,30,64,11,1,11,34,0,0,0,80,1279,26,3,190,10,18,7,8,23,61,223,5,0,0,0,175,0,301,21,118,268,27,16,56,61,173,15,4,108,17,11,30,287,4,1,8,15,5,23,10,126,4,124,134,2,13,4,50,1,1042,611,2,5,261,90,27,18,4,1,5,3,26,25,126,8,2,6,17,5,189,305,18,5,17,103,0,1,0,37,23,11,181,26,3,1,20,61,74,16,42,32,533,1,7,18,37,15,104,4,6,349,2,20,18,851,254,25,111,107,4,0,8,43,50,0,241,21,5,0,0,1,20,3,35,5,1,15,17,7,10,9,4,1,0,1,53,0,0,0,1,2,0,1,0,2,0,0,4,2
"TCGA.E8.A3X7.01A",189,12,16,49,4,0,89,23,4,50,1,15,0,42,131,0,3,226,3,23,0,2,3,15,6,16,7,21,4,2,0,0,0,0,0,2,31,76,23,0,223,16,25,35,3,0,5,84,10,1,1,639,9,1,15,64,7,285,26,7,165,128,133,4,4,51,21,2,18,283,20,0,24,24,10,37,11,177,8,217,181,3,0,10,42,2,675,55,0,0,126,39,47,124,1,0,0,21,28,7,101,5,2,5,15,1,131,84,8,0,15,131,1,5,0,52,50,1,168,146,3,7,21,71,92,6,4,33,122,1,12,15,30,4,173,47,44,165,51,53,128,494,165,4,35,353,0,0,35,66,139,15,416,59,6,0,1,0,0,10,4,4,15,12,3,18,3,47,68,23,0,37,10,0,0,0,0,0,32,1,0,12,1,0,1,1
"TCGA.DJ.A3UV.01A",1408,383,21,148,49,4,407,69,1,293,1,63,0,297,590,0,2,522,28,30,16,3,23,21,57,26,5,69,37,3,5,6,5,0,0,7,127,419,95,5,578,10,26,24,6,8,71,188,27,0,1,422,222,0,46,215,24,771,59,26,151,208,175,32,10,201,86,10,35,644,10,0,23,128,44,131,33,248,40,457,452,21,1,15,222,2,2382,139,0,3,303,124,67,196,4,4,3,47,59,33,330,6,3,10,68,0,533,197,35,4,40,245,2,4,1,146,142,4,531,265,35,6,82,303,177,18,31,71,400,0,87,46,168,13,491,35,63,765,15,31,267,1840,194,23,115,815,2,1,59,3325,267,153,832,992,16,2,0,3,1,61,85,2,5,49,24,33,9,129,119,24,17,268,11,4,0,0,2,0,1,0,1,12,7,0,113,20
"TCGA.EL.A3ZL.01A",111,12,5,74,15,3,169,28,10,35,1,40,0,30,136,1,0,545,8,56,0,0,12,8,11,5,6,9,2,7,0,1,2,0,2,1,42,200,17,1,81,3,18,7,1,3,15,97,5,0,0,84,26,1,6,61,4,126,4,3,126,60,100,13,2,31,7,4,17,197,8,0,18,87,9,20,5,89,1,53,61,4,2,6,39,0,1758,26,1,2,55,18,31,215,1,0,1,6,27,15,104,1,0,4,5,0,111,37,12,0,7,42,2,3,0,23,39,3,103,42,0,4,13,110,23,16,2,15,63,0,7,15,43,9,59,73,12,115,3,634,37,217,211,8,23,122,0,0,7,338,43,28,259,104,0,1,0,2,0,2,3,7,13,2,9,6,2,25,31,6,0,76,15,0,1,0,0,0,2,1,3,6,1,1,8,2
"TCGA.DJ.A3V5.01A",160,34,13,94,18,0,194,40,5,212,3,26,0,84,264,0,2,490,9,23,1,4,21,7,17,27,2,42,8,1,1,2,12,0,1,3,80,432,47,0,374,5,15,53,9,1,24,168,12,0,0,469,23,2,37,121,4,156,25,15,108,515,139,21,16,46,52,3,30,454,33,2,10,142,25,15,20,208,20,292,404,5,1,5,183,1,1320,104,1,0,281,59,64,183,1,2,2,69,31,34,220,1,2,3,35,0,445,37,34,15,20,107,0,1,2,136,28,1,396,165,5,1,35,129,139,4,18,92,87,0,20,18,49,18,274,43,108,657,15,17,290,1521,139,26,68,445,3,0,75,438,257,65,591,133,2,2,0,1,0,17,18,2,37,4,10,37,5,85,165,44,5,120,23,0,1,3,1,0,12,0,5,9,0,0,6,4
"TCGA.ET.A25K.01A",153,10,2,312,30,0,99,23,3,31,1,32,1,21,126,0,1,575,4,8,3,0,6,6,12,7,6,9,3,11,2,2,6,1,0,2,35,108,28,0,154,6,7,12,0,3,6,73,5,0,0,74,30,0,15,40,8,113,5,4,123,56,61,7,3,40,8,1,20,229,11,0,111,30,3,27,5,60,2,79,79,6,0,2,30,1,1271,31,0,3,59,21,25,55,1,0,5,10,12,6,126,1,0,6,9,0,69,16,11,3,7,37,0,0,1,15,13,7,94,25,6,0,11,115,44,6,8,15,27,0,9,6,23,4,99,32,8,135,0,133,35,278,197,1,21,92,1,1,2,111,40,11,171,27,0,0,0,3,1,4,27,1,1,11,24,7,3,8,15,2,1,30,9,3,0,0,0,0,0,0,0,5,0,5,7,5
"TCGA.DJ.A2PR.01A",63,78,6,186,27,2,350,63,21,411,1,95,0,234,367,0,0,641,23,15,11,0,15,28,10,28,5,177,6,2,8,2,10,0,3,3,117,247,43,3,716,5,17,23,1,9,74,211,40,3,3,213,229,0,79,293,40,1441,74,42,203,212,197,111,25,398,99,8,20,472,7,4,57,26,183,189,69,267,32,777,457,5,0,33,441,0,2524,111,1,3,383,150,63,441,1,3,8,82,92,11,366,5,3,31,142,2,730,98,75,1,168,381,0,8,0,189,448,1,951,379,10,13,122,135,181,12,25,101,255,0,150,42,573,42,800,55,104,1372,20,78,325,2742,149,44,196,1326,0,5,49,3789,303,160,896,547,32,0,0,5,0,4,134,3,3,124,149,71,15,236,97,30,2,2255,47,2,0,0,3,1,2,1,0,42,6,4,148,16
"TCGA.KS.A4I9.01A",146,9,2,61,21,3,122,23,0,78,1,15,0,86,267,1,0,236,1,31,1,1,17,15,8,12,3,17,2,4,0,3,2,0,3,1,78,249,25,0,305,5,13,20,5,1,26,139,3,2,1,13,23,1,30,82,4,201,42,24,222,154,111,7,11,40,39,0,15,298,11,0,8,37,33,10,4,203,5,223,234,6,0,3,80,2,679,52,0,0,217,84,33,90,2,1,4,30,24,25,272,2,2,2,23,0,222,197,21,1,12,120,0,4,3,66,65,0,281,119,3,10,31,97,97,15,6,103,95,1,35,13,74,9,162,42,40,259,5,24,153,949,135,8,49,343,0,0,71,627,146,9,725,68,2,0,0,0,0,3,124,1,8,10,13,16,3,43,105,50,8,5,23,1,6,1,0,0,0,0,1,15,0,0,10,4
"TCGA.ET.A39P.01A",149,5,3,226,27,1,99,21,1,43,0,20,0,35,178,0,7,304,2,9,0,0,7,7,0,6,4,6,5,2,0,0,4,0,1,6,56,129,23,1,351,8,30,5,1,1,8,122,12,0,0,17,18,2,16,85,7,168,20,3,142,379,122,5,6,26,15,7,5,323,4,0,10,43,5,5,3,242,0,110,120,2,0,6,37,2,981,35,0,1,148,24,80,44,0,1,24,15,15,8,119,5,1,1,10,0,194,106,15,0,7,40,0,2,0,46,26,3,186,47,1,3,11,115,49,4,9,49,57,0,16,5,10,15,76,15,24,150,2,1,56,644,104,11,18,118,0,0,52,1160,95,6,466,46,1,1,0,0,0,10,3,0,32,6,12,7,2,23,30,7,1,10,10,0,1,1,0,0,0,0,3,3,0,8,7,0
"TCGA.DJ.A2PY.01A",67,4,15,69,18,0,117,25,4,134,2,18,5,101,201,0,0,184,7,7,7,0,5,0,8,6,0,23,2,3,0,1,4,0,1,0,84,85,30,0,286,0,9,18,2,2,12,111,4,0,0,21,18,1,34,113,6,194,25,20,79,203,61,4,17,25,42,3,5,283,4,0,4,52,42,44,21,154,9,208,151,2,0,4,121,0,1464,61,0,2,136,43,40,52,6,2,6,20,15,4,165,7,0,8,39,3,337,34,25,3,15,117,0,3,0,82,43,2,341,113,2,2,17,57,60,4,7,80,35,1,40,13,68,6,148,28,47,914,3,28,144,1279,94,20,28,325,0,0,35,1457,113,23,328,60,0,0,0,0,0,9,9,0,55,18,12,35,3,49,61,24,1,18,50,2,0,0,1,0,6,0,9,4,0,1,16,1
"TCGA.ET.A40S.01A",146,55,0,111,15,2,215,34,25,142,1,92,4,333,573,0,4,371,34,40,8,1,13,32,15,28,2,52,47,15,4,0,23,2,3,2,107,317,33,3,494,18,75,25,8,11,40,356,30,1,5,412,486,2,46,217,12,1234,133,111,184,693,111,66,33,242,135,16,24,666,21,1,33,64,124,144,43,222,23,586,503,18,0,32,277,1,2837,244,0,3,428,222,65,536,1,2,7,76,110,17,343,11,2,21,47,0,564,283,46,2,86,483,0,3,0,230,955,6,664,455,4,60,78,114,200,20,248,119,283,0,71,50,250,10,597,118,142,1642,35,82,340,2137,274,49,217,1237,4,1,126,12599,327,63,1227,219,15,6,1,6,1,21,44,12,9,71,43,42,12,156,203,60,4,133,26,1,1,1,6,0,23,1,3,26,2,0,136,44
"TCGA.DJ.A2PW.01A",80,40,8,108,7,3,203,42,6,100,1,33,0,74,322,0,5,151,23,84,1,0,25,28,8,30,15,15,7,2,0,0,0,2,1,8,79,171,24,1,423,47,50,23,5,5,37,168,87,3,0,137,161,0,34,153,28,194,71,32,177,208,148,61,26,98,47,2,15,368,3,0,65,94,26,89,23,208,6,407,231,32,2,46,103,2,2043,103,1,1,257,94,78,165,0,1,18,25,35,30,151,7,2,43,43,0,393,90,23,5,47,107,0,7,0,134,350,0,346,128,90,15,33,120,217,31,5,69,242,1,37,40,113,21,323,42,23,692,215,131,95,1067,171,15,57,429,2,0,23,9052,126,15,874,540,0,0,2,5,1,52,69,5,37,26,46,30,10,67,26,12,1,9,42,2,1,2,1,0,0,0,0,15,0,2,118,9
"TCGA.DJ.A13U.01A",149,21,3,78,35,1,57,30,1,37,1,26,1,50,133,1,3,442,4,6,2,2,23,10,15,15,2,23,3,1,2,4,3,0,0,2,42,156,37,1,267,6,56,8,7,2,17,126,7,1,1,84,32,0,17,111,16,200,23,20,74,168,90,21,5,31,24,13,15,327,18,1,15,42,27,9,7,281,8,130,173,26,1,8,75,1,1088,26,0,2,177,39,80,207,0,0,0,18,23,3,123,2,2,11,16,0,179,25,23,4,13,103,1,5,0,43,49,1,241,81,4,8,18,117,94,15,11,51,75,2,30,16,42,16,148,24,32,252,1,34,151,645,92,15,35,226,0,0,47,851,113,30,306,184,1,1,0,0,1,1,23,4,7,13,28,11,8,23,74,26,0,21,10,0,0,0,0,0,12,0,0,7,0,3,15,0
"TCGA.ET.A40T.01A",612,71,26,98,37,5,286,59,27,217,7,52,1,252,597,4,3,840,26,20,42,3,25,44,37,78,57,111,4,6,9,7,25,1,21,13,120,356,57,4,693,26,353,25,15,21,66,398,92,0,2,904,143,12,97,219,35,1127,148,64,391,351,259,128,21,239,149,5,50,874,40,3,92,188,98,288,74,364,50,490,385,17,0,55,281,0,2904,168,1,7,464,212,98,465,2,6,11,82,98,20,380,74,4,94,51,2,494,300,163,7,47,396,2,4,2,175,606,13,568,385,8,27,154,215,196,50,47,139,346,0,94,59,288,20,664,53,98,641,37,1355,420,2199,420,25,189,953,4,0,94,2536,379,97,1282,391,34,2,0,3,2,79,98,4,23,153,64,39,26,171,136,52,11,301,42,0,0,1,2,2,161,1,0,39,3,3,211,51
"TCGA.BJ.A2N8.01A",700,30,4,88,33,2,129,111,0,33,1,73,0,63,231,0,5,821,37,12,2,0,20,5,61,13,3,12,8,5,1,2,8,4,3,3,46,368,49,2,322,30,61,17,0,7,35,92,3,0,0,12,200,0,46,56,3,318,43,11,203,55,128,85,9,94,12,11,15,380,11,0,25,113,1,37,5,466,2,494,151,5,4,9,27,3,872,40,2,4,190,95,143,288,0,2,5,9,37,25,231,4,0,3,8,2,166,126,13,2,7,124,1,9,0,47,13,0,139,50,4,0,20,150,79,15,15,33,49,1,37,15,55,16,212,47,8,188,1,81,43,735,126,11,8,99,0,0,28,100,53,21,706,64,0,2,0,2,4,3,117,1,20,18,39,5,3,15,12,3,18,8,17,0,1,0,0,0,2,1,11,2,0,3,5,0
"TCGA.BJ.A192.01A",665,376,228,100,27,20,63,113,1,98,0,16,0,55,426,0,9,385,16,10,5,1,30,15,148,2,2,5,5,2,0,0,0,0,4,0,42,179,31,0,280,80,4,13,1,2,297,179,5,0,0,4,35,2,47,40,35,61,43,2,101,67,139,92,15,1,7,3,7,314,3,2,6,27,3,15,1,126,3,257,59,7,3,3,9,3,874,28,2,2,158,47,30,42,4,0,23,0,13,11,229,2,1,5,2,3,104,114,7,0,2,66,0,4,0,60,8,3,203,13,0,0,15,32,110,8,44,18,31,5,28,23,28,1,43,17,1,23,0,0,42,497,82,9,6,51,1,1,51,65,21,4,666,103,0,0,0,63,2,9,90,3,3,9,15,4,0,6,2,2,0,1,34,1,1,1,1,0,0,0,0,5,5,0,4,1
"TCGA.EL.A4K4.01A",60,12,20,56,21,16,98,23,7,267,0,26,0,80,225,0,4,376,3,6,2,0,5,10,15,51,1,25,7,1,2,0,0,0,1,0,127,146,42,0,631,5,15,20,1,11,26,130,8,1,1,59,47,2,56,153,1,547,43,42,104,360,139,63,21,79,55,13,8,442,27,0,6,156,52,44,15,257,15,278,295,3,2,3,163,1,4555,44,0,1,359,56,97,356,1,0,0,42,43,8,407,3,0,2,18,1,869,290,26,4,40,124,1,4,0,106,100,4,353,144,2,7,28,173,113,4,30,247,86,0,37,11,114,8,226,11,59,757,49,9,148,1496,126,12,55,556,2,0,13,1007,189,30,1093,159,3,0,0,3,0,4,21,2,126,15,8,15,1,47,92,23,0,46,74,0,2,0,0,1,3,0,16,21,0,2,35,8
"TCGA.ET.A3DO.01A",206,286,15,185,33,1,149,95,30,301,4,57,2,384,549,0,2,765,37,6,47,2,26,56,56,139,23,165,12,6,8,1,8,1,5,31,129,798,75,4,1023,24,144,80,9,16,126,716,312,2,3,1257,1373,5,117,509,107,1247,509,165,707,639,265,285,55,503,322,40,39,1634,44,1,165,248,173,571,201,448,85,1242,806,11,0,358,567,0,4576,236,0,4,968,533,139,2463,1,15,24,213,220,18,977,34,6,66,194,2,1050,763,272,4,113,788,0,49,0,379,4837,3,1283,785,4,73,206,374,716,40,209,304,683,1,95,154,751,16,1103,292,229,1607,267,529,833,4382,281,69,332,1860,17,2,191,23429,863,581,1380,1891,15,0,1,5,3,8,465,13,15,184,60,110,42,240,320,137,12,1644,39,1,1,0,18,3,39,0,0,98,10,4,1519,127
"TCGA.EL.A4KH.01A",231,3,5,55,33,0,275,61,2,35,1,99,5,49,172,0,3,364,10,49,4,8,10,5,13,21,8,9,4,15,0,2,8,0,0,2,60,154,32,6,355,12,4,15,2,5,12,158,2,1,0,21,32,0,27,114,4,76,37,8,303,63,300,40,0,49,15,7,63,325,21,0,56,16,6,7,0,108,0,505,226,15,0,1,20,0,931,64,0,1,94,44,37,60,0,0,6,7,60,26,163,7,2,0,8,0,247,88,6,1,9,111,3,3,5,53,17,1,110,129,2,5,24,135,89,30,0,26,108,0,30,8,28,11,184,43,15,209,9,4,44,265,387,8,55,212,2,0,30,64,134,11,783,47,4,0,0,7,0,0,57,3,4,6,63,12,2,25,40,15,0,4,17,5,8,0,0,1,0,0,0,5,0,4,1,0
"TCGA.CE.A3MD.01A",311,30,0,87,24,3,351,39,4,40,1,94,0,110,353,0,7,771,12,37,4,10,7,40,67,5,2,44,3,9,0,3,11,0,5,3,80,351,42,3,270,15,32,17,1,0,10,300,9,0,1,10,59,0,18,88,3,485,42,40,333,184,150,7,11,63,69,5,26,682,17,3,34,130,60,76,9,126,13,338,148,16,2,2,113,1,1843,49,1,8,315,118,44,24,0,1,20,24,59,21,249,3,5,0,18,0,199,177,12,2,30,156,0,3,2,73,15,3,351,197,1,8,61,171,108,24,8,57,118,0,27,18,88,7,325,61,35,134,1,10,85,1049,275,9,73,581,1,0,80,526,169,9,907,126,7,2,4,3,1,1,2,1,1,37,32,11,4,37,51,21,0,6,26,0,0,0,1,0,0,0,0,5,0,2,5,5
"TCGA.E3.A3DZ.01A",188,107,2,245,71,2,382,84,0,15,0,13,0,485,103,0,2,549,47,35,1,1,17,9,88,5,0,13,15,11,1,6,7,0,0,6,90,317,44,2,73,15,21,6,1,5,47,75,2,0,0,26,636,0,15,18,4,169,6,13,188,40,139,1,0,177,12,1,24,335,6,1,30,15,13,7,8,76,5,37,46,5,1,1,53,0,2609,40,0,2,57,13,15,148,0,0,1,8,25,18,53,0,0,1,12,0,106,31,12,5,2,30,0,0,0,17,9,2,60,30,1,0,5,120,53,8,16,6,31,0,10,0,24,18,245,30,8,124,0,7,15,197,166,2,20,80,1,12,2,259,30,4,73,185,2,1,2,6,4,11,11,1,0,4,13,4,1,9,16,1,0,15,8,0,2,1,0,0,0,0,0,3,0,1,15,1
"TCGA.EL.A3CP.01A",196,18,2,139,30,0,241,49,2,50,0,15,0,35,144,1,0,243,7,33,0,0,16,10,6,7,1,5,15,1,0,3,9,0,0,3,71,158,21,1,101,4,4,32,0,0,8,88,1,0,0,13,23,0,4,55,1,118,8,7,82,133,98,5,4,5,11,2,15,213,11,0,10,55,12,6,0,53,1,56,171,5,4,1,51,1,970,25,1,3,92,21,21,115,1,1,5,10,9,23,156,0,0,2,8,0,139,40,4,1,3,27,0,1,1,51,15,0,115,40,1,4,7,39,59,11,12,34,26,0,4,1,20,15,61,26,12,85,21,1,56,562,135,7,23,98,0,4,30,30,73,4,220,103,1,0,0,92,0,2,0,1,9,1,4,7,1,15,30,17,3,4,9,1,0,0,0,0,0,1,1,2,0,0,1,0
"TCGA.DJ.A2PN.01A",203,15,10,198,25,2,184,40,2,168,2,31,1,61,190,0,3,824,10,21,2,0,16,10,9,15,0,28,32,1,0,2,10,0,1,0,86,725,47,5,328,12,35,7,5,4,24,118,6,1,0,21,65,0,84,65,7,225,43,20,95,121,89,13,2,47,15,6,21,300,16,2,21,76,27,21,12,186,6,228,389,40,0,5,69,2,907,80,0,4,161,64,75,98,0,1,5,21,33,34,231,4,1,8,10,2,193,71,9,3,23,105,0,0,1,61,23,1,242,61,6,2,39,142,95,8,30,46,55,1,26,13,74,8,219,59,21,239,3,18,82,818,206,6,40,257,2,1,25,450,111,6,310,105,2,0,2,0,2,4,26,2,2,15,67,25,5,21,32,15,3,3,12,5,1,0,1,0,0,0,0,6,1,0,4,4
"TCGA.EL.A3ZQ.11A",2188,853,268,413,117,21,475,150,69,425,52,238,5,531,822,1,25,1542,85,165,139,55,55,47,127,134,156,200,16,35,25,5,166,3,47,7,201,644,81,4,1080,99,1029,76,143,21,144,533,222,9,13,1123,358,30,133,332,259,1031,275,78,372,468,287,146,108,137,253,21,68,1275,64,6,168,346,162,364,92,484,76,703,635,28,16,211,405,4,2032,222,5,11,831,393,105,1014,17,17,25,128,172,193,471,73,9,270,40,9,658,206,206,5,81,317,1,12,1,278,2526,23,1003,264,15,137,142,104,121,137,160,84,790,8,92,95,254,42,545,163,92,1824,113,1063,244,3132,609,46,327,1247,20,9,144,26901,315,69,1115,409,21,2,13,25,15,53,92,13,44,113,34,47,165,84,39,146,3,431,103,1,1,3,21,1,455,2,1,52,11,9,346,175
"TCGA.BJ.A3PR.11A",9634,335,362,441,47,2,869,211,1207,562,228,317,9,491,620,42,7,1108,207,25,21,172,142,367,160,2258,2443,201,163,53,98,1,55,6,670,10,281,2387,203,21,3706,2105,4956,59,4,28,181,4852,3655,118,1,9726,1003,988,529,1404,823,1260,465,98,8528,676,1402,2065,536,1215,510,312,305,2700,337,16,1822,337,66,876,136,1466,26,2829,1357,78,21,1849,447,21,5183,383,43,11,441,671,519,4639,2,126,131,118,592,183,1505,1029,26,1426,253,25,1029,555,1035,15,134,1249,0,42,20,905,14428,13,1891,2787,31,561,257,2336,973,642,65,353,1945,8,142,493,712,28,2046,406,300,601,798,5234,1102,2405,1752,238,1031,2653,18,0,590,39400,596,839,4436,986,13,9,6,23,13,13,499,17,200,300,398,74,183,353,515,289,8,3591,172,23,20,6,31,23,7483,1,6,929,13,107,649,409
"TCGA.KS.A41J.11A",2255,740,111,288,146,11,709,181,18,516,15,86,16,698,1086,4,7,1714,107,50,51,17,66,73,79,156,117,293,50,11,16,7,9,2,31,21,228,520,92,4,1073,56,812,87,10,21,171,423,181,1,4,1811,967,0,71,285,140,1355,215,143,315,681,282,571,71,288,270,23,34,1225,53,4,197,322,165,254,118,752,82,665,682,47,6,80,520,0,2573,290,0,7,929,422,124,796,5,8,40,153,126,49,485,107,6,222,111,1,562,722,148,11,92,392,2,20,2,274,1066,15,836,367,49,105,206,81,431,97,126,250,418,4,84,84,391,34,695,110,196,1131,57,914,724,3647,353,35,234,1180,17,2,196,16548,476,387,1085,1183,37,1,2,12,2,63,252,10,27,149,34,44,126,159,213,61,21,620,105,1,3,8,8,4,186,1,0,42,8,3,389,84
"TCGA.EL.A3MY.11A",1086,325,288,367,61,6,201,66,0,363,1,89,1,270,322,0,10,1063,97,16,9,0,16,11,84,0,2,30,2,3,4,0,1,0,0,4,71,228,56,4,345,10,18,44,0,9,85,61,8,0,5,52,335,0,21,63,42,418,25,75,63,409,121,3,1,59,24,17,21,405,15,2,1,173,80,31,20,121,8,153,163,23,3,1,113,1,1293,61,0,2,193,18,32,61,3,0,1,8,20,25,80,4,1,0,31,0,261,110,5,1,31,86,3,1,1,37,9,1,248,35,15,3,34,24,23,5,37,28,21,0,27,4,61,15,126,8,25,684,6,16,20,650,173,5,32,226,0,0,3,292,35,5,161,73,1,1,0,3,3,10,6,1,0,20,28,3,1,34,15,2,1,1,8,2,2,0,0,1,0,1,3,3,0,0,0,0
"TCGA.BJ.A2NA.11A",7522,338,153,325,74,20,537,181,61,555,135,137,2,649,603,7,2,1970,148,783,55,92,66,198,184,1014,478,348,73,15,24,7,42,1,393,11,222,919,146,24,1636,245,3261,46,21,21,98,1223,937,18,11,5735,460,92,217,801,549,1592,485,232,1822,692,420,743,270,554,466,71,33,2376,51,12,855,376,225,724,150,1546,134,2081,1125,42,0,949,547,5,4740,454,17,15,737,491,295,1580,3,82,151,285,249,59,607,553,15,1306,250,0,857,107,409,10,146,833,3,27,0,523,3363,39,1945,921,90,201,271,391,882,259,100,457,507,3,184,201,771,66,1402,144,165,1318,142,3293,922,5997,606,84,450,2609,104,9,522,12794,916,403,2897,833,25,2,0,66,7,82,437,12,95,278,127,68,198,303,139,118,23,2113,197,3,5,15,3,2,2292,4,5,211,2,9,379,118
"TCGA.EL.A3GZ.11A",666,520,94,293,86,11,376,87,0,278,0,104,1,277,380,0,4,611,18,10,15,2,20,12,71,18,2,49,8,2,0,2,7,0,0,3,148,212,34,0,121,12,30,16,1,3,46,98,12,0,1,63,171,0,25,57,11,425,57,37,39,203,95,23,5,65,23,21,15,437,4,0,3,142,43,31,15,104,18,161,148,10,1,6,79,2,543,65,0,6,156,66,23,30,1,0,3,23,35,15,78,0,0,5,11,0,120,84,8,0,17,107,2,5,0,44,32,1,197,57,9,2,23,9,55,3,49,26,95,1,21,2,65,9,151,6,31,351,15,17,73,670,121,13,30,250,0,0,10,382,84,25,139,171,2,1,1,0,0,24,15,1,0,18,5,2,1,9,15,6,2,21,10,0,0,0,0,2,7,2,4,0,0,0,17,2
"TCGA.EL.A3T8.11A",2457,816,322,133,76,10,386,139,3,285,1,136,8,422,416,2,15,931,122,37,9,0,31,23,103,20,3,94,6,9,5,0,2,1,1,9,88,232,40,2,359,21,13,63,8,7,117,131,17,1,3,175,197,0,17,56,35,848,61,49,61,166,181,25,8,90,49,25,23,597,13,1,9,156,56,97,11,196,24,211,197,17,10,5,113,1,688,126,0,5,219,85,55,118,6,0,5,34,42,28,168,3,0,7,31,0,139,280,26,6,30,123,6,6,1,55,76,2,261,103,3,4,21,55,106,4,25,46,133,0,33,11,81,23,234,23,33,312,1,32,98,857,205,17,55,335,1,0,23,1162,113,21,350,413,8,2,2,2,5,10,111,3,0,49,61,12,0,40,44,13,1,15,7,0,3,23,0,1,0,0,1,5,0,0,4,2
"TCGA.EL.A3TB.11A",936,1153,348,970,156,7,283,158,3,553,2,74,2,353,1735,1,12,1441,55,30,20,2,33,21,85,20,2,133,13,3,10,1,7,2,0,8,175,422,85,6,510,31,59,110,18,7,135,222,24,0,4,564,682,0,37,160,142,1127,161,49,179,523,179,50,32,86,126,27,18,1019,21,1,50,201,103,325,25,262,30,544,406,16,2,21,220,0,2560,98,0,5,484,234,55,409,5,0,3,60,94,49,255,5,8,11,33,2,335,222,56,3,57,225,4,3,3,94,679,3,457,179,10,49,98,25,106,11,61,74,94,0,40,11,203,17,376,122,63,897,37,153,146,1407,356,13,85,686,5,1,37,17082,143,35,391,434,2,1,2,1,6,8,17,4,2,92,17,61,11,34,33,8,0,27,16,1,1,17,3,1,5,0,2,42,3,0,184,33
"TCGA.EL.A3ZT.11A",1665,1028,193,133,80,6,500,120,2,498,1,90,6,428,573,1,15,1014,185,43,20,0,49,7,150,13,0,74,4,5,4,2,0,2,1,11,101,384,30,2,162,9,23,44,7,8,94,76,7,0,2,66,433,0,12,61,4,769,46,23,26,184,165,1,2,84,27,16,28,341,8,0,4,223,99,21,4,142,34,160,154,20,3,1,205,2,1143,66,1,4,206,63,42,148,2,0,3,11,35,31,103,0,2,0,34,1,184,37,5,6,61,130,1,3,2,35,9,1,310,84,9,0,28,13,123,8,33,13,43,1,23,9,97,34,189,12,15,1333,2,37,31,806,181,1,60,385,3,4,7,103,98,3,288,253,2,2,0,2,1,11,17,0,1,32,32,8,0,20,4,2,2,4,7,0,0,0,0,1,4,2,0,1,0,3,3,1
"TCGA.DO.A1JZ.11A",1067,376,7,2113,139,12,2628,59,0,491,0,52,0,190,1479,0,2,991,12,21,1,0,23,2,74,1,0,25,1,3,0,2,3,0,0,5,105,267,12,3,778,13,9,13,2,2,47,50,5,1,0,25,229,0,25,25,28,425,15,8,40,33,76,10,1,37,5,12,7,293,0,0,3,39,15,12,6,150,6,80,80,3,0,0,61,2,657,90,1,3,76,30,40,42,3,0,1,5,12,4,133,3,1,1,6,0,100,159,7,7,5,44,0,7,0,16,10,0,133,37,9,1,12,34,56,7,31,13,49,0,8,3,55,5,52,9,10,194,2,4,33,332,55,2,27,122,0,1,4,173,42,12,172,322,1,1,0,0,0,2,73,0,1,10,10,9,0,10,16,1,0,7,11,0,4,0,0,0,2,5,2,4,0,0,2,0
"TCGA.H2.A2K9.11A",5823,1436,222,715,126,33,732,211,348,1212,120,177,21,1075,1049,8,18,2484,413,318,166,94,78,184,298,591,616,611,159,24,49,15,49,4,249,26,379,1840,232,12,2721,317,5903,135,21,47,259,1516,687,57,5,3941,790,236,392,801,584,2165,485,249,1073,841,624,974,270,641,587,52,94,2643,80,17,907,515,322,959,239,1721,257,1927,1383,27,6,644,976,11,6644,576,13,23,1433,530,338,2342,28,40,171,295,245,133,1855,353,13,1782,445,10,1788,315,901,21,220,862,5,28,3,696,2915,50,2815,806,171,151,360,718,1212,286,171,616,468,17,280,208,981,168,1616,226,285,2899,136,3957,1071,8860,838,66,543,2403,56,2,425,19660,818,596,3036,1153,55,6,0,68,15,94,740,17,126,579,274,108,381,360,300,66,37,2192,343,7,7,4,3,5,1314,4,0,338,2,23,676,222
"TCGA.EL.A3ZG.11A",1273,44,23,149,30,8,325,37,1,92,1,23,1,120,312,0,3,197,39,13,4,3,17,3,30,10,2,18,0,6,1,0,9,2,4,1,17,69,16,1,90,10,4,16,0,0,60,65,6,0,0,78,71,0,5,15,21,100,21,13,23,79,106,0,2,21,12,9,8,154,8,1,3,60,8,6,7,34,3,92,84,23,1,1,24,0,238,43,0,0,49,25,10,50,0,1,0,5,34,16,25,5,1,4,3,0,71,64,6,0,4,74,2,1,6,13,12,0,61,50,2,1,15,12,21,6,3,11,50,1,2,1,6,3,53,6,9,94,1,5,12,130,107,8,23,119,3,0,3,21,25,2,74,24,5,1,3,0,1,2,4,1,1,6,18,6,2,9,4,5,2,13,1,0,4,1,1,0,0,0,2,3,0,2,1,1
"TCGA.EL.A3MW.11A",1323,748,637,239,92,10,349,69,5,460,3,80,3,506,1020,2,9,565,42,15,24,1,12,17,121,52,3,110,4,3,5,8,9,1,1,7,126,194,42,0,450,9,87,42,2,5,60,108,9,2,1,370,205,0,20,133,46,1049,119,80,49,360,106,37,6,69,86,12,6,601,11,0,7,497,151,119,30,159,25,464,345,15,2,0,293,1,1977,135,0,2,255,90,40,111,3,0,6,92,68,21,190,1,2,5,13,1,353,257,15,4,65,208,0,2,0,71,12,3,519,200,4,0,61,42,97,10,63,99,107,0,47,12,113,9,333,16,144,755,4,66,143,1795,142,13,66,702,0,2,35,341,239,71,405,255,1,1,1,1,2,2,121,3,3,15,8,32,1,30,21,6,1,24,5,0,1,1,2,0,47,3,1,1,1,0,3,0
"TCGA.BJ.A28R.11A",4780,1240,231,555,113,43,554,340,300,1127,213,212,21,1295,863,17,15,2749,262,42,146,121,76,409,249,688,631,735,35,27,34,11,47,3,411,33,426,1739,118,10,2538,319,5968,126,43,40,191,1341,835,101,6,5652,988,267,455,1180,653,3954,763,242,1633,1080,423,571,290,639,749,74,89,3808,92,26,845,562,441,1597,343,2355,288,2941,1676,34,4,752,1263,8,4423,604,15,16,1254,992,422,2767,9,27,89,436,385,105,1721,343,31,1597,370,10,1496,337,657,25,264,1202,5,25,0,790,4326,46,3204,1316,40,241,452,931,1270,277,277,649,653,3,323,259,1587,105,2446,419,308,4007,193,3873,1457,10494,943,64,641,3954,86,1,562,52981,1289,641,3238,1914,78,1,1,79,15,21,442,10,63,670,194,126,220,495,262,99,9,1641,384,6,0,9,12,3,1801,0,5,362,32,15,812,171
"TCGA.EM.A1YC.11A",1546,215,100,126,59,11,391,78,7,353,1,126,5,442,358,4,6,623,115,82,28,0,39,57,42,71,24,227,2,16,7,1,49,1,0,6,55,306,30,7,622,20,9,65,16,10,148,298,21,0,6,3028,501,1,47,253,55,1955,245,122,190,1298,261,198,6,380,315,35,24,1152,26,0,23,434,223,647,156,274,55,1449,630,122,3,51,359,4,4531,346,0,2,519,278,44,105,2,0,4,86,348,30,178,5,1,23,104,2,562,274,151,1,133,493,1,24,0,188,177,3,798,744,8,15,242,53,351,20,12,175,478,2,110,74,438,13,779,49,129,988,10,201,495,2038,379,16,222,2527,2,15,80,1275,551,259,1097,1559,15,0,3,1,1,5,79,1,1,140,31,69,8,221,151,63,7,479,7,3,4,3,0,0,1,0,5,26,0,0,15,8
"TCGA.ET.A2MX.11C",1556,588,87,207,67,5,645,76,1,227,0,78,9,442,641,0,2,670,133,55,15,3,25,15,57,24,4,88,7,4,2,0,9,1,0,5,126,341,24,0,261,21,61,34,2,11,111,148,8,0,6,281,150,0,34,81,64,847,74,47,79,209,227,25,3,94,92,23,18,523,20,1,20,142,75,206,47,168,23,314,197,24,3,2,139,1,1115,78,0,3,271,126,46,118,3,2,3,37,84,31,103,0,2,4,16,0,213,142,10,6,37,162,1,5,2,61,61,2,219,140,1,8,67,16,60,5,23,63,122,0,43,16,117,11,264,37,40,407,13,31,137,807,156,7,66,577,5,0,18,4275,130,28,310,333,7,0,0,3,4,4,8,3,1,76,13,12,2,55,30,11,0,10,8,0,0,0,0,0,3,1,0,10,0,0,26,4
"TCGA.BJ.A290.11A",2387,1746,310,144,75,25,533,114,2,310,1,75,5,562,680,0,15,1218,338,71,27,0,33,21,140,11,5,111,9,5,2,2,2,1,5,10,117,368,52,1,418,28,51,61,1,7,46,186,13,0,1,222,257,0,40,88,85,735,80,32,88,92,188,16,3,64,80,8,21,734,24,1,17,317,123,82,25,239,37,412,254,55,3,1,172,3,549,107,1,5,270,122,59,129,1,0,15,32,80,67,129,13,2,15,32,1,185,28,23,1,32,213,6,3,1,56,24,7,478,171,2,4,67,34,98,9,71,111,66,1,37,18,137,23,303,21,33,507,21,61,67,1275,220,7,60,571,0,6,31,916,178,43,345,915,4,1,1,6,3,9,35,1,1,40,42,21,3,35,17,10,2,8,30,0,0,51,3,1,0,3,1,5,2,0,3,4
"TCGA.EL.A3TA.11A",3007,407,82,409,50,6,564,129,6,222,2,110,4,471,1237,0,11,440,376,23,20,9,52,16,55,60,5,74,61,7,4,3,40,3,2,12,193,197,32,3,471,27,53,16,5,9,84,128,23,0,3,392,92,0,44,92,27,618,68,39,52,264,178,26,5,97,40,15,23,429,4,2,27,115,33,88,20,303,15,353,281,21,2,6,133,0,1325,84,1,5,206,106,69,105,5,0,5,27,46,44,262,8,7,11,17,1,259,274,55,3,24,207,3,6,4,71,74,3,277,135,40,2,52,37,114,25,18,46,472,0,37,13,85,15,199,18,53,345,10,53,169,970,211,15,74,437,3,0,26,346,156,68,525,956,8,0,1,1,1,40,199,5,3,23,98,28,4,42,59,12,10,31,15,0,2,2,0,1,53,3,0,7,0,0,9,1
"TCGA.BJ.A2N9.11A",3352,384,136,383,146,37,661,259,63,1270,74,206,4,1833,1272,8,4,2273,340,128,139,103,108,350,113,1251,887,713,11,33,90,9,107,7,353,49,281,997,172,11,3583,785,3384,113,46,97,215,1838,1434,12,8,11860,730,90,330,1766,885,4145,1168,677,2814,4076,752,1496,317,1597,974,74,43,4790,160,11,1505,637,407,1728,468,3747,197,4848,2571,34,5,827,1453,4,18883,914,9,15,2804,1351,766,3877,12,31,163,536,765,63,1101,737,31,1592,484,2,2665,2418,773,39,274,2463,4,46,1,986,9791,32,3056,2782,40,553,707,426,2185,602,252,1096,1589,10,409,374,1560,139,4081,418,657,3719,318,3772,2418,10334,2167,239,1130,7805,156,4,683,21763,2455,1099,7950,2551,64,4,0,53,3,106,758,34,74,485,448,253,396,1031,675,272,26,2777,301,2,15,16,15,17,1125,1,3,282,13,53,838,305
"TCGA.BJ.A3PU.11A",1195,206,84,379,71,4,433,79,0,261,2,89,3,341,959,2,8,1003,137,44,24,1,40,20,31,3,5,67,8,6,4,3,7,3,0,5,105,368,55,1,447,4,15,23,1,3,120,158,12,0,4,374,175,1,18,90,37,1036,44,43,75,267,154,9,4,92,44,71,31,450,12,0,5,78,67,75,7,172,24,228,189,28,1,6,100,2,743,84,0,3,219,74,43,64,4,0,3,15,55,40,111,7,1,5,23,1,158,142,15,3,40,186,4,5,1,53,23,9,253,126,1,0,51,28,80,9,64,44,64,0,31,5,69,21,211,10,26,367,10,101,63,985,208,3,73,356,1,1,12,1218,107,35,230,440,5,1,0,5,6,6,52,0,4,26,44,16,1,34,28,11,0,20,24,0,0,3,3,0,1,0,0,3,1,0,10,1
"TCGA.EM.A1CT.11A",1758,871,338,1097,129,2,481,68,0,120,3,82,2,161,1190,1,13,1227,68,21,11,1,21,8,61,2,6,154,7,8,0,1,1,2,0,2,117,146,24,0,234,28,33,84,3,4,61,68,5,1,4,42,341,0,10,42,63,298,21,17,37,156,73,0,1,50,27,21,7,507,11,0,4,63,49,46,3,86,7,139,85,40,0,1,76,2,755,65,0,2,95,40,25,52,0,0,0,12,27,31,40,0,0,0,17,0,103,21,6,5,28,53,2,1,0,20,21,2,181,56,3,3,16,30,39,5,11,16,21,0,6,3,74,8,99,7,9,499,12,23,23,261,124,2,23,259,2,0,3,747,44,4,119,391,0,0,0,4,4,6,2,1,1,11,23,3,1,11,8,2,0,4,3,0,0,7,0,0,2,0,7,3,0,0,0,0
"TCGA.EL.A3ZS.11A",12223,479,368,999,121,15,1153,219,1240,981,353,519,63,947,1402,52,23,1733,427,181,64,396,278,757,265,2532,6730,437,99,52,84,5,238,15,1654,60,362,4139,238,30,11761,2940,6635,80,7,119,69,4731,4864,193,8,22289,1794,1063,949,3995,2337,2088,2145,476,8091,3481,2113,1662,1422,787,905,403,220,3610,407,42,4119,366,196,1036,510,4926,34,7991,3681,84,30,3145,1932,12,33644,982,40,25,2426,677,1801,5968,5,88,150,534,735,236,3028,2958,89,2259,951,9,6665,1822,1678,21,688,2074,6,126,25,1857,14746,18,3629,4571,42,1113,330,2803,4643,1967,188,959,1332,1,649,775,1609,21,3481,996,1137,6704,959,11392,2439,6390,4598,429,1450,5244,21,31,644,21416,1357,847,10728,1505,37,6,17,47,21,65,885,47,211,193,1106,290,667,1000,1571,295,21,7750,411,40,1,34,24,61,14926,6,1,2290,65,450,1776,553
"TCGA.BJ.A2N7.11A",1464,523,146,356,118,4,833,94,0,349,1,92,4,472,1089,0,10,1531,40,65,7,1,23,11,113,7,10,117,4,6,4,4,10,3,3,11,184,292,25,3,287,18,39,37,4,12,98,124,13,0,4,57,327,2,40,92,47,1137,76,92,80,503,173,17,6,142,47,24,23,441,4,0,17,134,191,37,15,168,30,409,231,13,1,7,261,3,2241,120,0,4,314,78,40,99,3,0,9,26,47,32,113,10,5,15,50,0,356,247,20,2,113,236,0,11,0,71,34,1,654,197,2,0,44,35,123,23,42,31,61,0,39,5,264,17,250,24,40,1885,5,60,42,1023,146,10,80,753,0,0,23,94,106,16,304,221,1,2,1,3,3,4,42,1,16,27,21,21,4,40,30,10,1,16,10,0,0,0,0,0,5,8,5,6,1,0,7,3
"TCGA.EL.A3ZH.11A",3154,886,171,248,51,13,332,103,5,323,4,56,7,423,1776,0,16,400,31,32,34,1,44,7,18,28,6,51,3,8,0,1,21,1,4,8,177,234,21,1,304,12,15,26,15,11,61,85,5,0,6,40,94,0,52,64,57,634,50,31,23,243,114,21,1,81,27,18,20,433,12,2,6,37,46,39,15,163,9,171,221,4,1,0,128,3,1526,65,0,4,208,60,40,71,4,0,1,25,17,34,282,1,3,3,11,3,203,642,31,4,37,103,3,6,2,39,10,0,301,65,2,1,16,28,89,3,23,21,241,1,20,21,86,12,100,30,21,945,15,13,64,815,181,4,30,298,2,3,7,135,63,30,380,598,1,0,0,0,0,0,153,1,2,21,113,18,4,26,34,0,0,61,23,1,1,9,1,0,21,1,1,3,0,0,4,2
"TCGA.ET.A3DW.11A",1271,213,87,374,63,3,271,46,0,90,0,55,18,228,363,0,10,682,80,10,4,1,8,11,88,4,1,90,3,3,1,0,4,1,0,2,53,165,35,0,406,5,15,46,0,6,68,37,3,0,0,28,217,0,13,42,57,433,32,37,30,43,56,18,5,59,26,15,15,281,3,0,3,267,85,15,11,115,15,160,124,10,0,1,71,1,223,56,0,4,87,53,30,55,0,0,1,6,32,12,61,2,1,3,15,0,80,21,4,2,34,104,4,0,0,26,10,0,203,57,2,0,18,30,39,4,21,34,23,0,15,2,49,3,120,6,16,389,3,40,15,544,94,3,26,271,0,0,3,74,103,2,129,30,1,0,1,2,0,18,16,1,0,23,39,2,1,6,1,7,0,3,6,0,2,0,0,0,1,6,0,4,0,0,1,0
"TCGA.ET.A2N5.11B",2072,600,151,259,111,5,534,107,2,590,1,42,5,509,393,1,17,1061,23,32,7,0,25,10,46,3,1,60,3,5,1,3,5,2,2,6,106,215,12,2,184,26,30,33,3,9,92,63,2,0,3,20,267,0,8,57,24,520,32,33,46,71,151,0,2,123,30,30,12,259,7,0,2,92,50,23,5,122,16,203,133,42,0,0,135,0,781,98,0,3,149,56,26,40,2,0,1,8,52,37,63,1,1,0,20,0,203,28,8,3,86,133,1,2,0,26,4,0,301,127,6,1,21,21,85,4,24,9,21,0,25,6,103,11,165,7,15,1526,5,21,15,567,148,6,42,405,0,1,6,50,73,3,161,1168,4,0,0,1,0,5,2,0,0,18,8,15,0,23,2,3,2,2,8,0,0,1,0,0,2,1,2,5,0,0,1,0
"TCGA.EM.A3ST.11A",1644,146,137,117,40,6,285,60,0,217,0,46,1,186,443,1,11,270,30,42,2,0,25,6,35,15,3,65,7,3,2,1,1,2,0,3,27,181,24,0,198,17,27,35,2,3,98,97,10,0,0,405,79,0,9,68,25,575,55,27,100,122,100,50,7,71,44,17,25,477,28,3,10,271,32,105,16,106,4,253,111,20,0,7,69,2,773,63,2,4,121,53,32,244,2,0,1,23,80,27,57,1,2,3,24,2,165,49,8,1,24,129,1,6,3,63,171,1,172,168,2,25,23,25,67,17,17,31,57,0,16,4,46,6,217,30,30,186,21,53,57,288,206,6,53,341,2,0,17,4886,110,28,205,171,1,2,0,1,3,1,15,1,1,25,34,28,1,21,21,4,0,39,2,0,0,0,3,2,1,0,7,13,1,0,46,5
"TCGA.EL.A3T1.11A",4179,833,442,462,230,16,343,124,198,897,186,211,5,567,765,9,8,2368,110,21,131,56,68,221,171,553,1156,495,21,34,21,27,21,1,431,37,370,1594,175,17,2826,248,4771,128,56,42,117,1380,841,34,2,2809,976,271,363,1029,495,2378,645,115,1609,961,469,894,360,510,649,55,88,2020,206,33,1099,379,227,847,241,1249,92,1527,1869,40,0,716,1118,7,7508,367,10,7,1608,922,177,2738,8,34,137,396,220,173,1437,359,10,1695,165,5,2109,422,832,17,103,726,3,24,1,681,5097,23,1622,713,17,297,293,1021,962,280,203,515,676,7,247,211,644,61,1249,301,485,2021,185,3165,1332,8004,688,78,494,2002,105,11,348,21982,1146,524,2548,1248,86,4,2,40,7,44,722,21,111,178,151,129,198,206,335,124,12,2353,327,6,9,11,8,10,2021,1,5,308,23,18,961,289
"TCGA.EM.A1CV.11A",530,348,30,245,33,4,371,79,0,349,0,100,1,374,453,0,7,353,73,16,3,2,12,7,31,1,1,27,10,7,0,3,5,1,1,5,108,160,24,1,81,21,34,32,7,2,57,55,0,1,0,6,94,0,6,21,7,704,7,7,20,74,150,0,0,34,10,8,10,199,4,0,4,52,32,30,3,94,6,74,50,11,0,0,51,2,574,51,0,1,69,21,27,42,3,0,0,6,23,25,21,3,2,1,6,2,76,3,4,3,12,42,3,2,0,23,6,2,105,23,5,1,10,17,16,4,9,4,21,0,13,3,34,9,61,2,4,163,4,2,12,213,85,0,23,124,0,0,2,6,15,1,87,49,1,0,0,1,2,32,0,0,0,13,13,1,2,9,10,0,9,3,3,0,0,1,0,0,0,0,1,8,0,1,0,0
"TCGA.EM.A1CW.11A",498,480,17,105,59,3,343,76,0,332,0,34,4,431,335,0,5,261,34,5,17,0,15,13,110,9,1,75,1,3,1,2,2,1,1,3,84,160,17,6,206,7,27,18,4,4,71,98,4,3,1,31,232,0,23,111,21,616,85,32,25,385,105,35,15,35,61,12,10,433,3,0,15,206,63,135,25,139,47,268,78,6,0,15,118,0,2198,151,0,1,208,61,46,215,0,0,21,35,12,20,103,0,2,1,33,0,285,119,27,6,15,92,1,2,0,84,217,1,229,142,3,16,63,10,30,4,25,47,39,1,40,7,94,12,166,49,42,150,17,30,156,1046,30,2,21,304,1,1,42,8079,65,39,156,441,5,0,0,1,0,0,6,1,1,52,15,10,2,49,56,2,0,47,2,0,1,0,1,0,0,1,0,3,1,0,42,6
"TCGA.EL.A3N3.11A",11105,2616,604,1715,301,49,1513,162,1780,2547,1060,584,7,938,1710,31,15,4539,686,73,139,553,244,850,980,1941,4483,717,67,64,61,86,61,3,2143,59,1433,7853,200,37,8278,1375,22392,259,61,43,75,3841,3185,493,4,3247,1876,1459,1510,2863,2160,1171,1285,332,5466,1428,1227,1554,1251,874,738,75,311,5061,338,146,3586,621,270,573,287,3885,234,3246,2155,49,15,3284,1386,33,12340,827,63,64,3593,1256,675,8638,7,158,658,952,137,135,6173,2122,40,7901,537,30,3794,447,1099,63,236,922,15,50,1,2051,12870,143,5300,894,97,366,332,2792,1652,1205,330,1014,502,47,217,1011,1749,396,2477,759,741,2686,441,21309,1970,21154,1949,281,1360,2404,338,0,1923,57231,1228,722,7893,790,139,12,3,181,61,51,1240,44,507,212,530,248,1731,438,469,350,25,4667,1367,23,0,21,13,26,5561,6,60,1025,0,75,1586,622
"TCGA.EL.A3MX.11A",1412,427,163,217,89,9,450,78,0,140,3,119,12,359,734,13,9,1537,101,55,23,1,26,11,79,7,4,113,1,13,0,5,3,4,0,11,86,281,98,2,298,31,32,92,4,4,122,124,6,0,0,30,319,0,11,31,31,181,34,21,50,92,177,9,0,34,21,8,39,570,13,0,9,161,16,47,11,271,7,105,146,66,4,1,47,4,427,85,0,6,118,52,68,200,2,0,0,11,30,50,119,7,1,3,17,3,88,20,17,4,10,84,8,5,0,24,15,6,171,47,5,1,26,34,86,8,34,31,46,1,8,4,51,15,117,8,10,119,3,16,46,465,222,3,37,175,1,0,7,65,97,2,323,133,2,1,1,1,2,10,9,3,6,25,42,7,3,13,9,13,1,0,5,0,2,0,1,0,0,1,9,3,0,0,2,3
"TCGA.EL.A3ZL.11A",2855,333,230,281,103,12,270,92,11,416,4,139,7,376,606,1,4,928,94,34,50,1,55,23,42,61,9,178,3,7,7,7,12,4,1,3,107,236,35,8,675,16,59,65,15,15,73,194,24,0,5,761,215,0,56,209,37,679,92,97,64,613,219,98,5,137,86,11,16,755,21,1,20,140,92,236,50,380,23,403,450,12,2,9,433,2,3316,190,2,4,312,98,75,293,12,0,6,51,42,59,468,2,1,13,57,0,565,270,95,6,95,215,3,17,3,133,111,5,604,194,3,10,79,55,178,10,21,78,222,1,80,33,328,23,272,57,76,1787,16,89,200,1766,199,21,94,773,4,1,23,1470,234,231,701,921,15,0,2,4,2,8,113,2,8,51,226,49,8,111,177,20,0,413,32,1,1,4,2,1,23,3,0,24,2,2,40,2
"TCGA.EL.A3ZR.11A",2718,1203,510,611,134,24,609,111,15,431,9,113,8,518,785,2,10,1088,25,59,18,4,42,15,86,59,4,137,23,9,12,9,23,4,3,7,159,396,82,2,1149,17,28,71,10,37,98,146,15,0,34,418,211,0,92,207,13,1167,140,120,80,1042,196,113,1,165,79,28,23,609,32,1,8,259,168,73,47,371,42,507,471,20,1,1,458,2,3665,230,0,7,592,144,73,153,5,0,2,63,61,53,442,2,3,3,63,1,745,328,15,6,128,234,3,8,4,105,37,16,609,234,12,1,74,44,193,15,89,74,238,2,81,23,241,28,376,17,92,3065,7,44,161,2020,292,9,113,863,0,0,21,462,197,128,719,488,6,2,2,3,1,88,680,4,10,46,26,33,8,52,135,13,21,15,49,1,1,0,1,6,16,0,1,6,2,0,8,0
"TCGA.EL.A3ZK.11A",9235,382,149,545,95,30,349,140,92,586,61,133,2,757,2151,3,21,1402,108,11,63,121,98,119,175,531,332,308,1,24,17,16,37,11,323,15,217,796,68,12,2223,130,3757,51,42,42,110,644,419,21,5,4630,670,68,219,488,327,2043,372,183,658,971,367,570,94,403,248,21,53,1818,129,4,356,244,252,236,142,1035,126,1270,1147,37,5,198,843,5,3517,460,12,15,1059,452,203,1035,39,21,69,226,220,73,1263,272,6,434,177,2,884,466,341,11,181,818,5,31,2,420,1118,99,1538,688,15,100,240,295,814,261,120,380,620,5,165,146,468,53,1414,100,345,1648,59,1859,907,5451,1289,71,590,2051,42,7,211,3017,800,647,2340,2156,73,5,4,23,1,26,526,17,194,126,272,80,267,317,519,113,11,1142,190,2,7,6,1,4,914,1,4,140,0,15,356,160
"TCGA.GE.A2C6.11A",5805,738,236,700,130,59,561,245,259,1053,188,168,15,1205,1815,7,12,2618,395,169,144,162,117,230,126,516,1567,1248,67,37,34,21,27,5,370,40,465,1661,272,10,3772,413,6435,103,50,80,201,1489,1148,44,7,6718,798,205,345,1570,1010,1990,793,290,2081,3033,777,833,340,974,616,55,73,3267,121,15,1116,346,295,1597,333,3234,184,3383,1654,79,3,743,1837,6,15081,665,23,21,2025,845,565,3896,12,47,148,420,190,106,2825,468,37,1646,686,9,2565,250,1137,42,436,1418,5,50,4,857,5254,56,3697,1418,97,171,368,818,1867,391,244,717,686,33,298,377,2313,280,2107,277,433,7339,184,4880,1364,9509,1885,146,687,4189,78,10,525,19947,1549,1086,3865,2720,61,3,1,100,7,94,1323,28,126,416,362,455,635,775,787,119,31,6973,332,4,1,11,4,4,1977,5,1,798,23,15,1067,265
"TCGA.BJ.A28W.11A",1312,165,0,78,17,0,33,55,32,217,2,40,4,227,346,0,6,624,16,42,10,1,52,63,15,126,7,97,1,0,9,0,16,0,0,28,42,197,23,10,874,61,30,34,2,18,143,560,301,2,2,82,801,2,122,333,111,1858,367,43,833,271,495,1519,21,992,190,57,40,1665,20,1,144,115,42,423,59,583,30,1433,641,1,2,198,186,0,3655,153,0,0,327,343,136,2168,1,2,12,57,297,2,495,15,1,40,98,0,627,160,98,7,118,711,0,15,0,406,8560,2,660,963,2,134,134,222,193,9,106,95,1380,0,148,175,472,4,1192,189,90,298,267,139,541,1038,198,56,298,2127,2,0,52,32157,445,420,1704,1739,9,0,0,9,0,1,670,6,4,184,49,39,3,389,166,74,2,1404,39,1,1,1,27,0,2,0,0,89,8,5,557,37
"TCGA.EL.A3ZP.11A",3768,1071,175,1518,217,35,926,139,315,765,200,177,5,1156,2450,4,23,2780,280,43,113,103,111,206,156,816,1369,533,9,30,74,25,42,2,311,17,366,2046,175,12,4834,320,4685,98,56,136,131,1590,1242,66,10,8201,1014,113,288,1526,1050,1940,752,353,1791,3419,936,641,371,653,475,47,82,3002,148,11,1122,488,206,679,346,2857,161,2072,1951,51,5,618,1314,2,12265,752,17,20,2346,680,462,2768,34,40,274,450,234,87,1603,996,42,1848,664,21,2124,584,1023,26,249,1133,10,27,5,840,4232,126,2759,897,55,215,308,757,1762,1080,254,611,551,9,264,226,1021,139,1923,319,590,5628,222,6031,1135,9537,2018,107,936,2731,49,0,631,27821,1251,759,3670,1620,153,10,6,76,6,31,427,30,188,226,149,306,1157,460,769,124,21,2081,428,8,4,17,5,23,1133,0,1,370,9,34,951,530
"TCGA.EL.A3T7.11A",1453,675,319,161,71,11,588,122,6,220,0,71,2,404,631,2,25,1111,43,43,17,3,34,15,97,7,2,73,2,11,0,9,15,4,0,11,168,278,60,2,244,17,27,26,7,15,74,127,10,0,3,101,153,0,65,73,61,298,39,71,47,285,201,11,7,44,40,15,21,450,15,1,7,137,64,18,12,153,21,230,226,21,9,0,172,1,1419,75,1,3,247,57,30,207,9,0,1,17,33,37,115,3,1,4,25,0,247,220,12,2,50,85,3,1,0,37,11,5,317,79,2,1,49,6,150,18,43,27,113,1,8,7,63,30,146,13,32,945,15,27,26,779,223,7,39,324,1,4,8,89,63,9,297,330,2,2,0,0,2,2,7,6,2,33,21,21,5,10,15,4,0,2,25,1,0,9,1,0,0,0,2,5,1,0,1,4
"TCGA.KS.A41I.11A",10373,922,507,851,163,37,924,312,649,2358,540,485,27,1721,1535,30,21,3997,479,205,317,280,247,631,400,1700,2829,1047,37,73,128,21,113,8,1523,71,544,4023,327,30,5217,1127,13218,168,104,126,391,2787,2757,130,10,7292,1803,478,744,2734,1657,5623,1678,621,5022,2451,1042,2224,707,2066,1813,101,189,6311,452,43,2656,1345,682,2870,617,5043,413,4013,3127,100,2,1899,2603,11,22551,1194,35,37,3603,1693,826,6037,30,158,386,973,885,357,3028,1730,49,3579,557,17,3411,836,1675,68,416,2445,15,51,5,1684,14326,119,4672,2188,61,792,1049,2105,2411,1242,460,1522,1256,17,468,601,2462,191,3789,924,779,5891,436,12800,3715,19146,2666,229,1834,6603,277,5,1372,101202,2945,766,7476,1131,244,6,5,126,13,30,787,47,376,894,541,300,1328,966,706,288,49,4724,745,7,15,15,42,13,4555,7,0,840,30,75,2271,808
"TCGA.BJ.A28X.11A",4593,1070,541,937,181,113,1425,432,519,1439,312,315,17,2716,3501,5,44,5174,832,1125,277,272,398,641,486,2292,3263,1364,6,37,92,37,49,9,564,57,851,3724,383,39,7106,1158,10850,255,115,104,254,3994,3578,67,31,17679,2400,447,665,2969,2381,3468,1973,1192,5091,4277,2165,2268,769,1353,1242,66,133,9345,346,68,3225,1239,836,2475,703,6976,738,7042,4717,52,1,2107,3125,3,32918,2094,24,53,4904,1813,1190,6620,118,127,647,1068,670,208,4310,2502,111,4342,1282,12,6439,773,3452,61,874,3435,3,122,5,2132,12860,226,7238,2862,175,698,880,1036,7062,2723,606,1825,1335,44,509,769,2742,460,6013,822,639,15117,450,15631,2613,27356,6473,292,3125,10024,261,12,2332,93595,4015,1279,10625,2696,282,8,4,261,49,201,1422,127,412,867,690,747,2508,1496,960,335,25,6434,1233,5,10,74,17,98,2986,21,23,1111,63,37,3827,1702
"TCGA.EL.A3T0.11A",2565,534,259,1461,148,26,308,156,177,382,92,113,11,535,3537,5,9,2744,85,90,74,66,80,108,100,292,441,468,8,21,20,9,8,6,184,9,245,1168,113,8,1801,177,1192,126,11,15,88,709,379,61,8,2835,438,122,175,495,335,902,317,270,999,1404,317,234,184,281,217,34,35,1863,74,6,376,297,189,473,139,1071,144,1285,821,33,1,275,790,6,4305,387,7,24,639,404,241,1173,15,20,61,179,156,43,1049,293,18,899,221,2,840,645,319,10,139,574,2,15,6,349,1594,24,1630,537,26,63,171,328,681,189,177,320,226,8,85,123,587,80,1050,146,165,3309,87,1918,543,5059,863,42,401,1771,40,1,282,9715,682,213,1513,423,30,2,2,34,5,21,265,12,47,126,98,153,303,211,217,55,9,514,156,3,3,10,4,8,808,3,4,207,25,7,348,173
"TCGA.EL.A3T6.11A",2809,507,247,909,124,37,355,148,312,1063,111,261,3,874,1211,16,15,2627,113,28,139,78,108,124,165,406,808,591,15,33,80,33,44,3,440,15,270,1384,113,8,2925,247,4313,82,122,183,142,885,752,53,12,3791,862,197,312,1607,635,4000,711,391,1038,2258,472,857,285,624,803,59,79,1698,203,26,976,403,305,1620,436,2072,104,1637,2331,50,4,583,2940,6,21577,491,20,17,1849,696,319,2955,6,32,69,425,374,208,1579,337,28,1025,255,8,2811,485,695,25,270,1056,5,13,2,681,4363,47,2013,888,35,420,505,511,1625,327,249,707,769,6,265,317,981,97,1447,327,358,6758,177,3289,1748,8379,1487,74,771,2953,50,5,190,28409,1348,293,2708,682,55,4,2,37,12,9,278,44,94,401,213,165,568,253,551,57,7,2275,289,9,8,7,4,4,1433,3,3,391,12,74,946,289
"TCGA.EL.A3H1.11A",2295,427,413,351,105,18,381,289,13,788,8,63,11,924,523,1,12,1538,85,23,123,15,21,64,92,171,73,286,5,8,8,10,2,1,20,17,236,541,78,9,897,71,586,111,13,31,193,495,175,0,5,2145,601,6,111,535,207,1475,416,105,398,1276,172,281,90,317,477,52,27,1404,47,6,183,367,289,946,220,790,100,1249,796,27,2,162,475,3,5682,211,1,4,821,458,136,1001,2,10,30,241,267,55,498,79,4,205,106,2,996,562,351,8,84,458,8,2,1,274,3476,23,1343,395,6,142,248,64,300,75,247,407,274,1,169,71,478,35,953,242,184,1968,85,926,761,4743,396,20,257,1546,28,0,168,31346,674,188,1142,670,16,2,0,15,3,25,317,11,25,285,68,120,84,114,188,35,2,571,52,1,1,6,2,6,226,0,1,86,2,6,452,140
"TCGA.EL.A3N2.11A",707,620,181,160,94,17,562,156,1,129,1,159,13,338,144,3,8,2478,67,40,12,3,51,6,165,2,2,98,53,1,2,7,2,1,0,15,74,330,81,0,458,15,44,68,5,2,172,143,8,0,4,75,381,0,101,66,21,438,26,52,47,220,168,3,3,32,42,12,30,364,9,0,3,156,52,79,28,201,20,194,193,24,5,0,129,1,1195,131,0,5,205,49,64,139,4,0,1,15,30,71,122,10,5,3,12,1,194,59,12,0,30,111,5,11,0,37,12,3,380,65,35,1,24,13,74,7,21,24,37,2,27,15,121,24,114,28,21,606,4,11,43,850,200,10,32,290,1,0,24,159,105,17,322,117,1,0,3,2,2,61,5,1,0,26,33,21,0,17,12,5,15,8,15,0,0,1,2,2,0,0,2,5,0,0,2,1
"TCGA.E8.A2JQ.11A",16733,2089,651,1475,124,61,1251,370,1879,2066,804,650,101,1704,1564,60,21,3362,464,110,212,437,261,785,921,2484,3743,1110,236,75,128,37,32,5,2724,55,1135,6582,332,16,6568,1177,27888,177,68,94,166,3948,2962,617,3,10382,1983,1972,1923,2560,1355,3253,1304,500,5374,1247,1559,2455,1215,1811,1339,248,434,5710,418,30,2181,818,457,1999,567,4751,363,4820,2943,69,9,2445,2398,21,8853,1554,88,25,2006,1280,855,7476,40,100,407,563,554,374,6044,1726,46,4850,801,55,2972,411,2450,49,445,2319,15,84,1,1910,10707,100,6133,2114,31,211,696,3356,3064,829,303,1289,1713,30,376,1044,2653,298,4568,881,481,6824,351,15439,2426,19767,2100,300,1400,6826,242,21,1186,12073,2463,1857,8107,3195,142,24,2,226,28,99,1570,69,625,797,440,350,970,976,533,359,56,6213,840,37,4,55,15,21,8229,7,10,1151,34,57,1278,524
"TCGA.EM.A1CU.11A",7515,1090,149,531,37,10,602,129,228,567,51,122,27,362,900,1,6,1124,259,37,51,121,79,88,255,255,420,239,34,18,15,15,16,4,428,10,257,909,51,8,1104,178,5633,55,3,8,84,649,413,75,4,909,391,156,162,452,314,712,156,39,660,442,376,367,189,175,129,30,30,865,59,8,473,130,63,212,51,775,63,577,366,21,1,431,445,4,3374,184,20,4,422,171,139,1268,4,30,60,131,46,68,1181,186,3,874,261,1,702,171,341,12,66,206,7,5,0,308,1623,40,1053,211,28,49,68,244,308,186,42,184,142,4,43,86,498,76,314,92,95,1505,67,2772,249,3194,250,33,179,623,28,3,259,14996,219,236,1003,700,23,3,0,32,1,26,362,3,123,68,165,71,213,97,117,35,10,2363,264,1,0,3,4,0,2705,4,4,194,0,4,488,119
"TCGA.EL.A3ZO.11A",1058,511,247,448,61,7,189,84,5,303,4,104,5,248,879,0,21,925,42,39,64,6,30,11,55,15,5,113,43,8,11,6,25,1,1,5,81,257,113,6,359,11,61,84,217,11,52,139,10,1,6,172,245,0,27,113,211,641,65,39,82,484,150,39,9,121,59,21,24,665,20,1,15,222,98,129,23,181,18,274,285,30,4,20,376,1,1766,87,0,7,217,121,40,259,4,0,1,26,52,26,249,2,4,2,25,1,305,60,37,3,92,154,5,4,4,69,741,2,370,129,17,24,61,23,71,11,42,42,171,0,28,28,163,21,183,40,21,1514,43,51,79,1071,338,8,103,480,4,0,8,13355,87,24,300,338,2,1,2,3,3,98,43,3,2,33,56,23,3,30,30,5,35,9,15,1,0,2,1,0,2,1,4,11,2,1,52,12
"TCGA.EL.A3H7.11A",3798,641,270,574,127,16,355,143,66,620,16,184,3,587,660,3,11,1788,101,367,111,27,37,74,213,188,173,281,21,21,15,4,42,4,154,2,304,448,106,2,4290,99,2062,84,81,25,80,455,305,12,5,2105,359,59,127,787,262,1978,322,101,478,1031,238,304,108,305,403,27,21,901,59,12,440,300,179,674,196,1063,56,1056,1332,47,4,196,869,3,7471,272,4,5,867,338,220,1177,1,17,61,234,197,64,763,153,5,490,160,1,1533,797,285,11,92,549,3,10,2,372,1887,12,1098,445,47,104,184,286,773,171,117,400,360,4,295,127,398,43,812,161,270,2807,68,1260,999,5641,515,64,304,1494,26,0,122,15375,929,265,1833,717,23,1,8,17,3,47,158,8,86,191,80,67,177,150,287,42,9,1132,142,1,2,5,2,3,1219,0,0,82,5,13,306,94
"TCGA.KS.A41L.11A",1301,742,151,186,78,10,690,105,4,631,6,88,10,657,1127,2,5,815,39,53,23,5,37,21,50,26,3,111,30,3,3,3,5,4,3,5,130,337,53,7,409,10,30,33,7,17,135,149,23,3,3,759,203,0,21,178,15,729,100,87,74,668,165,39,6,148,84,23,40,691,16,2,28,453,119,165,35,236,44,351,317,24,2,7,213,3,2432,135,1,8,351,122,39,283,4,0,2,40,79,64,222,1,1,9,43,0,411,217,27,2,87,177,4,6,6,76,98,1,348,189,21,18,79,42,171,23,52,51,99,2,43,23,139,31,301,57,56,1090,8,53,111,1239,275,6,101,665,3,2,44,2043,188,117,478,815,15,1,0,2,5,65,30,1,1,79,13,20,1,61,59,21,37,30,11,0,0,0,7,4,15,3,1,15,0,0,37,5
"TCGA.EM.A1CS.11A",1021,362,25,934,53,4,332,95,0,215,2,63,5,245,4175,0,6,312,5,26,9,1,16,17,21,9,0,78,1,1,4,0,6,6,2,4,103,171,15,3,368,13,30,15,9,3,89,106,7,0,1,270,290,0,21,61,75,1686,43,17,53,142,142,30,3,79,39,15,15,341,7,0,23,92,33,55,11,144,9,262,139,16,0,6,92,3,823,50,0,6,148,56,31,75,1,0,15,20,39,16,98,1,1,1,18,0,137,367,10,1,8,99,2,1,0,42,69,9,179,97,8,7,28,39,55,5,24,35,67,0,20,5,75,5,137,21,21,156,18,40,127,641,101,12,23,271,0,4,49,3087,75,32,278,447,3,0,1,2,2,4,35,0,5,24,2,23,4,33,26,5,0,30,3,0,0,0,2,1,0,2,4,4,0,3,15,3
"TCGA.EL.A3H2.11A",1531,945,169,797,114,11,422,142,7,247,2,57,4,281,1282,0,7,683,75,16,16,0,32,3,49,9,0,59,2,2,1,2,2,0,2,3,136,191,18,6,244,8,39,46,9,1,30,130,7,0,2,95,346,0,47,40,43,535,10,21,50,55,142,6,1,47,15,26,16,293,6,2,7,61,30,23,5,122,4,103,122,15,4,1,68,1,230,50,0,6,79,26,30,55,3,0,1,11,23,23,92,2,0,2,9,2,73,42,3,6,15,84,2,4,1,39,5,3,194,33,1,1,18,21,108,6,16,23,20,1,9,5,34,11,92,5,9,211,4,7,21,603,128,5,30,154,0,3,11,51,46,9,153,576,2,1,0,0,2,2,21,2,3,15,18,15,0,6,9,2,1,4,15,0,1,0,0,1,1,0,2,0,0,0,0,1
"TCGA.BJ.A2N8.11A",1272,205,75,1233,122,3,641,118,2,154,1,63,2,325,1516,1,6,1508,163,26,6,8,34,10,71,6,2,71,10,5,0,4,6,1,3,6,139,367,49,4,845,10,42,34,0,7,84,95,13,0,2,28,657,1,13,51,74,867,21,37,78,49,128,9,5,55,24,31,21,465,6,0,4,106,50,30,7,130,21,199,98,24,9,1,57,4,349,71,0,5,139,53,44,175,0,0,5,10,31,28,103,1,4,5,10,1,115,18,8,3,25,99,1,8,0,42,16,3,183,61,16,3,33,25,75,6,44,18,27,0,9,7,43,25,134,15,3,222,4,12,15,529,114,7,27,264,0,0,24,99,59,17,208,89,0,0,0,1,3,49,16,0,23,15,13,16,1,5,5,1,15,17,9,0,1,0,2,0,1,3,16,0,0,0,6,1
"TCGA.FY.A3TY.11A",567,872,379,194,64,6,312,40,3,341,1,107,2,372,670,0,15,535,44,30,10,1,46,8,42,8,2,57,4,8,0,2,3,3,0,8,94,215,51,1,189,11,57,47,3,7,46,171,9,1,7,33,130,0,44,76,73,559,61,92,44,301,166,5,4,75,39,10,21,518,10,2,8,178,94,26,8,135,27,188,177,18,3,1,156,0,1280,113,1,4,280,71,30,49,10,1,5,24,47,52,115,3,2,0,30,1,328,37,26,2,63,177,3,8,1,35,23,1,312,84,2,2,37,21,52,8,84,42,43,0,21,15,92,18,190,15,20,1590,11,42,20,996,245,5,78,391,3,1,30,396,139,4,351,483,3,0,0,1,1,3,2,3,1,67,11,15,2,18,26,1,0,7,10,0,0,3,0,1,0,4,4,4,0,0,4,1
"TCGA.EL.A3T2.11A",447,986,98,196,44,8,257,63,3,485,2,247,2,163,468,2,5,1416,39,23,8,1,40,9,94,3,0,35,4,4,1,8,1,1,0,1,194,261,55,3,57,20,104,21,2,8,16,98,9,0,3,17,88,0,9,35,3,205,20,52,50,194,135,1,3,80,21,2,10,495,8,0,9,117,46,21,2,156,11,133,128,9,2,1,98,0,595,63,0,4,133,43,35,31,6,0,0,7,25,106,39,3,1,4,3,1,165,61,7,2,44,55,4,0,3,24,9,0,177,68,4,0,17,9,15,2,23,5,47,4,11,3,94,7,88,3,9,783,40,3,13,292,253,2,24,231,1,0,1,65,63,1,95,127,0,0,1,0,0,32,1,6,0,11,37,8,0,11,4,3,0,1,5,1,0,0,1,1,0,4,3,0,0,0,0,0
"TCGA.EL.A3ZM.11A",2202,285,107,203,55,8,181,82,5,247,3,35,9,121,836,18,15,709,24,23,6,0,13,2,32,4,2,30,6,2,3,2,5,3,1,1,79,130,183,5,293,23,12,126,4,15,55,35,12,0,6,97,128,1,16,30,55,353,12,20,37,215,156,8,0,39,8,42,11,240,21,0,3,71,13,23,5,124,4,80,80,16,2,2,49,5,707,30,1,2,56,18,32,80,3,0,0,8,20,59,61,1,1,1,15,0,92,2,8,5,11,49,13,2,0,25,23,1,111,42,1,1,9,16,40,5,4,6,55,0,7,4,34,6,46,9,11,300,4,17,23,259,198,2,16,130,0,3,2,384,26,7,142,129,0,2,1,0,0,1,35,1,18,6,31,6,2,6,10,2,1,4,8,0,0,10,0,1,0,1,0,9,0,0,5,0
"TCGA.EL.A3T3.11A",1148,713,458,491,63,4,425,78,2,303,3,101,0,445,1108,0,17,720,27,31,15,2,28,12,68,10,5,95,3,7,2,0,4,1,1,6,114,177,44,5,267,10,32,42,1,2,101,110,8,0,5,69,330,1,10,61,33,571,44,61,37,229,184,4,3,84,18,47,34,537,9,0,0,159,52,42,6,97,13,168,139,27,4,1,100,2,865,142,0,2,151,51,26,92,9,0,0,9,39,35,69,2,0,5,13,1,128,59,4,7,23,111,1,3,2,39,13,1,173,66,0,0,32,21,61,3,37,17,50,2,5,8,42,18,148,8,15,308,3,23,18,506,175,4,42,281,1,0,3,47,90,5,206,94,1,0,0,1,0,1,10,0,2,20,15,11,0,16,2,4,2,3,8,0,1,0,0,0,3,1,2,2,0,0,3,1
"TCGA.ET.A3DP.11A",1110,907,88,333,124,7,413,105,1,215,2,154,4,234,647,0,6,1291,55,13,24,0,42,15,55,2,0,71,5,2,2,4,31,1,0,2,159,219,24,1,217,20,53,42,17,21,21,59,4,0,5,30,386,0,59,65,17,362,26,23,28,105,146,6,5,76,35,15,9,351,10,1,0,53,37,50,7,148,3,150,123,9,2,1,85,1,1010,80,1,2,105,64,42,82,2,0,0,15,32,30,130,2,1,1,6,0,165,63,11,0,16,71,6,6,0,37,55,1,181,40,7,1,18,21,31,4,15,21,98,2,11,6,71,7,57,20,15,717,5,6,55,495,143,5,23,189,0,1,6,1096,55,8,181,617,1,0,1,2,1,11,25,0,0,4,84,37,0,11,7,5,0,10,27,0,0,0,1,0,0,0,0,3,1,0,12,0
