"","PID1","ABCA9","GRIA1","MMRN1","GPC3","ACKR2","NRXN1","MASP1","RELN","LYVE1","KLHL4","IGSF10","VSTM2A","FGF10","GLI1","DPT","TFPI","WNT11","F10","MYOC","ADH1C","SUCNR1","PIK3C2G","DCDC2C","NLGN3","C1QTNF7","TNNT3","FBLN5","FGL2","CFD","CHRDL1","SLC1A7","SLC17A7","FOXD3","ABCA10","FLRT2","DBX2","ABCA6","GDF10","PCSK6","BRINP3","PGM5","ADH1B","VIT","MYOZ3","NTN1","RSPO3","SVEP1","ART4","FAM180B","OSR1","AKNAD1","CHODL","FMO2","PODN","PLD5","CCBE1","GFRA1","SCARA5","RERGL","LRRN4CL","ZP2","HHIP","TNXB","KCNIP1","APOD","CYP8B1","STK32B","NDNF","KLHL33","FBLN1","SV2B","TMEM132C","ROBO3","PHF24","DES","TSPAN11","MYZAP","ANGPTL5","MFAP4","FAM135B","DAB1","DIO3","CHST9","MRAP2","PCOLCE2","CPED1","OTC","FLNC","DCN","ACTN3","C6","MAB21L1","HGF","NPY5R","FAM180A","GFRA3","OGN","ACSM2A","SOX21","CCL21","SCN3A","OLFML1","ALDH1A2","SRPX","HSPB6","FXYD1","L1TD1","TBX1","GSTM5","RHAG","LMX1A","OSTN","TSPAN8","ASPA","PI16","ABCA8","FMO1","TNFAIP8L3","HMGCLL1","LAMA2","BPI","FAM205C","IL33","EFNA5","PKDCC","PTGFR","MEOX2","BHLHE22","LGI1","CXCL12","GAS1","FGF7","PLCXD3","PRRX1","TMEM119","C14ORF180","KCND2","PDGFRA","FBLN2","LYPD6","COLEC12","NAV3","OMD","HTR2A","ENPP6","CNTN1","HAND2","MYH11","GFPT2","ZIC2","CMTM5","TSKS","C7","BMP5","MAB21L2","ZNF488","TRHDE","CDH19","SLC30A10","RGS7BP","OXGR1","KIAA1755","GLYATL2","GCOM1","C1S","GSC","OSR2","XPNPEP2"
"TCGA.DE.A0Y3.01B",15,11,0,87,11,57,0,9,7,65,7,7,2,1,5,8,238,10,8,18,0,87,0,0,10,17,20,693,398,245,37,5,1,0,21,559,0,28,1,20,1,119,0,1,15,42,5,43,10,0,9,0,43,43,57,0,10,2,2,0,0,0,8,726,0,119,3,17,11,1,160,4,0,253,26,74,30,33,4,165,5,10,0,0,2,13,79,2,80,468,1,0,1,37,0,10,1,10,6,2,25,6,42,85,84,15,3,7,12,17,0,0,0,31,9,2,298,2,40,3,140,0,0,193,111,15,0,10,3,0,584,65,15,63,232,55,0,5,82,790,6,135,16,4,20,3,5,0,728,175,1,0,2,457,1,1,4,1,5,0,2,2,30,0,8,420,3,2,2
"TCGA.ET.A2N3.01B",4,30,0,88,94,74,2,10,18,126,24,18,0,0,1,42,327,126,37,1,6,111,1,0,15,34,73,2439,88,1667,0,0,13,0,179,310,0,44,0,46,5,268,7,3,13,94,1,49,11,3,31,0,25,49,23,2,1,95,0,8,2,0,6,154,0,211,8,34,10,9,511,7,2,499,2,3,15,15,10,39,0,7,0,1,0,37,64,0,5,106,0,0,9,59,8,11,1,2,1,0,2,39,194,30,136,111,2,2,56,18,1,12,0,5,57,74,188,57,13,0,86,1,2,80,12,225,0,100,0,1,194,160,3405,31,882,63,11,0,37,310,9,47,114,1,1,8,0,4,713,27,5,4,11,4,0,44,15,0,0,4,1,10,3,0,1,175,53,15,2
"TCGA.ET.A3BQ.01B",108,57,2,346,175,74,0,11,84,230,80,49,0,1,31,412,802,30,101,71,1,641,0,3,56,92,21,3323,1735,384,330,24,92,0,44,722,8,98,44,150,39,832,81,1,65,120,76,554,84,8,37,3,52,197,541,11,15,104,8,94,23,1,7,1386,17,945,7,101,26,3,1483,37,13,211,34,105,275,33,13,535,2,11,2,0,5,18,293,0,252,3923,5,4,20,118,20,40,7,226,10,8,2234,137,348,44,457,376,24,9,163,128,1,2,0,10,146,259,3108,56,134,40,586,8,0,672,119,280,1,259,17,3,5387,127,106,88,1443,1023,2,9,275,4948,16,515,136,49,1,7,49,44,3255,265,0,8,9,1760,18,52,12,12,1,0,16,47,165,5,5,2616,24,57,10
"TCGA.FY.A3I5.01B",108,221,3,297,171,153,2,129,49,55,39,308,0,7,24,658,330,185,122,5,1,137,0,2,39,110,23,2236,1173,420,698,21,23,1,205,280,0,106,323,61,15,222,128,2226,51,47,68,362,108,620,33,1,39,44,429,16,15,217,257,46,15,1,15,661,5,142,15,43,8,1,2641,17,2,160,40,583,65,49,5,872,8,12,5,5,10,71,211,3,325,4091,1,7,8,215,21,89,0,250,1,3,1260,15,225,52,171,226,28,3,79,92,0,6,1,406,40,400,1535,3,338,4,1124,9,1,1764,47,312,101,117,8,5,2750,726,1053,98,1303,645,0,3,270,1469,6,115,55,142,10,11,128,15,3694,1783,0,4,5,1461,3,71,2,3,3,0,39,15,146,2,8,3400,10,139,20
"TCGA.DO.A2HM.01B",523,420,1,2740,411,113,13,32,1120,4742,219,635,0,50,56,2072,4218,78,130,61,15,654,0,0,47,136,99,1992,4563,866,3248,51,92,0,126,2229,6,827,252,483,1,1698,1622,99,25,330,188,2978,766,24,127,1,53,1113,797,110,156,1489,318,25,148,0,15,1863,34,1006,21,396,64,16,2981,104,153,500,126,1056,635,364,12,1758,21,52,122,0,63,755,427,44,991,11011,0,76,57,217,106,21,3,105,5,1,34732,121,570,272,442,325,37,68,533,165,2,0,5,168,199,283,606,47,511,12,506,12,4,3225,197,392,103,1099,134,0,17663,274,312,226,2794,1270,42,7,636,3246,117,1985,122,117,11,68,282,4,4282,398,8,10,60,11719,9,30,5,34,1,0,99,10,272,13,39,13286,12,111,39
"TCGA.DE.A4MD.06A",229,249,1,592,581,140,21,76,67,586,156,111,1,26,87,6241,1505,366,486,236,60,88,0,0,43,79,310,5024,999,6685,4876,103,292,0,160,1371,2,333,221,211,18,450,1648,500,25,82,103,1075,219,376,732,17,40,181,3492,20,11,639,2925,69,670,1,18,6460,17,10914,8,117,20,0,19157,86,119,464,43,1142,268,80,148,8342,8,15,17,0,17,1038,312,1,792,46043,6,281,10,160,37,136,11,2671,0,2,10538,21,845,126,1197,1709,55,33,221,353,1,28,3,184,117,10004,802,120,827,37,978,7,1,942,104,594,30,292,61,52,5130,1936,553,100,3903,2597,47,47,1487,17436,23,1007,98,726,26,63,60,1,4522,1331,1,12,17,6512,23,8,6,10,3,0,11,4,190,23,1,17683,20,829,495
"TCGA.EM.A2CS.06A",123,139,2,271,274,47,2,148,133,222,13,21,1,5,57,841,850,418,171,47,12,177,2,0,42,87,46,3366,1654,606,183,23,28,0,126,611,11,288,337,64,50,560,130,42,55,42,34,525,135,49,117,3,47,88,876,18,15,92,57,117,27,0,23,1237,11,2512,5,81,6,3,3718,16,92,270,8,110,146,20,5,1202,15,4,42,2,8,158,162,1,171,11783,5,21,15,88,7,74,12,211,0,0,1667,15,341,25,1491,406,127,9,89,244,0,0,0,148,40,576,2275,57,217,23,2032,16,0,460,50,293,6,236,56,1,1985,194,134,398,1961,1468,1,4,1106,4776,7,732,80,206,7,2,37,222,1195,227,0,4,11,9120,20,287,8,12,52,2,5,10,131,0,2,5360,60,59,27
"TCGA.J8.A4HW.06A",203,146,1,455,118,111,5,81,101,305,42,127,0,18,37,1192,748,51,154,71,55,478,0,0,53,65,69,2415,2188,810,933,16,71,0,90,790,0,200,100,110,3,519,1145,65,11,160,144,720,212,13,117,4,92,360,507,47,20,862,287,64,57,0,11,1700,20,2156,40,126,43,8,2724,47,64,335,60,88,624,79,4,1511,3,3,7,0,15,213,197,4,277,5479,5,65,5,133,27,20,4,137,9,1,22926,82,281,67,337,245,30,17,75,53,0,0,1,80,49,528,562,15,117,20,389,4,3,1106,139,222,42,287,49,3,5705,411,232,175,1221,692,15,6,565,2651,15,665,55,53,5,43,60,4,1780,177,0,0,13,9418,17,18,6,16,9,3,17,11,219,3,11,5368,2,52,43
"TCGA.J8.A3O2.06A",65,67,0,530,37,13,0,16,15,292,24,46,0,4,6,84,317,40,60,23,5,34,0,0,16,24,12,563,611,771,135,6,15,0,67,510,1,86,7,37,0,122,519,13,24,40,15,86,59,0,11,0,12,34,225,3,4,12,68,3,18,0,9,322,3,620,5,52,11,1,797,31,16,175,15,8,55,23,6,431,2,21,2,0,5,53,79,0,47,2244,3,43,6,47,4,18,5,44,0,0,40,5,122,17,196,100,13,2,49,16,0,0,1,9,15,178,250,4,84,3,318,10,0,181,30,440,2,64,6,3,1995,148,32,98,457,267,6,2,387,833,17,340,16,31,4,4,3,3,462,305,0,2,9,1990,4,23,4,4,55,0,1,16,40,2,6,1530,6,15,8
"TCGA.EM.A3FQ.06A",8,33,0,1,15,16,1,2,5,35,1,4,0,0,5,9,191,28,42,3,0,51,1,0,11,25,10,422,226,601,16,0,13,0,89,153,0,37,21,28,0,33,6,0,11,8,9,9,1,0,60,1,4,12,18,1,0,16,2,27,1,0,47,144,0,47,0,11,15,1,133,2,0,136,2,12,20,7,1,92,0,6,1,1,0,2,21,0,11,92,0,7,1,18,2,0,2,0,21,1,153,99,71,7,114,184,26,2,18,32,0,0,8,8,27,43,389,5,13,5,25,0,0,76,18,34,0,126,4,1,536,13,2,16,330,39,0,0,10,327,0,60,1,2,0,4,2,0,298,18,0,4,4,68,3,0,1,1,2,0,0,2,1,3,15,257,0,8,2
"TCGA.EM.A2P1.06A",117,186,0,254,27,16,3,5,6,161,7,18,0,15,23,183,490,7,49,13,6,171,0,0,37,122,7,1337,2585,318,257,9,49,0,50,308,0,297,1,37,0,208,423,18,24,43,106,166,236,5,4,2,26,308,495,5,2,213,42,7,7,0,2,609,16,943,7,55,30,5,2878,43,37,105,20,15,136,47,11,533,5,6,21,0,17,65,382,0,90,8569,5,23,18,179,1,67,1,133,0,0,674,47,277,53,194,80,20,10,9,47,0,0,0,28,16,454,475,31,123,13,812,1,0,469,94,128,12,150,21,0,2631,306,270,323,2299,945,6,23,1573,1575,6,1224,87,222,5,21,79,2,826,433,0,2,6,5132,0,0,0,21,111,2,4,7,107,5,0,7637,8,40,32
"TCGA.EM.A3SU.06A",261,79,0,529,71,53,30,30,44,443,60,78,2,6,55,907,1103,34,84,34,9,484,1,0,52,52,71,1793,2515,1434,596,17,40,2,71,735,0,356,21,85,1,752,1289,89,31,310,178,829,384,15,71,1,34,1188,437,37,18,564,447,20,30,2,7,1400,5,2653,3,177,33,18,3048,95,23,471,63,110,541,71,18,1402,3,11,71,0,27,189,253,4,243,9667,4,110,18,215,20,21,5,154,3,0,22333,111,355,78,692,335,30,46,106,207,0,1,11,33,52,319,611,42,191,26,738,13,0,1137,398,362,90,274,47,2,9478,426,259,285,1838,2612,0,28,1316,3288,7,1487,74,95,7,37,79,1,1667,431,0,5,42,12284,9,0,6,3,13,1,11,6,301,3,25,12176,10,60,31
"TCGA.J8.A3YH.06A",169,55,2,293,78,40,3,16,15,85,16,26,0,0,23,203,548,30,122,68,2,333,0,1,53,131,30,2422,1140,1801,442,23,64,0,68,597,0,133,16,52,2,366,332,3,16,60,101,405,190,2,16,4,61,345,600,20,10,429,16,120,2,0,7,571,53,740,2,78,30,2,1046,15,17,207,20,197,151,49,26,1113,0,5,6,2,10,27,274,0,142,5333,2,31,3,144,11,35,3,39,1,1,5682,80,400,21,385,374,39,30,42,63,0,0,0,21,97,35,1519,15,84,20,343,9,0,709,44,205,13,315,28,2,2758,122,124,165,1631,860,0,1,457,3233,3,398,37,55,0,30,49,15,3295,142,1,15,4,4673,5,8,3,10,0,1,24,16,111,4,3,3947,21,33,8
"TCGA.DJ.A13X.01A",278,151,24,407,617,64,0,47,196,139,42,158,3,6,59,1118,748,130,161,1537,15,862,0,3,25,217,31,2540,1698,702,1044,44,100,0,67,1180,12,225,217,63,71,737,933,150,25,97,31,1050,200,108,129,2,66,502,1108,17,27,262,574,37,44,1,15,1541,10,1283,1,75,9,8,5042,85,23,110,40,1125,286,39,9,2350,16,17,8,1,7,49,601,5,507,9358,5,11,18,445,46,88,2,620,4,0,438,257,398,119,325,884,27,33,67,113,0,2,7,49,80,876,3453,87,148,23,793,5,0,497,50,160,8,277,30,6,2319,297,286,131,1409,1168,9,25,471,4023,5,452,123,281,8,6,97,136,5075,140,0,1,9,1612,1,404,11,8,2,0,67,12,61,2,3,4550,15,153,28
"TCGA.MK.A84Z.01A",73,74,1,1240,175,40,0,24,87,114,26,27,0,2,13,262,740,37,78,7,5,250,1,0,28,103,11,1285,583,495,270,12,47,2,84,462,0,87,46,42,30,490,400,64,15,111,26,120,94,20,47,4,18,95,300,13,7,60,144,64,28,1,11,606,4,297,7,32,11,3,1461,24,5,133,17,606,78,25,17,1102,1,10,2,1,8,121,328,0,226,3457,2,0,10,92,23,17,0,475,4,5,447,207,304,466,305,382,21,4,178,128,0,3,0,9,87,209,1268,24,68,24,209,1,2,458,46,148,0,271,2,6,1519,177,575,217,788,270,5,2,122,1828,1,84,25,94,2,1,8,55,6099,30,0,3,4,438,6,113,4,1,1,2,27,10,33,0,0,1372,23,47,21
"TCGA.E8.A2EA.01A",87,101,0,445,126,63,0,20,144,205,31,17,2,8,31,881,592,64,79,44,7,341,0,0,23,80,21,1186,2612,306,540,25,24,1,44,450,9,217,71,50,34,345,86,42,34,268,89,426,53,52,30,5,24,161,578,1,15,64,228,43,74,0,8,490,5,1934,3,39,13,1,3657,40,3,232,13,211,253,71,21,1080,2,7,21,0,15,87,200,1,255,12508,10,15,28,183,4,71,4,247,2,8,4573,7,350,50,389,241,21,55,49,122,0,0,0,49,37,401,282,68,130,8,472,25,0,312,281,271,15,156,60,6,2977,151,206,20,2632,628,0,40,718,3655,4,717,94,283,10,11,95,60,1168,624,7,2,25,1404,23,203,5,5,3,1,3,16,201,7,3,13521,21,87,46
"TCGA.EM.A1YA.01A",80,55,10,930,113,64,3,21,27,89,15,35,0,5,6,290,510,148,168,1,21,716,1,0,20,27,23,1594,503,549,148,8,50,1,51,832,1,110,5,81,5,1106,60,15,18,103,23,332,52,5,42,1,47,194,267,10,3,315,12,25,10,0,6,1028,0,359,3,100,37,5,924,79,21,107,15,80,69,49,10,259,2,4,0,2,8,139,236,0,438,584,2,0,40,265,2,46,3,12,1,1,101,5,325,82,221,533,17,2,42,44,1,3,1,13,115,73,698,61,103,15,3325,4,0,1582,333,223,0,282,4,1,2160,126,85,56,1177,370,28,7,66,2211,9,64,49,31,8,1,391,3,1970,655,0,4,2,126,0,28,18,4,1,1,20,3,47,2,7,742,20,65,7
"TCGA.DE.A4MC.01A",84,43,1,100,5,40,1,31,17,168,12,27,0,12,8,75,486,7,11,0,1,437,1,0,18,28,12,881,1574,396,3,10,3,0,37,74,0,175,7,17,3,123,0,0,13,35,27,225,18,1,1,4,23,59,63,2,10,5,2,0,5,0,6,704,1,119,0,40,16,1,701,28,2,71,16,34,103,32,3,40,3,3,1,0,3,23,229,0,85,2899,1,1,2,211,1,13,7,60,1,2,3,1,181,124,88,134,1,7,25,13,0,0,0,4,18,44,90,13,55,6,229,12,0,184,236,40,5,47,10,0,753,82,118,23,914,227,0,6,134,1312,3,193,53,47,5,16,21,6,178,248,1,0,4,341,0,15,1,7,0,1,5,3,74,4,2,2712,4,17,10
"TCGA.EL.A3ZR.01A",42,107,0,69,40,42,0,43,26,92,27,23,0,0,3,57,319,30,47,0,5,117,0,0,28,92,1,1275,312,581,47,5,21,1,173,863,0,81,8,49,39,234,4,15,2,95,12,55,24,1,12,2,15,12,99,3,2,40,1,40,13,0,13,462,0,28,6,30,5,0,281,15,1,184,1,84,142,15,1,213,1,5,0,1,3,6,188,0,46,942,3,0,12,126,7,9,3,52,0,0,17,31,280,10,231,414,5,1,49,26,0,0,1,15,111,31,3201,144,17,12,61,2,0,172,23,114,2,142,6,0,554,137,30,23,528,88,1,4,47,730,0,21,12,15,2,15,5,119,869,13,0,0,3,20,0,175,4,0,0,3,5,4,7,2,2,442,43,15,2
"TCGA.E3.A3DY.01A",64,59,0,85,11,42,3,6,16,94,4,21,1,1,10,135,355,24,35,52,4,314,0,0,21,53,3,981,1554,337,50,3,21,0,42,510,4,110,40,69,17,690,81,1,21,71,15,140,76,1,23,1,30,169,203,5,15,61,13,6,3,0,5,947,81,644,2,23,42,0,695,9,1,130,34,17,80,28,7,904,2,21,2,0,1,31,265,1,87,2527,2,12,3,156,1,12,6,64,0,0,51,60,168,179,194,88,27,4,52,15,0,0,0,4,12,65,990,4,103,13,351,6,0,341,85,37,0,98,8,0,3021,79,110,82,811,191,1,6,1038,1586,3,481,43,61,3,9,3,10,495,177,0,4,5,4253,23,57,4,1,12,0,8,76,39,1,2,2292,1,16,28
"TCGA.EM.A4FN.01A",24,20,0,49,21,15,2,0,9,75,12,5,0,0,7,10,406,11,24,12,1,203,0,0,9,33,2,1383,899,633,6,2,7,0,40,303,0,42,4,42,1,183,10,0,15,23,15,44,25,0,12,4,44,34,171,0,15,12,3,1,9,0,1,581,2,285,6,34,12,0,523,3,0,159,39,31,103,52,0,346,5,3,0,0,5,5,76,0,50,915,3,1,4,87,1,20,9,15,0,1,42,20,177,35,169,100,15,13,27,17,0,2,0,2,42,75,175,20,84,9,127,10,0,206,71,94,0,63,1,0,2271,64,23,55,703,144,0,2,166,1529,1,400,21,13,8,3,12,9,773,168,0,3,8,819,17,33,16,4,10,0,0,4,63,1,0,1219,7,16,8
"TCGA.EM.A3SZ.01A",30,23,10,262,7,21,2,3,6,37,3,4,2,1,1,69,206,11,15,1,0,49,0,0,16,9,2,533,570,160,25,2,15,0,25,76,0,40,4,18,2,92,5,0,15,46,49,43,12,1,11,0,21,111,81,0,2,98,1,1,3,0,1,272,1,245,3,17,7,2,483,5,0,206,13,20,53,47,1,39,1,3,1,1,3,11,74,0,49,1475,1,0,7,89,2,2,3,1,1,0,11,3,40,11,139,21,7,2,12,6,0,1,15,2,3,7,106,4,23,7,118,4,0,333,50,32,0,11,10,1,1620,39,61,15,289,57,0,9,158,838,4,250,26,3,10,15,7,5,387,165,0,1,6,1168,0,15,3,8,0,0,2,9,49,0,2,1941,1,5,10
"TCGA.FY.A3R6.01A",229,117,1,222,177,56,11,26,169,103,21,51,0,5,52,1169,481,87,148,47,2,312,0,1,42,149,13,1739,3238,729,698,17,53,2,40,1060,7,156,181,56,28,432,84,52,28,126,136,567,139,24,134,1,24,270,735,8,6,225,205,63,39,0,113,778,15,779,4,37,46,4,4941,51,33,105,27,31,243,37,32,1249,4,6,20,1,10,131,343,2,143,8930,0,44,7,298,5,21,4,511,1,1,4268,42,322,33,800,168,20,6,89,121,0,1,2,114,71,1197,866,65,100,18,427,6,0,1023,126,222,11,198,73,2,5797,353,312,122,1801,769,1,8,555,2595,2,647,64,351,2,30,97,55,1158,200,0,2,10,7494,33,63,6,2,6,11,11,3,122,9,9,10011,34,40,35
"TCGA.EM.A3FN.01A",42,28,0,539,23,90,1,10,7,311,12,8,0,1,4,131,616,259,68,0,9,406,1,2,21,6,4,2710,549,636,39,5,16,0,23,184,0,40,1157,31,23,156,47,7,6,23,13,30,21,8,8,3,18,37,65,6,5,55,31,232,7,0,3,103,0,74,23,18,4,0,1202,0,13,129,5,105,12,30,1,166,0,0,1,0,1,165,94,1,37,447,1,0,16,73,3,4,0,108,3,2,31,1,236,131,348,370,18,2,39,13,0,0,0,23,98,146,172,82,31,0,59,6,0,267,4,261,3,364,0,0,1177,411,110,15,548,84,2,1,30,712,2,149,20,9,3,5,1,20,882,229,0,9,3,85,0,47,6,0,0,2,5,0,15,0,0,166,78,7,15
"TCGA.EM.A2OV.01A",55,15,1,587,134,86,1,16,551,51,11,9,0,0,3,15,561,55,124,2,9,105,3,0,11,46,8,613,462,262,31,4,26,3,18,681,0,42,3,194,6,613,17,9,13,196,9,74,43,5,16,1,16,353,37,7,205,512,6,40,21,7,7,885,21,438,10,79,33,4,422,245,17,98,6,10,239,59,3,30,1,16,23,1,7,8,127,0,153,797,1,0,7,75,8,7,1,7,0,8,1570,346,126,59,69,49,5,5,134,60,0,3,0,94,39,40,153,9,26,13,148,0,1,2072,88,69,3,127,1,0,3401,78,10,40,829,75,33,3,8,1068,23,159,65,18,4,12,37,8,818,165,4,1,5,101,6,47,2,0,1,2,16,4,28,2,7,244,30,25,5
"TCGA.E8.A44M.01A",163,207,0,312,114,49,9,35,265,169,23,98,0,11,49,1212,637,39,43,30,12,525,1,0,53,51,30,1800,3067,535,1289,12,65,2,197,1449,4,223,35,87,30,411,209,21,28,65,111,617,75,23,74,2,51,356,429,4,10,318,68,42,31,1,37,1599,9,833,1,47,18,26,2716,39,63,306,30,46,194,39,16,761,1,6,32,0,5,84,315,0,146,5966,4,76,25,328,9,17,2,217,1,3,5234,55,418,66,1780,175,11,37,94,139,0,0,0,30,35,298,588,85,87,24,840,6,0,584,133,357,23,149,42,4,5666,158,220,146,2074,647,2,13,625,2068,2,711,55,222,2,21,61,27,1331,383,1,0,27,7386,40,193,3,1,0,2,16,10,203,1,1,17536,13,40,28
"TCGA.DJ.A13L.01A",133,160,3,104,53,35,6,27,78,71,39,49,1,21,59,885,781,69,101,24,7,505,0,0,32,168,18,2141,4030,990,434,34,49,0,74,484,0,438,57,47,35,454,74,20,65,136,169,422,55,12,59,2,32,471,1012,1,15,168,171,33,47,0,15,571,7,3079,3,88,51,2,5194,20,24,649,15,52,348,47,18,1867,8,8,76,0,11,715,416,0,184,24550,3,33,42,457,2,63,9,501,0,0,778,24,649,55,670,293,18,4,43,31,0,4,0,63,40,318,420,37,151,13,1007,4,0,890,85,215,21,247,113,3,8222,416,537,197,4845,1690,0,56,1257,5300,1,2481,133,783,15,35,121,61,1023,1151,0,0,23,7464,1,222,3,108,0,0,15,44,278,3,4,16934,28,122,92
"TCGA.BJ.A2NA.01A",121,148,3,475,105,76,53,49,317,272,23,40,6,15,53,280,740,53,98,172,10,584,1,0,31,146,13,1605,1764,771,535,7,47,4,89,1200,1,177,95,51,28,783,443,56,30,295,89,259,84,46,156,4,30,271,530,2,4,86,737,207,88,0,18,2058,23,1614,8,37,89,11,3088,24,26,127,39,811,389,79,30,1041,8,9,15,1,21,133,497,1,644,7503,1,37,18,193,16,40,33,460,4,3,1706,126,285,151,501,295,33,15,55,113,1,5,0,92,64,452,693,18,199,3,715,7,1,759,85,241,23,257,23,9,6755,247,153,229,1721,393,6,20,594,3984,7,635,60,185,24,7,26,37,10132,330,0,10,7,4968,15,143,15,13,150,2,42,15,129,9,8,4198,13,51,21
"TCGA.E3.A3E1.01A",84,59,1,97,128,65,3,11,133,159,15,61,1,11,13,562,584,47,42,52,9,409,0,0,21,60,79,1375,1271,1025,314,7,47,0,18,811,1,95,47,35,34,437,191,33,20,57,52,434,61,32,47,2,113,293,283,0,17,281,165,27,27,1,4,696,10,871,5,40,17,3,1908,18,20,211,13,126,211,63,8,602,1,8,21,0,1,52,194,17,150,4611,2,10,3,181,5,26,2,171,0,2,506,32,240,49,523,366,11,15,18,66,0,0,2,23,61,283,411,43,88,21,506,4,2,400,124,75,5,143,33,2,2585,220,219,101,847,488,0,16,340,1908,1,653,24,84,7,6,37,52,1173,165,0,2,12,2951,61,103,7,1,3,4,7,6,42,0,2,3028,12,30,12
"TCGA.EM.A2CR.01A",40,7,2,43,6,10,3,8,3,185,27,0,0,0,44,0,351,56,60,37,0,53,0,0,7,12,23,571,396,803,0,2,50,1,46,422,0,20,18,27,1,220,1,0,30,341,2,197,4,139,9,4,1,0,13,5,6,165,3,17,2,2,0,110,5,257,9,55,0,0,833,0,4,151,23,10,209,30,21,6744,1,6,0,1,31,13,400,0,271,59,8,0,8,20,11,5,49,0,7,2,5,20,166,37,105,1436,78,16,108,567,2,1,0,8,74,0,140,47,49,21,15,0,0,25,156,81,0,163,5,5,1012,9,8,1,535,220,0,0,15,106,3,134,10,0,2,1,30,0,3754,73,0,15,21,3,55,43,4,4,0,4,1,6,1,0,0,47,43,5,9
"TCGA.DE.A3KN.01A",113,146,0,20,57,35,6,25,66,103,25,100,1,8,13,146,1266,73,151,39,7,392,0,0,42,198,25,1115,973,613,343,8,74,0,159,778,0,206,34,68,27,666,107,12,26,73,28,265,47,7,190,4,24,330,384,6,1,90,156,64,30,0,146,1460,12,512,7,23,196,15,1693,3,18,549,7,315,146,30,15,523,3,8,1,1,8,59,450,0,144,5366,6,17,20,153,9,37,3,189,4,0,27,248,389,49,455,338,35,3,68,211,0,1,0,26,105,257,635,15,108,34,644,4,0,405,186,215,4,278,13,1,5380,189,121,131,1450,379,3,6,353,1755,0,304,37,92,1,20,16,0,3963,228,1,3,5,5282,71,140,2,5,53,7,11,4,78,15,3,2025,16,51,34
"TCGA.FY.A3R9.01A",160,142,2,358,305,35,3,68,100,240,27,85,0,5,18,827,518,82,181,56,13,505,0,1,16,166,21,1484,1649,438,1031,16,71,0,76,346,3,203,107,79,35,684,499,63,4,118,60,432,126,65,55,1,12,561,523,16,8,234,359,111,20,0,9,773,4,1023,3,31,39,5,2804,23,8,175,10,485,92,51,10,1040,3,9,8,0,5,111,341,3,177,6586,3,11,37,232,27,46,2,393,0,2,534,298,220,37,327,413,13,21,25,163,0,4,4,27,94,422,666,39,84,25,431,1,0,686,322,171,2,320,21,1,3036,149,196,213,1158,523,4,5,205,2521,3,178,42,211,2,8,49,63,1883,209,0,6,11,1466,73,88,6,3,4,3,23,2,47,3,6,2267,10,74,20
"TCGA.FY.A3YR.01A",50,55,1,15,3,34,10,4,6,76,9,15,0,33,6,312,229,20,16,1,2,205,2,0,27,92,6,1202,758,257,63,9,12,0,42,300,0,95,9,17,3,156,16,5,23,156,49,137,8,1,15,2,20,103,636,0,5,144,15,5,23,1,8,606,5,434,2,17,40,1,5339,3,0,105,10,34,223,37,4,771,1,3,15,2,4,28,146,0,111,12149,1,4,15,126,1,42,1,221,0,3,5,4,315,15,222,56,15,4,44,63,0,0,0,8,46,42,156,12,46,0,500,6,1,175,110,74,3,73,25,2,3376,247,169,51,2521,674,0,47,452,3734,7,698,49,609,4,9,240,24,553,413,1,1,4,884,0,55,7,3,3,0,3,3,64,3,5,5659,8,40,43
"TCGA.E8.A418.01A",15,20,0,507,68,24,1,0,15,158,8,8,1,3,3,1,198,4,13,5,0,172,0,0,6,8,1,1011,781,909,32,4,6,1,63,135,0,40,0,26,0,64,5,0,16,99,20,24,4,26,20,3,43,3,47,2,5,3,8,0,6,0,7,351,1,1628,4,40,9,1,153,7,0,98,34,21,50,61,1,82,4,8,0,1,5,21,71,0,119,275,1,3,2,26,1,3,7,1,0,1,3,3,44,17,122,30,1,1,15,11,0,0,0,6,9,7,259,2,32,4,92,5,0,364,160,15,1,12,17,0,362,33,12,7,151,42,0,11,25,445,2,118,11,0,2,4,11,2,356,75,0,0,8,80,0,6,3,0,0,2,1,2,17,2,6,894,0,5,1
"TCGA.J8.A4HW.01A",20,42,2,80,61,55,1,3,30,75,49,25,0,0,31,55,398,193,92,3,12,229,1,2,27,51,98,2546,549,131,74,10,26,0,46,584,0,43,7,69,2,485,84,9,12,124,37,64,57,1,49,1,25,113,158,7,8,46,3,30,1,1,7,2769,4,4475,3,44,6,1,942,5,39,229,5,82,510,148,3,146,3,2,0,0,7,64,120,0,425,2142,4,0,7,39,3,33,2,13,0,1,113,26,153,51,156,95,9,5,30,27,0,2,0,196,40,111,425,7,40,15,239,2,0,628,98,146,2,74,1,8,2281,239,577,103,763,371,0,4,283,2459,12,914,66,18,2,4,1,7,1927,94,0,2,8,1990,7,95,13,13,18,4,18,30,85,3,17,1129,5,21,5
"TCGA.DJ.A3VI.01A",49,30,0,73,28,40,3,1,27,94,2,28,1,0,10,98,486,17,30,89,0,66,0,0,23,25,3,1349,416,533,87,5,12,0,69,293,3,42,6,39,1,156,20,0,42,60,26,80,21,1,18,2,73,122,99,1,10,63,5,11,4,0,8,396,1,103,5,11,6,0,226,6,3,88,9,43,51,57,3,121,1,6,0,0,1,8,59,1,82,1076,0,3,1,60,1,8,2,11,0,1,175,11,60,7,171,234,8,5,53,25,0,0,0,5,18,88,560,7,37,11,105,0,0,337,177,65,3,25,5,1,1519,97,47,47,327,150,0,1,86,1441,9,97,12,6,4,8,15,8,808,137,0,1,1,715,11,50,3,1,0,0,3,3,37,0,8,1071,2,6,3
"TCGA.DJ.A3VJ.01A",115,106,1,220,150,80,0,16,37,272,39,27,0,4,49,534,811,80,55,16,8,472,0,1,20,68,30,3096,1560,796,600,20,47,0,63,751,3,186,55,64,16,486,103,15,30,74,103,355,165,37,74,3,31,222,531,5,4,53,148,85,34,1,4,1285,3,11153,8,69,27,4,1866,18,5,319,27,47,223,87,15,798,0,9,21,1,8,90,211,0,215,7669,6,10,6,168,5,43,8,262,0,15,1345,49,286,56,588,234,32,1,69,61,0,0,2,25,88,359,581,43,203,16,724,12,0,967,177,234,6,213,26,1,4587,201,162,84,1625,613,1,7,586,3856,13,614,74,221,3,8,16,59,2431,230,1,0,18,3558,15,160,2,1,23,3,8,3,165,7,13,5030,33,40,6
"TCGA.FY.A40L.01A",47,111,0,81,39,42,1,3,37,118,8,6,1,12,25,151,412,35,40,10,5,200,0,0,16,146,23,1291,1799,215,150,15,27,0,80,364,0,253,32,35,16,290,47,13,23,67,39,225,35,6,17,3,33,366,519,1,13,118,47,23,17,1,12,949,4,2192,6,30,37,4,3426,10,7,184,15,61,211,30,5,631,1,11,16,0,3,15,230,1,130,11142,6,10,11,197,3,47,6,433,0,0,259,39,327,69,243,119,13,21,15,87,0,1,0,23,37,194,900,32,71,7,540,0,0,270,84,117,4,111,21,1,3292,177,197,100,2129,797,0,23,511,3253,2,709,63,445,4,5,118,20,997,418,1,1,6,2081,4,94,8,5,9,1,6,21,119,2,3,5181,18,52,28
"TCGA.EM.A3ST.01A",15,115,2,359,6,4,4,3,11,94,7,3,0,0,7,1,351,35,33,2,2,250,0,1,21,8,1,600,161,400,2,13,2,0,201,1399,0,63,0,21,15,55,3,2,21,67,7,30,5,3,15,1,15,1,24,21,3,21,0,37,3,0,4,226,4,17,0,23,5,0,194,1,0,298,3,2,80,32,4,24,3,1,0,0,4,6,35,0,9,40,3,0,4,23,1,1,11,0,0,0,2,0,122,271,364,17,1,10,12,28,0,11,7,0,51,219,146,17,21,0,11,0,0,207,13,322,0,74,1,6,197,30,6,21,177,44,3,3,5,713,18,5,2,0,0,3,5,0,163,57,0,1,4,23,0,37,10,0,0,0,2,1,2,0,16,101,37,6,8
"TCGA.DJ.A3V7.01A",28,23,0,73,12,39,0,5,5,47,1,11,0,0,3,7,231,2,21,5,0,228,0,0,18,40,1,1185,628,450,42,10,17,0,68,133,0,47,4,30,2,161,1,1,25,34,17,51,15,2,16,2,74,13,35,0,3,1,1,2,7,0,5,501,0,175,1,21,7,2,236,5,0,206,21,21,73,80,3,203,4,12,0,0,6,15,103,0,28,765,0,4,5,79,2,8,6,1,0,0,4,15,105,30,110,47,6,5,27,30,0,0,0,16,15,7,1093,21,59,7,107,5,0,320,46,60,0,81,9,1,747,43,10,37,261,40,0,4,42,1260,0,200,6,0,6,5,0,61,660,106,0,1,18,104,0,69,1,1,2,0,1,7,28,2,8,1321,11,5,7
"TCGA.IM.A41Z.01A",30,26,0,47,12,10,1,15,3,18,1,7,0,0,2,5,240,11,28,0,6,277,0,0,10,23,1,281,882,493,15,2,18,0,25,257,0,53,3,13,4,247,15,6,6,40,2,121,16,1,0,0,1,84,40,1,6,74,0,21,1,0,0,529,0,101,0,47,8,7,98,8,4,111,2,3,18,16,4,12,6,4,0,0,2,21,105,0,61,510,2,0,6,98,3,1,2,4,1,2,44,44,120,13,82,78,5,1,21,39,0,0,0,9,24,7,682,59,31,8,66,0,0,92,20,61,0,88,3,0,1012,27,32,9,290,97,1,0,15,484,1,67,20,4,1,4,5,40,98,53,0,1,1,44,0,35,2,4,0,3,1,7,2,0,3,901,8,5,2
"TCGA.BJ.A45D.01A",55,23,0,40,28,37,0,5,20,159,9,8,0,0,7,34,473,124,40,2,13,265,0,0,21,31,55,1594,465,1833,99,9,32,0,53,404,1,32,6,60,32,721,6,16,30,59,13,144,13,2,10,3,89,76,225,7,8,282,2,199,7,0,3,647,1,281,7,60,15,0,778,6,18,412,5,94,113,39,10,86,1,3,7,1,10,98,312,0,239,228,1,1,23,74,0,21,4,37,1,0,16,8,257,75,143,409,32,13,171,471,1,0,0,34,188,348,1885,98,118,9,47,1,0,201,42,212,0,142,1,1,3412,126,21,98,604,609,1,1,42,2083,1,278,33,12,3,4,1,16,2497,156,0,13,21,26,23,7,16,3,2,1,0,6,37,2,1,1080,108,31,13
"TCGA.EL.A3ZK.01A",76,28,0,168,30,55,1,5,18,142,7,23,0,0,4,40,555,13,21,76,12,160,0,0,16,15,15,473,1550,800,649,4,4,0,64,351,0,100,5,42,0,135,16,3,17,239,34,37,20,2,16,3,46,55,94,5,24,16,7,1,4,0,12,473,5,254,6,95,4,3,667,13,0,475,12,49,137,42,0,111,3,6,7,1,2,23,189,0,98,968,2,5,3,76,0,12,1,5,0,1,84,10,49,23,437,56,9,0,121,20,0,0,1,86,10,15,720,7,119,0,146,1,0,495,221,86,5,23,3,0,761,63,28,81,274,40,0,3,65,1044,4,261,40,11,6,4,3,3,322,212,10,0,0,115,1,9,9,0,0,1,8,1,47,2,15,1550,3,15,2
"TCGA.DJ.A3V0.01A",252,161,0,684,452,92,13,55,98,904,37,53,0,39,143,1510,892,219,267,191,73,103,1,0,53,215,79,3263,876,3332,1240,86,85,3,120,828,5,213,322,103,12,1009,1374,245,44,450,129,882,32,146,314,6,31,301,2120,2,11,252,1943,181,327,0,33,3387,15,3204,13,88,76,3,16113,61,63,264,15,4594,292,71,21,5458,1,25,39,1,57,670,488,23,1783,21570,13,222,34,156,13,80,16,1636,1,2,3053,28,529,386,720,2054,103,5,97,222,1,21,2,120,105,2964,920,42,278,12,682,23,2,681,198,490,92,391,26,17,2458,724,566,151,3534,672,40,43,907,9035,10,1270,74,603,17,50,69,71,32710,713,1,6,18,1626,24,177,17,5,27,0,23,17,197,8,5,11903,23,289,221
"TCGA.DJ.A2Q6.01A",226,308,6,525,159,98,39,71,272,692,56,217,0,42,81,806,1806,88,163,156,18,357,2,1,119,636,35,3567,2855,419,1129,42,121,2,201,1295,2,737,225,126,30,1120,793,103,64,189,104,1173,197,37,253,4,66,519,1891,6,21,409,735,52,105,0,60,3832,34,5789,9,97,169,2,12734,67,52,475,32,346,617,52,18,3386,4,21,27,12,25,194,846,1,635,33933,2,98,40,400,5,343,24,2085,27,5,1075,115,949,162,995,409,46,24,107,118,1,16,5,86,165,840,1806,142,500,33,2565,50,2,1532,234,305,20,682,65,9,7238,1076,493,386,7299,1749,17,56,2637,7598,11,2808,407,1927,21,30,189,40,7767,968,0,1,20,15790,52,119,10,27,219,6,39,10,305,11,9,18073,11,226,142
"TCGA.KS.A4I7.01A",16,23,1,13,7,23,0,2,3,32,18,8,0,0,4,13,243,15,23,73,6,310,1,0,30,50,5,811,535,295,63,3,31,0,57,565,1,42,3,28,11,181,2,3,11,31,30,183,18,0,9,0,46,81,76,4,8,40,4,37,6,1,23,311,0,364,0,27,15,2,312,0,5,153,13,9,146,37,6,1211,2,4,2,0,0,13,92,3,74,743,2,1,4,126,4,13,8,0,1,0,49,33,154,8,590,120,15,3,94,60,0,0,3,0,73,94,389,43,42,18,61,0,0,73,37,78,0,84,6,0,1654,33,68,25,222,172,0,1,80,707,1,137,11,4,0,4,6,61,478,32,0,3,1,389,61,196,8,0,0,1,0,6,37,1,1,836,21,13,5
"TCGA.EL.A3ZQ.01A",53,7,0,53,9,15,0,6,74,21,4,11,0,1,4,747,283,59,63,30,7,177,2,0,4,20,16,759,519,827,110,2,30,0,11,414,0,33,26,31,5,308,12,1,6,2,33,119,11,5,27,0,78,149,184,0,15,253,6,6,2,4,8,122,0,305,0,7,5,0,327,0,2,133,37,47,21,15,2,160,0,9,1,0,0,4,35,0,34,1505,0,4,0,88,0,7,3,6,2,0,160,12,89,2,242,188,21,1,374,142,0,1,0,3,9,57,111,13,49,9,53,1,0,63,31,46,0,43,9,13,2678,8,97,23,322,308,4,2,178,445,0,44,15,6,3,5,2,42,146,46,0,2,5,2336,1,95,15,1,0,2,0,12,18,0,0,1557,6,20,1
"TCGA.FY.A3WA.01A",17,26,1,42,18,55,0,8,24,74,37,47,0,0,13,20,160,683,3,1,3,69,1,0,92,23,5,951,518,160,3,5,15,0,129,874,0,42,343,33,0,144,4,6,16,56,9,63,12,5,4,0,9,78,43,11,9,63,2,37,7,0,23,442,0,23,7,16,46,4,212,1,5,265,12,31,40,15,23,80,4,18,1,1,0,37,123,1,63,120,5,1,2,362,4,15,5,21,0,0,0,51,86,5,55,49,2,5,50,42,0,3,1,6,47,55,100,6,44,17,225,2,1,165,32,92,1,27,1,2,2637,73,47,168,343,140,1,1,47,953,10,67,28,15,8,5,2,2,2625,165,0,6,1,10,6,40,6,1,0,1,10,2,10,4,2,94,9,63,1
"TCGA.E8.A3X7.01A",47,27,1,26,17,27,0,7,13,40,11,28,0,7,27,303,317,51,75,43,23,165,1,0,21,139,24,1217,660,359,159,24,33,0,46,286,1,90,55,17,13,292,80,17,21,46,47,341,5,12,37,2,25,153,914,0,6,104,159,30,66,1,1,597,4,2175,1,15,51,4,6831,11,30,128,9,21,199,52,2,1463,0,5,12,0,10,73,117,0,128,12328,0,12,4,99,1,53,8,304,0,0,398,13,253,11,209,154,16,6,34,66,0,3,1,65,23,306,315,26,63,4,551,6,1,247,119,146,6,148,47,0,3593,177,226,18,1985,730,0,11,495,2737,1,679,61,389,0,15,23,5,483,341,1,1,12,1992,0,5,11,6,7,1,0,4,110,0,3,5366,11,53,42
"TCGA.DJ.A3UV.01A",285,283,5,1072,639,106,26,88,523,637,103,311,6,35,100,3352,1386,158,221,191,23,1056,5,3,74,226,63,3082,2993,359,1717,30,76,1,137,1659,8,278,286,133,140,628,462,74,30,156,126,922,190,99,205,2,78,301,1505,43,24,406,438,43,101,3,64,2582,20,1523,7,90,89,20,7663,89,21,330,33,576,367,52,27,2354,6,13,25,1,25,162,545,3,628,15502,4,44,35,264,27,86,9,978,4,7,7939,135,757,92,2958,722,40,46,142,189,0,4,0,44,185,2229,787,133,229,25,1461,13,1,785,283,428,30,450,47,12,4445,330,353,113,3502,1240,4,42,963,5799,11,905,131,547,13,12,166,142,4400,514,1,5,16,5084,61,303,13,6,25,4,39,10,314,4,18,9489,35,150,46
"TCGA.EL.A3ZL.01A",37,37,0,168,37,23,1,5,20,227,17,6,0,1,15,75,836,28,63,175,1,67,2,0,23,43,20,1649,320,295,46,9,35,0,105,270,2,68,4,57,20,184,11,0,11,50,21,355,27,3,35,0,27,90,367,18,7,23,4,7,30,0,10,393,4,635,4,37,18,0,1927,11,15,426,5,30,81,47,2,2221,1,20,6,1,3,8,151,0,104,4615,2,2,17,35,5,27,3,73,2,7,657,74,376,31,165,250,39,26,84,11,0,0,0,10,79,55,282,27,43,12,298,4,1,248,37,160,1,127,12,2,554,277,46,34,1956,261,0,24,171,1980,3,261,43,104,0,2,61,76,2790,172,0,2,8,416,40,205,0,4,2,1,1,4,44,6,4,1603,53,71,5
"TCGA.DJ.A3V5.01A",103,178,1,98,63,46,2,8,30,84,27,84,1,20,74,303,490,40,80,15,4,270,0,0,49,514,20,1988,1314,434,445,30,55,0,108,621,1,343,84,37,67,323,80,16,42,305,57,518,28,10,49,2,51,277,1244,4,3,295,139,64,51,0,10,1402,8,2620,6,49,159,9,11792,17,6,129,7,39,520,47,15,3387,5,9,21,1,27,97,351,0,381,23557,3,4,18,315,4,146,3,836,1,0,119,20,586,47,433,199,26,3,50,117,0,6,4,17,32,247,737,37,172,4,1430,6,1,575,146,335,7,310,98,0,4189,551,457,92,5319,1178,0,37,1038,5180,10,1349,222,939,15,11,111,10,2321,822,0,0,8,4255,39,25,2,21,24,3,12,4,298,5,1,12138,11,134,71
"TCGA.ET.A25K.01A",30,25,0,92,108,24,0,27,21,253,34,12,0,0,25,371,442,127,31,300,2,212,0,0,39,60,15,1661,591,111,169,21,23,0,35,431,2,47,32,61,18,374,126,25,17,76,23,253,60,23,37,1,23,98,343,5,1,40,40,28,5,0,5,1309,3,351,2,65,1,3,1113,25,20,184,31,300,122,31,13,505,0,5,6,1,5,30,184,0,319,2406,3,4,6,46,3,37,4,245,0,7,523,66,257,33,217,259,17,6,76,21,1,4,0,7,57,201,724,28,74,12,281,4,0,349,69,85,2,122,7,0,1286,92,47,63,651,514,1,9,211,3224,23,161,50,108,3,8,15,46,2862,90,1,4,8,355,18,128,2,3,0,2,12,7,63,0,8,1207,3,55,4
"TCGA.DJ.A2PR.01A",23,13,0,80,52,9,1,8,5,65,15,11,0,0,7,63,407,11,8,0,3,111,0,0,20,20,8,1111,1208,169,60,1,15,0,46,386,0,46,4,32,1,1090,51,1,15,44,82,49,61,3,15,4,50,121,140,10,10,13,6,12,0,0,68,500,4,207,0,47,3,1,234,3,1,136,43,98,68,26,6,107,2,8,4,1,4,2,162,5,40,1326,0,5,5,63,0,4,2,25,0,2,55,2,75,26,177,80,8,13,53,10,1,0,0,3,16,13,773,2,56,2,98,4,0,436,33,31,1,52,8,1,959,53,21,56,556,203,0,1,140,1842,4,165,21,16,2,6,7,6,1459,99,0,1,3,735,0,35,4,5,3,1,9,21,52,0,2,2816,3,11,1
"TCGA.KS.A4I9.01A",15,26,0,49,3,30,2,2,8,146,8,27,0,2,5,17,332,10,21,18,2,215,0,0,11,51,4,543,748,502,33,15,9,0,86,201,0,53,10,33,3,172,13,1,30,76,26,80,2,1,8,1,30,17,117,0,13,7,0,6,7,0,5,601,1,80,0,21,5,0,598,7,0,53,25,16,103,37,2,97,3,4,2,0,1,23,142,0,51,1229,1,0,7,105,0,13,2,53,0,1,12,16,143,31,154,55,9,9,30,42,0,0,3,0,35,23,231,18,63,3,75,0,0,184,66,60,1,87,5,1,2275,71,81,15,554,139,1,3,103,778,0,300,23,23,0,11,28,8,1063,122,0,2,3,285,20,105,2,4,1,0,2,0,47,1,1,1088,3,21,8
"TCGA.ET.A39P.01A",66,10,1,79,6,51,2,0,5,79,21,18,1,6,7,32,391,3,10,11,4,181,0,0,21,84,3,1218,829,395,60,12,24,0,21,194,0,47,17,21,4,346,7,8,55,82,30,142,4,2,7,2,34,30,281,3,2,32,26,2,15,0,3,1129,3,951,5,53,35,1,3735,11,0,226,11,65,156,43,3,283,4,3,9,0,11,44,177,0,328,5263,4,2,3,108,2,39,7,103,12,1,15,9,215,33,265,61,12,5,76,99,0,0,0,5,63,63,356,7,139,18,148,3,2,270,253,50,1,126,10,0,1023,185,146,23,1380,305,2,8,100,2485,5,438,59,97,3,18,85,7,625,208,0,2,5,253,25,6,6,9,1,0,3,1,47,6,6,1976,6,34,28
"TCGA.DJ.A2PY.01A",66,35,0,63,2,16,0,0,2,61,15,47,0,27,8,126,268,15,4,5,0,253,0,0,16,215,7,718,1036,71,44,9,6,0,17,330,0,57,3,28,4,98,3,3,15,130,63,211,6,0,7,0,23,117,278,2,4,59,13,1,10,0,16,406,2,288,2,34,120,0,3927,32,5,67,12,161,94,32,11,887,6,10,9,0,6,151,199,0,127,9075,0,1,11,127,1,51,1,686,0,2,88,40,277,33,229,118,1,6,31,51,0,1,0,0,34,27,217,20,74,5,380,1,0,121,63,68,1,86,15,0,1597,443,303,13,2805,413,0,60,376,1312,0,978,80,407,8,0,505,5,618,327,0,2,3,340,3,84,1,27,0,0,4,7,56,0,8,3836,1,80,16
"TCGA.ET.A40S.01A",49,78,1,37,74,87,2,10,9,37,55,135,2,1,9,262,243,37,28,2,21,261,2,0,35,50,10,851,1380,573,2459,12,34,0,139,956,0,189,32,33,13,234,92,10,21,158,28,84,40,27,39,0,32,81,232,5,5,53,50,46,11,2,50,555,10,2527,21,40,20,3,660,10,3,139,7,63,968,40,9,185,8,12,2,2,1,37,137,0,74,2293,3,6,6,184,1,7,17,63,1,10,154,71,87,37,1675,119,16,11,92,85,0,0,0,16,20,101,274,7,82,50,3415,2,1,205,773,922,2,81,24,2,4216,87,85,259,376,185,0,2,133,767,2,281,7,44,0,13,781,49,707,240,0,2,10,1244,392,64,8,12,1,0,89,2,21,3,2,3405,6,28,6
"TCGA.DJ.A2PW.01A",69,37,4,74,21,42,1,46,3,52,0,31,0,1,33,74,523,40,63,8,9,140,0,0,49,181,5,1749,1192,367,413,6,18,0,30,530,0,88,12,52,9,217,71,13,15,49,213,222,67,10,39,2,37,111,293,0,10,7,146,9,7,0,5,476,121,4924,3,55,73,5,3035,5,6,94,68,32,803,71,4,936,0,8,15,0,2,33,161,1,106,7466,0,15,11,196,3,20,5,128,0,0,168,4,428,25,895,193,34,6,271,1330,5,0,2,17,23,50,551,6,74,0,367,8,1,475,539,53,23,7,12,3,1541,78,271,75,818,801,0,23,419,4287,23,1047,49,1044,2,10,85,153,748,189,0,0,4,1985,10,184,12,9,2,0,21,15,104,1,7,4601,16,34,6
"TCGA.DJ.A13U.01A",27,12,0,94,6,31,1,6,1,95,8,5,0,2,12,47,304,11,33,1,3,160,0,0,17,35,1,955,719,319,42,4,15,0,27,368,1,21,5,16,5,206,11,1,9,67,16,92,10,1,11,1,30,21,101,5,2,7,13,20,30,0,1,938,2,315,2,21,42,3,741,5,2,35,21,31,52,30,1,185,1,6,3,0,5,7,188,0,46,1750,0,2,6,65,1,12,0,43,3,0,13,98,168,49,113,50,2,2,27,37,0,1,0,7,40,25,184,5,61,6,304,0,0,194,137,53,3,120,3,2,2319,163,51,24,614,168,0,7,80,1607,4,133,23,34,4,4,8,9,1393,514,0,0,2,391,3,68,5,0,1,1,6,30,20,2,3,925,8,11,5
"TCGA.ET.A40T.01A",98,137,1,261,184,61,1,46,98,220,42,127,3,10,61,620,734,61,103,39,6,853,2,0,49,144,23,2619,1556,683,584,30,57,2,127,855,3,188,111,52,33,650,169,16,44,122,98,576,86,49,74,3,52,206,707,9,10,130,277,43,43,2,21,2186,15,1981,6,55,55,10,3684,34,13,601,15,346,322,55,18,2284,6,9,11,1,16,80,335,1,407,9018,2,15,30,274,15,43,4,493,0,1,1215,69,556,49,693,379,40,39,50,108,0,2,0,47,172,866,1311,37,123,30,933,5,1,976,110,317,26,442,30,5,3248,144,271,110,2129,706,3,6,578,4337,5,758,78,207,12,3,21,34,4284,301,2,5,20,4197,40,185,11,12,10,2,37,15,213,0,3,6787,25,56,39
"TCGA.BJ.A2N8.01A",49,42,0,592,44,24,0,20,8,135,30,10,0,2,7,56,630,40,46,9,2,501,0,2,31,773,9,793,621,465,50,5,21,1,61,549,1,61,53,61,25,282,23,4,18,57,35,65,16,6,9,2,26,64,67,1,11,103,9,24,7,0,6,322,2,242,5,55,33,1,351,7,1,104,26,30,88,30,23,277,11,4,0,9,2,47,257,4,57,900,1,12,9,49,11,15,23,40,52,1,63,66,194,194,305,94,11,17,101,122,0,0,0,8,126,75,2127,84,110,30,39,3,1,166,12,100,3,198,7,2,1180,55,34,25,498,92,10,3,370,1114,4,253,23,12,1,8,11,12,631,79,0,5,3,236,80,191,4,15,12,0,7,13,23,1,1,1023,2,9,12
"TCGA.BJ.A192.01A",81,60,0,53,128,194,0,40,5,12,10,100,3,1,3,6,295,18,92,0,9,126,0,0,28,88,2,1318,630,243,376,12,33,0,87,282,0,73,457,40,3,576,74,2,11,67,2,34,40,5,20,1,35,117,295,0,4,16,26,5,0,0,4,841,5,153,21,23,53,3,2146,5,3,73,1,1,57,87,5,193,5,1,2,0,21,5,159,0,1758,2202,2,1,7,121,1,10,13,2,1,0,6,55,135,10,129,160,20,3,21,60,0,0,0,130,63,16,696,8,149,10,146,2,1,416,15,75,1,65,7,6,2644,44,7,80,962,577,18,1,226,859,1,49,74,8,0,3,4,71,438,88,1,3,1,530,0,4,6,21,1,2,2,0,26,2,7,35419,3,8,3
"TCGA.EL.A4K4.01A",101,74,0,241,146,60,2,3,7,148,15,21,0,66,21,584,962,28,21,24,5,78,0,0,46,225,95,2290,960,1316,248,137,39,1,34,874,1,161,10,32,1,236,0,9,20,121,42,588,0,3,90,1,25,462,3556,1,31,383,160,4,100,0,8,997,2,1527,0,103,63,3,16884,64,3,624,17,362,322,59,1,973,0,9,10,0,10,49,253,0,955,35616,0,2,13,203,0,274,4,661,1,0,110,5,642,60,986,267,18,7,37,85,0,1,1,17,17,55,434,252,383,4,1234,13,2,261,194,154,113,242,59,0,4087,2588,755,12,4193,1773,0,160,1207,6368,5,2415,122,716,49,9,290,55,1869,796,2,0,3,288,15,143,0,10,0,3,3,7,229,2,15,14907,23,199,42
"TCGA.ET.A3DO.01A",84,68,1,443,30,18,1,0,17,63,11,5,0,0,12,603,539,21,33,4,0,227,0,0,21,43,5,1078,1546,236,122,4,15,6,46,337,0,133,6,21,9,179,68,11,9,135,94,196,49,7,17,0,23,315,215,0,30,193,21,2,10,0,2,571,0,553,3,40,8,6,1758,24,1,84,16,104,108,34,7,206,1,3,9,1,1,21,165,0,118,5959,8,10,7,166,7,13,4,98,1,2,207,24,223,37,226,75,8,8,35,33,0,0,0,5,7,123,285,17,63,17,281,6,0,497,71,133,7,60,33,1,3377,133,332,27,1554,328,1,18,683,2229,4,403,52,56,5,12,4,18,448,623,0,0,11,2967,16,108,2,6,0,0,13,13,113,2,3,7103,5,35,30
"TCGA.EL.A4KH.01A",51,24,3,171,165,40,12,17,30,153,28,21,1,0,21,717,545,92,126,15,11,247,0,0,23,33,42,1557,602,1848,165,18,92,0,60,737,0,78,85,44,12,707,110,27,33,50,21,327,27,94,47,1,43,111,392,13,11,178,64,21,61,0,6,803,18,940,15,56,5,0,1661,15,7,228,65,658,84,37,7,807,6,28,8,1,8,94,104,0,254,3190,4,12,3,55,2,25,3,177,7,3,2038,51,206,42,381,562,78,9,277,153,1,1,4,6,76,807,785,65,175,15,171,6,0,98,80,175,0,135,18,1,2495,61,61,16,838,501,4,1,120,2116,1,312,10,61,12,0,5,33,2085,165,0,5,23,590,24,144,3,0,0,3,0,12,74,2,1,1358,20,37,16
"TCGA.CE.A3MD.01A",40,107,1,121,135,46,1,10,23,308,32,23,0,1,47,64,586,13,88,3,1,385,3,0,51,74,4,2347,1539,376,696,9,27,0,123,2106,0,98,3,49,0,623,12,0,20,40,23,86,99,4,12,5,23,81,253,1,4,5,4,64,11,0,20,1303,9,264,3,25,76,3,1091,13,2,282,9,71,133,25,15,682,0,7,0,0,11,68,252,0,92,2177,7,6,13,142,7,13,1,66,1,1,198,68,405,15,1459,242,28,26,10,20,0,1,0,0,100,50,1102,4,79,23,420,10,0,1133,108,257,0,381,11,0,2844,165,44,118,1819,604,1,1,298,2275,1,229,92,21,4,15,12,3,2633,90,0,4,15,2749,7,6,13,0,17,2,5,16,179,4,0,1833,8,17,9
"TCGA.E3.A3DZ.01A",65,80,0,573,98,44,2,37,33,207,55,39,1,6,27,524,516,65,23,4,1,465,2,0,26,59,15,741,808,363,454,4,26,0,104,863,4,87,39,49,34,324,113,33,7,133,3,275,40,35,27,1,20,49,236,7,2,97,97,9,8,0,9,949,0,131,5,75,18,2,909,37,3,247,4,42,406,52,21,389,2,8,0,6,26,51,396,0,85,2424,5,1,4,149,35,12,8,146,1,3,130,12,330,133,103,179,15,15,37,8,0,7,1,13,211,259,1668,130,86,33,171,0,1,306,122,177,11,254,11,1,730,113,67,60,953,267,5,15,104,1056,9,115,49,98,7,5,40,11,885,63,0,2,4,163,23,239,2,2,1,2,11,25,37,5,1,997,21,28,13
"TCGA.EL.A3CP.01A",60,63,0,111,20,56,1,20,23,119,33,217,0,13,30,121,452,42,24,343,13,253,0,0,33,232,10,945,631,238,144,18,35,0,57,596,0,105,33,74,32,340,21,17,16,82,33,295,10,2,30,6,55,76,584,2,2,23,142,7,47,0,95,1970,6,783,6,28,24,4,3106,12,5,40,30,345,99,24,4,2005,3,16,2,3,11,51,308,0,211,7152,3,6,4,219,0,99,4,433,0,4,28,113,259,37,257,144,12,7,160,57,0,0,0,113,47,99,448,37,122,3,594,9,0,156,223,94,9,259,23,0,3529,177,319,46,1905,358,0,12,936,1814,21,568,108,285,10,23,64,0,2205,267,3,0,5,1999,24,17,6,5,11,0,6,4,242,0,2,2724,17,46,15
"TCGA.DJ.A2PN.01A",75,12,2,39,42,89,0,42,30,46,23,21,0,1,15,27,687,55,42,25,1,267,0,0,31,122,49,1930,755,277,123,12,26,0,61,775,2,69,21,49,15,563,97,1,37,282,68,74,40,3,115,0,18,126,166,21,15,25,37,191,5,0,89,1318,2,1228,10,143,34,1,990,16,1,160,8,330,153,76,16,792,3,9,2,0,7,18,298,0,244,2470,1,5,3,92,11,27,3,332,1,0,23,59,169,55,153,197,24,0,73,1925,0,0,0,35,42,181,292,5,89,4,211,3,0,562,177,108,5,84,7,1,2901,206,85,227,748,207,2,3,168,2469,5,271,34,55,10,3,5,15,7329,134,0,0,2,1012,40,57,7,4,1,3,31,5,42,3,17,1223,3,18,4
"TCGA.EL.A3ZQ.11A",1231,2419,25,4266,1813,208,88,348,1633,2730,368,1283,5,270,189,13082,2126,771,543,4425,66,1526,17,21,98,1049,230,7274,5181,7026,11424,241,236,17,1029,2799,20,1224,1066,319,134,2099,5049,755,53,749,577,2602,332,350,543,24,149,3064,7914,103,108,2181,2903,227,295,4,156,6057,30,10947,23,169,234,31,22384,105,213,1514,80,2047,544,148,55,10340,31,23,108,9,43,1096,790,27,1233,46654,24,201,40,475,111,194,28,2520,40,3,14304,178,945,641,1615,1799,179,33,387,1282,6,23,108,166,305,5424,5794,106,457,84,3194,8,6,2089,462,882,55,919,103,59,12724,1151,924,573,5718,877,53,124,1863,11415,53,2212,219,1491,27,47,367,131,7683,1049,3,21,44,17594,166,555,21,47,84,9,59,50,367,18,20,15336,53,244,124
"TCGA.BJ.A3PR.11A",295,175,8,644,1063,90,50,142,290,547,53,35,2,3,107,11095,1039,815,458,412,10,519,6,0,44,247,223,2803,2903,4692,897,75,80,1,94,556,6,213,471,42,40,704,1135,274,34,94,121,988,140,485,197,5,50,130,946,4,23,498,807,105,272,0,23,857,10,2870,7,101,40,0,12089,55,59,509,46,541,382,99,39,3070,7,3,35,0,10,416,98,2,319,15688,5,94,31,142,10,47,21,853,21,2,18965,42,357,63,752,535,127,21,175,127,0,2,18,162,95,2923,702,65,139,9,407,23,0,445,215,324,13,156,43,7,4664,387,248,94,1756,1773,11,11,561,3817,3,653,28,350,5,47,117,117,769,265,9,2,40,3415,37,137,16,13,23,4,1,12,317,3,6,11414,87,34,44
"TCGA.KS.A41J.11A",674,671,55,4881,1907,509,53,197,1848,3413,462,611,6,106,177,6383,2321,641,327,1089,37,2496,3,4,68,595,173,3923,5086,3859,5006,42,160,4,465,3536,9,570,1415,282,103,1964,1207,217,57,885,128,1407,341,238,240,8,201,943,1447,47,63,757,783,226,261,3,142,4044,80,2439,61,156,226,21,9936,203,76,577,139,744,735,115,40,3446,8,27,27,3,31,222,488,1,1600,27302,6,119,55,616,34,74,15,1129,24,12,23989,495,711,194,1657,692,55,82,571,584,1,15,3,124,122,1542,2295,160,425,51,1575,16,0,1063,438,586,56,713,57,11,8675,675,710,209,3354,1345,24,56,1071,4990,28,1992,137,748,24,16,267,61,3806,607,2,5,24,6742,234,362,20,20,35,8,23,65,197,5,15,12859,40,123,49
"TCGA.EL.A3MY.11A",773,855,15,2136,1138,150,101,219,1033,914,126,702,28,148,178,6823,1514,514,322,812,92,1508,4,2,76,790,84,4542,4626,5712,5400,103,200,9,248,2617,15,671,1165,222,173,1212,1878,416,65,295,197,1345,405,363,497,5,117,1044,3266,26,95,737,3382,286,298,3,63,4940,40,6624,7,133,178,20,17973,60,60,318,61,1415,679,82,75,5602,12,26,120,8,39,478,835,21,696,36666,8,122,50,530,52,238,37,2304,6,21,4658,277,707,158,1110,1244,79,69,151,429,0,11,15,271,160,3039,3277,84,171,32,2170,3,0,1559,301,283,115,716,61,12,7521,1590,1496,462,5596,1209,25,66,1386,9341,10,1550,197,1357,44,5,259,144,8456,835,0,13,47,7349,47,268,18,23,67,3,78,9,280,5,10,11038,40,142,122
"TCGA.BJ.A2NA.11A",530,312,12,1094,718,133,76,169,509,571,80,236,13,15,105,3061,1333,314,257,189,33,1061,4,1,55,305,98,3528,3047,635,1771,30,168,5,74,1345,21,264,323,119,52,907,1413,244,42,172,123,963,185,300,219,1,50,715,1053,23,35,588,1080,465,118,0,30,1309,31,5433,8,122,90,7,6976,118,40,285,65,1491,571,111,55,2855,15,15,25,2,32,126,454,21,495,17692,1,95,37,317,15,78,33,1052,12,3,9905,154,512,149,609,752,56,65,71,454,0,3,27,262,113,2596,1035,131,161,26,701,20,0,1219,183,332,71,465,69,12,6329,293,522,220,3032,1516,34,27,665,4639,10,748,60,407,4,63,264,86,8714,404,2,8,18,5945,111,162,16,9,51,2,42,2,148,10,6,10878,30,53,27
"TCGA.EL.A3GZ.11A",687,616,27,1325,1038,153,153,105,581,682,108,481,10,194,133,5878,1010,281,241,3046,51,1822,1,5,89,622,143,4142,3466,3199,4029,89,113,16,131,2660,9,324,414,122,65,863,4580,330,49,211,207,1201,211,163,265,8,154,1115,2136,63,27,1560,1142,178,185,1,59,2515,23,4193,15,44,73,13,6681,26,35,539,18,838,306,42,28,4300,21,35,40,10,20,555,523,28,494,28855,3,35,57,253,57,110,49,1559,6,2,2216,90,556,245,815,738,63,33,85,635,6,5,2,49,207,1814,1355,130,98,15,990,13,1,735,95,268,21,367,37,11,6133,1468,947,191,3015,695,6,56,966,4749,23,988,130,896,15,10,247,69,6400,411,4,7,12,1992,135,535,12,15,90,3,34,13,133,5,12,7076,35,51,24
"TCGA.EL.A3T8.11A",863,988,21,3847,1150,221,63,341,1149,1654,181,544,8,171,306,4698,2124,447,668,3531,35,1600,16,15,99,851,126,5073,3677,7792,7021,201,198,12,374,2931,18,655,836,184,158,1402,1425,298,189,668,193,962,257,391,534,7,146,1328,3927,56,121,1042,3528,362,422,7,226,4673,40,6559,27,163,148,42,25238,121,117,457,68,535,671,131,69,7078,10,8,98,7,47,2077,674,33,1180,65311,6,124,20,579,66,181,18,1380,21,26,13593,406,926,209,1309,1148,98,73,349,990,3,47,5,441,177,4749,2988,82,259,24,2442,28,1,1681,445,476,208,771,59,23,4341,1506,1097,264,5749,1538,27,39,1714,7035,30,1917,158,1133,32,131,197,37,5251,1033,11,23,31,11741,122,175,25,21,55,7,18,28,198,12,13,9030,26,114,168
"TCGA.EL.A3TB.11A",1766,2151,59,4315,2710,315,97,460,1529,3140,445,1493,44,197,462,8773,3082,1160,818,5520,99,2716,21,20,113,1275,267,8273,6276,2667,11419,448,308,3,788,3585,42,1372,2780,311,270,2274,6292,929,114,657,385,3616,686,523,519,18,281,2780,6359,171,43,2086,4001,773,358,5,411,6124,113,10941,23,111,312,30,30107,59,172,1080,63,3681,763,122,94,11756,10,53,173,6,49,3311,1590,26,1860,77385,24,247,44,555,139,420,42,4152,7,10,12601,247,1318,540,2021,1902,156,99,203,904,6,27,23,358,360,6577,5962,213,389,95,3308,46,2,2010,315,955,129,863,136,15,12452,1782,1422,274,7572,1869,25,119,2428,15653,60,2380,254,1911,30,183,732,127,29385,884,15,21,37,14055,181,436,9,27,124,4,98,47,340,8,15,18114,61,346,144
"TCGA.EL.A3ZT.11A",577,857,61,4239,1286,189,74,183,1382,2929,173,740,17,124,190,3238,1695,199,320,1599,52,1207,6,4,80,581,103,2825,2355,1770,4191,81,128,2,398,2859,17,505,495,245,88,1365,1472,165,113,396,129,1246,384,215,262,6,69,1256,2273,67,106,601,1104,177,153,9,234,2989,64,7001,24,203,94,23,8596,74,69,498,75,1240,620,111,18,3920,7,20,15,6,17,245,651,15,894,25879,3,103,24,433,23,133,17,1217,21,12,10340,257,661,135,1360,790,61,49,248,324,2,7,4,75,139,1630,1923,159,225,28,1941,6,0,967,468,433,42,617,47,10,4506,531,670,104,3150,959,40,31,1029,4723,27,1207,153,671,25,30,241,115,4630,551,1,7,11,4442,94,245,32,7,49,7,51,31,148,5,12,5518,28,80,17
"TCGA.DO.A1JZ.11A",153,86,0,278,159,151,15,30,259,308,35,189,9,21,26,1078,380,797,86,238,7,271,0,3,60,178,92,2548,929,696,939,18,67,3,40,1212,1,74,1068,37,23,445,61,68,10,63,31,372,67,126,44,2,30,59,574,7,16,386,525,73,39,0,18,1203,4,698,6,23,185,11,1566,17,9,297,6,177,97,23,9,529,20,10,8,1,3,175,236,0,159,3677,24,5,6,146,5,32,4,290,0,1,1177,26,203,34,454,261,13,15,24,484,0,3,0,9,95,462,413,15,90,7,420,8,1,228,148,217,6,217,12,2,2683,161,118,61,783,401,1,17,241,2396,7,166,34,151,3,3,92,23,1386,1159,0,8,8,485,74,92,4,17,17,4,17,3,40,2,7,1551,8,8,9
"TCGA.H2.A2K9.11A",744,601,16,5466,1044,340,82,209,1042,1726,268,545,10,144,169,4843,2139,311,360,173,126,1589,5,9,130,370,113,4290,5098,2070,3869,67,154,3,199,2723,12,636,535,267,130,1345,2891,234,94,510,328,1320,428,404,283,6,134,1087,2212,31,32,880,1768,220,241,3,90,3521,55,6443,25,184,175,21,14425,231,215,666,105,1665,943,100,30,5206,23,49,73,4,56,229,967,26,1208,27232,20,211,42,598,24,133,8,1402,12,9,17405,477,777,382,1365,1124,60,21,222,442,1,6,16,198,153,4058,1275,165,248,61,2031,12,2,1967,374,385,80,568,117,18,8514,722,947,403,5159,1470,15,56,1639,6102,37,1738,172,701,10,57,396,133,10448,654,7,6,18,17527,126,189,23,39,27,2,57,47,255,6,12,19133,24,151,76
"TCGA.EL.A3ZG.11A",211,140,26,1323,442,56,21,55,385,1023,73,111,1,18,53,3934,986,337,169,1201,61,295,1,2,10,113,165,1369,1339,5526,1033,21,56,11,139,1106,9,115,117,43,15,537,465,68,12,189,44,327,87,105,76,5,18,271,518,12,16,295,391,136,160,3,13,631,15,3018,3,61,52,1,3557,27,16,330,20,234,244,71,4,1208,5,7,15,1,7,84,61,2,341,9960,7,49,21,69,12,30,13,367,18,12,15761,78,217,88,679,427,37,47,281,84,1,9,0,63,56,442,612,84,124,23,304,6,0,293,191,239,5,215,28,10,3250,193,221,67,933,594,16,18,343,1498,6,431,46,153,5,7,44,11,1116,455,3,6,11,1051,26,31,8,5,11,3,1,7,37,7,9,2160,12,57,9
"TCGA.EL.A3MW.11A",1005,693,21,4651,2067,282,80,111,1586,2620,465,1659,61,234,351,10554,2461,675,635,823,175,2305,15,3,146,1101,220,5061,7403,3238,7862,310,286,6,252,3720,37,853,1348,272,211,1584,3238,413,159,455,526,1700,515,555,493,16,209,1202,3759,65,74,1223,4100,228,490,8,144,5809,87,6350,20,178,203,32,28503,73,121,554,55,3506,1044,149,98,10033,13,47,49,4,50,431,959,37,1369,52230,11,98,55,529,88,301,37,5201,13,5,9644,534,1289,452,2255,1650,84,98,219,636,1,31,53,150,259,4585,2707,376,400,75,2928,47,1,1633,268,512,128,748,113,28,6683,1060,1224,447,6963,2646,26,89,2551,12874,25,2173,252,1418,56,43,667,181,10068,981,2,7,15,7588,111,274,18,63,53,7,55,20,497,20,20,15845,67,363,244
"TCGA.BJ.A28R.11A",996,884,26,3666,2101,206,50,327,1252,1721,158,832,1,189,122,7745,2533,403,396,139,74,1551,3,1,74,392,106,6512,5824,2546,4399,86,136,4,252,2602,28,624,534,234,184,1608,3370,308,37,270,447,2673,441,265,376,5,133,576,2803,27,51,1162,1976,148,173,3,53,3204,42,7881,17,140,61,15,16815,178,169,270,88,2585,701,108,65,7312,9,79,105,4,40,264,857,30,790,38649,23,308,75,551,57,158,6,2142,13,16,13379,277,894,244,1541,937,79,94,162,606,1,8,8,168,173,2859,2718,199,240,59,2311,27,6,2185,236,406,123,667,111,17,13638,1155,1118,416,5025,1851,15,56,2540,7412,23,1833,168,1029,3,63,477,165,9531,616,8,6,32,23373,59,234,9,15,32,2,60,15,286,2,6,25421,56,194,57
"TCGA.EM.A1YC.11A",911,790,76,5126,1968,423,49,500,1075,3183,366,311,30,55,177,9736,4300,624,1010,308,68,2969,5,4,80,1010,189,8325,6000,3064,3064,80,592,5,396,2519,55,438,835,179,188,1415,3546,206,94,660,158,1740,525,687,1075,35,101,1116,3122,90,151,748,1449,494,545,20,153,2417,181,8560,34,197,80,2,14031,128,60,654,189,3751,1003,400,250,5942,15,30,23,4,30,431,684,5,800,30004,0,127,137,468,73,211,56,4210,49,37,64195,530,1369,126,2978,3095,188,35,710,1148,4,8,9,711,327,1770,1318,181,520,27,1197,37,2,1538,514,680,50,1590,107,15,9659,763,980,206,5962,3770,23,46,1254,7103,13,1878,139,1362,15,9,391,300,6584,422,1,15,40,4317,57,616,30,5,67,2,21,71,343,15,1,18124,104,159,69
"TCGA.ET.A2MX.11C",526,442,37,3248,847,208,49,95,1185,2464,117,376,5,139,184,6056,1831,257,353,654,92,1233,0,2,53,343,101,4776,2696,2007,2687,37,126,12,267,2172,10,305,702,205,103,926,1793,75,98,261,199,607,171,240,184,8,172,937,1531,46,35,671,811,287,135,9,85,1082,89,3275,20,194,27,7,8326,56,92,819,67,185,612,183,27,3589,4,21,30,5,31,146,327,4,642,21784,2,184,47,267,37,79,27,945,4,18,14541,196,548,42,1256,855,84,75,280,866,3,2,1,61,100,636,904,142,285,39,1124,10,1,1007,478,353,12,498,82,5,5028,471,800,236,2367,737,20,34,712,3100,16,930,131,400,28,7,222,74,2844,668,1,8,16,5249,74,247,8,7,39,5,4,6,111,5,16,6710,30,131,30
"TCGA.BJ.A290.11A",1511,1242,15,3882,1936,454,63,330,1430,1726,253,1166,39,203,346,4104,3581,465,806,3955,122,1355,8,18,189,887,175,8116,4924,10073,9366,315,338,9,450,4142,21,717,1780,341,225,2641,2979,698,111,795,461,2591,495,658,1169,9,108,1801,6530,123,74,1433,7615,206,602,8,275,5964,160,19054,44,139,310,55,38624,156,156,666,118,9233,982,172,113,11708,5,168,148,5,63,3165,1159,9,1770,67845,37,150,66,575,103,275,47,3289,15,15,11469,295,1487,327,1826,2963,107,17,460,968,2,63,33,609,262,6957,4152,159,383,61,4054,12,4,2134,1142,999,255,866,118,42,11492,2742,1726,376,9438,2424,63,56,2966,16857,43,2082,301,1272,79,165,385,160,27922,777,15,23,34,16991,88,148,60,84,55,11,142,16,317,15,10,17838,35,544,453
"TCGA.EL.A3TA.11A",526,429,23,1294,1094,166,40,111,649,693,37,350,3,82,173,3372,1143,359,250,357,55,633,1,2,100,318,177,3824,1883,1501,1992,53,119,6,189,2005,8,323,382,117,66,644,1180,114,71,153,108,853,163,203,118,7,61,824,1678,39,47,343,724,240,64,5,103,1405,31,8750,16,67,60,17,6288,67,43,611,26,922,458,74,15,2928,15,17,43,2,40,113,304,4,377,18176,5,74,23,312,17,63,21,636,6,5,6503,103,465,71,1140,863,37,78,117,460,2,5,1,126,143,790,1197,136,171,37,1122,13,5,566,530,590,34,257,33,6,2803,226,438,215,1691,1146,27,23,887,2910,15,644,131,351,13,6,228,111,4430,675,0,8,13,4817,79,208,12,33,32,2,15,23,86,7,11,5631,33,134,26
"TCGA.BJ.A2N9.11A",573,584,44,3576,1146,211,37,133,1414,2387,254,370,3,97,153,6160,2330,315,423,841,55,735,7,5,87,285,118,3600,4700,4076,3435,49,143,7,172,1592,10,304,442,150,79,1457,2011,115,37,554,274,1491,308,142,281,9,66,757,771,40,37,1025,1130,56,306,1,63,3181,37,6887,15,106,99,9,14145,92,166,642,130,1156,564,177,15,5062,8,12,94,4,20,490,350,6,1005,22130,15,153,28,323,27,47,24,1195,18,16,46674,131,769,438,1007,860,63,23,314,303,3,5,9,248,136,2712,1615,186,343,33,1019,25,2,1264,406,389,80,422,103,15,11457,732,641,285,3966,1256,23,27,976,4135,23,1491,133,438,4,53,217,51,3002,728,10,4,17,16807,63,95,15,23,18,4,4,28,177,13,10,21200,24,162,84
"TCGA.BJ.A3PU.11A",422,275,5,3862,895,292,24,140,872,2180,231,280,10,64,156,4191,1777,594,447,150,34,549,4,9,76,268,84,3669,2794,3522,4678,81,161,2,156,2417,15,298,573,238,100,1420,1311,97,110,396,179,859,315,203,254,13,40,401,2132,12,49,641,2033,333,229,1,71,3238,61,1820,37,120,113,15,11908,183,57,950,78,2883,688,150,68,4798,26,25,61,3,43,330,416,53,920,26181,5,94,33,379,21,63,32,1192,12,8,22899,267,485,300,1538,821,69,30,311,443,1,17,5,146,162,1715,1459,47,274,15,845,9,1,1664,431,523,65,381,49,8,5010,592,781,241,2590,1011,61,21,865,8551,15,1280,118,468,28,17,126,98,8405,985,4,3,11,3288,30,162,21,16,32,4,35,49,103,9,9,9484,28,98,127
"TCGA.EM.A1CT.11A",1071,933,23,8569,727,274,99,277,1948,5297,356,598,30,114,178,5351,4221,431,523,3004,129,938,55,10,85,986,247,5521,4525,6047,8130,442,254,7,196,1727,8,549,1124,285,177,1980,2969,512,73,846,211,1133,737,560,389,18,47,983,4253,53,69,766,4244,254,735,2,165,4933,64,10024,30,425,184,17,24786,144,76,573,131,907,899,183,76,7474,9,21,106,12,30,2313,671,4,1387,43530,12,130,52,290,63,242,34,2727,64,6,19984,231,936,472,1195,1386,88,5,562,835,4,31,17,374,133,5700,2637,124,374,23,1818,24,1,1428,715,322,137,472,63,32,4968,1186,785,285,5743,1711,37,98,1726,10941,49,2261,115,1408,33,68,175,128,4662,716,7,15,30,7559,79,220,42,17,108,2,26,49,322,10,13,10292,31,169,139
"TCGA.EL.A3ZS.11A",303,53,11,312,171,23,59,67,110,196,21,51,2,13,16,4459,807,175,154,16,7,87,2,0,30,30,113,1171,3457,978,287,8,32,4,55,265,2,169,51,33,27,289,917,292,15,26,206,661,231,30,80,9,40,119,156,35,21,441,111,12,49,0,2,232,7,722,6,86,8,1,1662,80,122,362,52,131,293,80,4,1197,4,17,26,3,24,191,56,6,103,5321,9,37,7,87,15,7,2,136,3,1,49130,66,250,23,524,82,56,9,142,142,0,1,1,18,25,267,209,52,139,49,178,16,4,800,121,185,56,88,76,9,7099,1185,289,148,1268,1878,0,7,577,741,1,483,28,49,5,69,95,86,549,304,3,7,69,4562,37,47,1,24,5,2,4,0,189,12,8,9604,59,118,21
"TCGA.BJ.A2N7.11A",458,604,39,4614,1122,330,51,193,1098,3718,259,641,3,179,99,4367,2583,790,197,982,117,769,3,1,82,392,113,3721,3823,1579,2934,61,104,4,249,2794,11,362,469,255,60,1464,1917,57,61,445,264,757,338,82,106,3,74,598,1599,60,63,692,531,169,226,8,46,2216,39,12467,28,184,166,18,5797,135,76,503,80,405,931,142,11,4702,18,31,107,11,20,113,458,37,614,14759,5,55,30,211,9,71,16,840,32,6,16510,455,503,118,788,432,46,23,301,311,1,7,3,40,168,988,1721,169,274,56,1106,20,4,686,413,257,8,317,47,3,5435,356,614,140,2963,845,34,69,1262,3553,34,1202,153,376,11,9,221,168,4370,507,2,7,15,4619,129,229,7,40,49,5,26,63,142,5,12,5178,37,40,16
"TCGA.EL.A3ZH.11A",452,346,9,1859,831,211,18,142,529,1209,94,254,10,43,106,1646,725,139,407,1168,12,213,23,5,56,281,193,3020,1997,5977,3719,43,95,4,206,779,2,353,917,98,43,322,857,330,87,230,61,613,135,207,111,8,61,507,2050,37,23,232,1838,74,74,0,203,1436,25,4651,18,80,71,4,10878,63,23,653,15,327,211,42,49,2840,11,10,32,1,30,491,341,4,240,29721,12,81,6,127,30,92,11,876,9,2,6664,76,283,61,1166,821,47,37,131,327,0,17,3,239,134,2536,802,40,391,15,1006,12,2,679,126,391,20,123,40,4,2046,261,213,105,1487,874,16,15,688,4416,16,702,74,683,13,15,168,37,2072,498,2,11,15,2593,17,49,4,21,32,4,12,42,34,5,9,6160,10,66,64
"TCGA.ET.A3DW.11A",445,535,21,5980,566,217,61,74,1605,4542,197,242,23,49,95,2901,2556,340,168,717,43,1209,25,5,60,385,131,2955,2608,3737,3303,40,169,6,103,1439,9,295,236,160,42,1044,1808,171,114,301,71,418,350,188,282,15,50,724,1146,24,92,325,999,240,211,3,60,2137,30,4441,11,160,100,11,4746,49,23,384,42,644,400,131,49,1400,8,6,16,6,17,118,335,21,702,16816,12,73,23,160,10,92,23,983,13,7,10222,522,314,146,711,495,44,53,287,265,2,7,7,105,100,403,1442,55,298,21,698,9,1,603,530,211,9,337,42,5,2984,160,293,69,2179,616,28,25,475,3339,31,1496,75,396,15,1,131,42,5227,541,9,6,8,2098,47,308,8,13,64,4,33,42,104,2,9,4058,21,26,33
"TCGA.ET.A2N5.11B",433,624,15,2721,1082,350,40,128,812,1104,234,322,23,82,146,3567,1927,404,304,1840,61,1082,2,3,61,562,179,3172,2761,2803,2134,61,130,3,315,2344,20,289,611,265,79,1348,1056,156,59,337,71,848,490,317,318,9,74,565,1587,82,46,578,477,175,154,13,46,2058,80,10181,30,191,18,11,5843,173,23,322,49,249,874,140,11,3346,6,8,51,2,18,46,341,1,639,17034,13,43,23,203,25,86,3,674,20,30,13333,348,427,119,581,502,47,50,338,555,2,1,2,88,67,735,1744,197,274,24,1289,15,4,790,301,374,7,414,34,1,4109,821,436,92,1990,1246,13,43,848,3519,8,912,154,379,23,7,220,146,1626,226,0,2,16,1239,89,252,10,2,24,4,20,7,153,2,10,3902,44,30,10
"TCGA.EM.A3ST.11A",413,391,30,3070,1237,158,51,122,766,3080,84,107,71,23,169,6599,1603,787,624,2578,94,844,15,8,55,379,366,3214,1893,4101,2217,89,178,10,208,922,15,335,726,60,21,1314,1881,454,76,268,69,1086,322,490,372,17,52,453,1845,12,26,198,1577,153,359,2,67,2079,46,12868,30,94,68,0,8808,55,43,557,51,3266,447,120,39,3883,7,18,23,4,37,491,165,7,844,25971,8,31,40,101,15,146,59,841,28,12,15788,108,555,165,886,704,110,42,374,547,2,24,0,143,117,2613,1584,63,206,23,945,18,1,363,522,494,30,477,42,11,3565,445,436,63,1899,1357,40,23,887,5912,27,950,61,590,7,3,71,44,2702,328,15,15,23,3392,47,253,25,7,44,0,2,10,261,6,1,6996,32,118,39
"TCGA.EL.A3T1.11A",664,606,17,4831,900,257,27,201,1862,3213,420,442,15,149,292,5904,2215,602,502,1375,80,1369,21,8,110,479,175,4027,5229,3860,6300,103,168,5,252,1639,5,584,953,189,84,1450,1998,295,86,801,295,1554,264,337,169,8,59,535,2546,27,50,614,2993,111,308,5,126,5794,52,3576,15,178,181,3,18467,151,130,465,101,507,882,114,39,5174,18,11,46,2,37,1108,535,11,1988,44574,35,80,20,405,47,471,15,3103,20,1,26597,184,909,370,1824,1129,57,47,228,549,8,23,1,154,177,4059,2161,100,633,37,1874,26,5,1396,293,775,56,300,85,9,7035,641,1025,217,4384,1780,15,55,1168,9120,35,2127,203,1232,20,47,197,35,3676,1603,1,7,27,8741,186,330,6,15,57,7,15,9,249,10,40,19521,21,243,124
"TCGA.EM.A1CV.11A",360,286,4,1707,539,198,21,100,650,1414,172,312,2,49,73,3468,1080,133,239,647,39,531,5,0,80,295,136,2391,1442,1039,2295,56,199,0,71,1582,1,189,653,79,15,623,1908,236,40,308,61,468,208,253,203,8,37,422,1592,33,21,404,1770,190,165,2,87,1957,18,1422,23,63,92,6,8071,18,43,419,30,498,247,69,30,2698,5,21,31,0,12,277,300,0,536,16053,5,44,12,114,25,74,3,797,9,2,4644,95,311,99,539,447,25,42,92,318,0,13,7,40,88,2402,934,49,169,15,502,4,2,368,134,250,13,222,24,27,3028,303,207,151,1559,658,17,24,622,4873,21,860,56,600,21,3,88,37,5497,319,1,3,15,1466,86,300,4,35,9,1,23,18,111,0,8,3185,23,42,34
"TCGA.EM.A1CW.11A",184,222,12,1848,623,137,21,67,698,999,89,254,9,31,24,2993,1089,153,65,226,42,763,2,1,30,232,84,1695,2295,133,1019,12,66,0,94,2276,5,188,472,94,37,653,573,51,9,108,111,355,137,55,55,3,131,357,194,47,20,290,154,60,61,5,15,245,20,1589,9,78,47,6,1764,49,15,146,33,49,185,78,15,1078,4,11,5,2,5,61,242,4,129,7875,1,69,11,189,20,46,2,485,8,18,6710,92,348,75,450,160,20,15,49,119,2,0,1,21,63,177,639,111,114,6,1063,5,1,618,133,123,6,222,28,1,3352,207,637,104,1636,292,4,26,407,686,15,367,51,239,30,10,154,40,702,190,1,0,1,5492,42,65,6,16,13,2,9,9,65,3,12,3645,5,9,6
"TCGA.EL.A3N3.11A",551,803,31,3721,682,139,111,227,1185,1912,285,945,3,148,73,5951,1947,318,211,2198,42,921,28,8,74,333,153,3762,4350,1721,3610,59,87,5,259,1937,5,695,310,189,89,1089,2136,481,13,308,274,1607,357,110,95,9,100,863,1362,37,61,1334,888,103,171,3,53,3139,20,4060,20,181,103,21,6139,144,128,495,65,255,715,79,23,3482,4,28,28,2,18,405,425,5,601,19109,13,304,43,376,30,74,12,994,12,3,12689,345,596,139,748,400,23,20,173,223,0,3,11,64,121,1282,2336,111,295,74,1207,15,6,1567,144,376,123,418,49,9,10445,911,1825,295,3470,2143,9,39,1240,3871,10,1322,136,586,12,46,360,55,2752,613,5,2,11,11820,123,186,8,59,24,10,23,13,293,4,21,13213,18,121,42
"TCGA.EL.A3MX.11A",916,1505,64,3699,2746,351,126,393,1514,3691,287,808,33,142,318,7135,2519,578,578,2038,274,2063,20,5,165,827,890,5674,3277,4993,4692,161,355,17,393,3754,37,630,3004,312,98,2275,2271,400,208,851,264,2642,400,298,644,15,153,1731,4544,84,95,1188,2509,476,498,10,165,7756,90,13668,25,225,219,42,11882,98,122,443,131,13125,1579,148,30,9947,33,94,80,23,59,679,718,2,3466,33046,71,142,121,485,52,217,103,1286,27,18,15836,320,1078,458,1110,2900,115,34,639,524,3,24,4,175,219,2852,4015,281,262,30,2633,5,4,1237,611,698,40,1070,49,18,9480,778,933,146,5142,1897,63,69,1439,9989,55,2482,156,732,23,18,229,99,32506,549,6,27,31,4102,144,515,44,12,113,9,85,27,325,7,20,10020,69,385,57
"TCGA.EL.A3ZL.11A",686,1010,42,5157,1907,317,50,280,1700,2100,337,507,7,131,122,7705,2955,346,603,737,67,400,12,5,80,485,136,4671,4705,1494,7479,255,139,2,442,1485,13,628,641,231,124,1208,1508,245,40,597,349,1133,639,411,683,20,156,562,3645,49,103,775,2186,185,206,6,97,3937,74,6501,35,215,122,15,27540,103,113,1268,61,1664,442,162,63,8614,4,39,184,4,39,1122,681,42,1038,43723,4,163,17,374,35,243,27,3421,21,12,13025,265,743,556,2145,1422,82,52,217,409,1,43,6,193,208,2714,1813,159,782,49,2237,42,2,1878,396,457,55,185,67,10,6135,1197,562,277,3934,909,30,63,1282,7092,50,1959,194,1124,31,71,257,432,8370,1202,6,15,21,9183,35,156,11,25,57,2,52,43,136,6,24,14573,47,490,133
"TCGA.EL.A3ZR.11A",884,1353,74,4672,2915,201,88,367,1547,3178,277,1357,57,178,301,9056,2162,623,696,1610,85,1740,17,15,146,1264,253,5300,6397,10483,9897,121,221,8,661,3464,47,866,1850,226,234,1295,1015,457,231,565,412,2391,447,530,604,11,232,721,4926,80,300,996,3360,243,277,3,317,5167,55,6251,20,165,250,35,22628,173,42,623,63,1408,840,148,55,7820,18,25,55,4,121,330,1012,21,807,51589,9,104,28,801,87,252,23,3420,23,11,11022,328,1076,310,2690,1350,95,30,332,757,7,23,12,335,300,2520,4758,259,374,49,2196,47,7,1907,228,853,89,795,97,37,8514,1240,1280,186,4581,2017,28,108,1668,10488,46,2775,197,1246,30,24,665,203,7841,581,4,12,42,4790,59,353,8,33,75,8,63,34,312,16,26,14536,63,275,149
"TCGA.EL.A3ZK.11A",351,247,16,814,894,73,13,222,267,356,61,418,15,47,117,4170,804,413,122,139,30,1571,1,3,56,247,111,2153,3325,2000,1567,32,142,2,122,936,17,247,386,108,67,667,438,80,68,90,127,1122,247,169,142,0,135,562,1145,20,63,778,396,69,73,2,25,2079,23,2022,7,94,104,20,3667,64,90,806,40,349,377,76,21,1483,17,18,27,6,21,65,384,4,317,9357,1,47,56,289,25,53,4,620,5,5,10977,128,491,74,962,936,34,33,110,272,0,1,4,50,103,570,718,126,144,30,724,17,1,1207,156,370,37,400,59,5,6467,253,583,146,2244,1227,18,23,549,2857,15,680,75,239,6,24,249,75,1597,520,1,10,6,5161,53,100,6,10,8,5,17,21,168,8,13,10788,23,104,13
"TCGA.GE.A2C6.11A",495,278,18,3125,732,128,65,197,740,1988,63,249,21,74,44,3233,1739,110,203,103,21,337,5,2,51,171,101,2281,3376,1113,1242,31,64,1,92,782,1,407,226,148,40,707,1233,126,21,159,253,1531,311,144,114,4,27,707,895,40,44,833,480,56,92,3,32,1530,49,3323,13,137,63,7,3724,196,201,343,59,665,510,55,28,2192,5,25,57,8,39,124,311,15,366,12550,3,156,26,207,12,57,8,514,7,2,22270,151,368,137,1078,330,24,28,221,262,2,3,2,108,86,884,930,97,247,47,1133,7,1,1209,226,208,66,231,80,7,5981,514,448,211,2025,1736,3,40,1355,2353,6,1031,86,364,10,34,217,150,2434,355,3,2,23,12396,71,178,4,24,11,0,21,12,142,5,6,19434,18,86,32
"TCGA.BJ.A28W.11A",13,15,0,68,81,15,1,12,11,67,4,0,1,0,7,208,194,17,24,0,1,46,0,0,8,4,1,737,1041,885,15,9,2,1,7,27,0,12,12,9,2,115,7,0,4,15,23,40,12,3,15,0,21,18,133,1,0,16,0,2,3,0,0,156,0,117,1,28,2,0,281,8,0,65,0,406,11,35,0,30,0,2,1,1,0,1,79,1,47,473,3,1,1,31,0,1,3,0,1,1,15,1,80,21,34,61,6,4,34,30,0,5,0,92,11,2,81,4,49,0,35,1,0,159,94,113,1,28,11,0,1149,63,37,4,208,215,0,3,55,1047,1,35,5,3,0,18,2,1,876,95,0,0,5,441,0,26,0,1,0,0,1,0,32,1,0,2667,7,13,4
"TCGA.EL.A3ZP.11A",644,420,31,2120,991,206,44,234,885,1393,194,778,5,64,215,4715,1664,1023,346,144,21,1415,2,4,140,442,95,4627,6671,1947,4191,67,162,3,245,2963,21,407,1404,298,121,1202,448,169,81,428,387,1877,442,574,278,7,206,389,2612,44,23,851,2089,113,267,4,55,4445,65,1659,27,163,97,10,15094,201,168,540,107,1434,900,119,37,3542,9,47,59,2,28,186,584,15,1177,22102,15,156,24,647,59,130,15,1900,7,10,17895,166,747,196,2271,755,52,12,298,431,4,16,3,114,134,3055,1600,194,310,56,1932,23,5,2109,283,512,98,734,115,23,9047,1730,1086,306,4433,2619,7,55,1557,10361,9,1986,194,720,10,40,400,113,6549,724,5,7,28,15097,101,110,32,4,24,2,34,23,525,8,23,17744,64,203,111
"TCGA.EL.A3T7.11A",821,742,43,3036,2046,232,56,318,812,1332,128,616,9,130,267,4203,1480,267,398,790,71,1083,8,9,103,573,222,3561,3217,5561,4522,51,161,3,398,2261,21,427,1029,173,68,1247,2828,387,183,325,172,1535,317,327,371,9,114,693,2417,37,122,488,1650,317,194,4,198,3087,37,11485,26,137,86,30,10292,81,44,1177,39,961,686,74,27,5713,15,37,68,8,74,197,654,5,737,32608,4,98,49,420,57,122,21,926,23,15,7848,120,597,169,1159,1308,86,32,234,570,1,12,5,148,165,2316,2357,146,238,23,1946,15,3,1266,175,531,80,503,51,7,6192,657,696,534,4419,1634,56,75,963,5555,35,1380,97,740,8,15,370,80,6678,473,2,11,21,3227,71,191,12,23,44,3,56,30,111,5,16,6959,61,122,37
"TCGA.KS.A41I.11A",283,404,42,1914,523,201,82,171,581,382,158,340,0,59,63,7274,1415,198,188,82,20,1168,4,1,66,153,101,2396,3741,1722,1364,12,89,8,229,1061,3,413,403,191,34,1142,587,134,12,601,254,1623,356,64,169,18,188,886,571,31,59,996,221,89,154,4,9,2529,32,818,33,131,80,12,3452,215,185,383,110,374,641,160,39,2213,10,21,6,2,16,259,330,7,857,11698,7,168,26,407,32,89,6,301,10,13,19560,312,618,199,757,566,49,2,491,221,1,2,6,61,103,343,1080,65,452,49,943,20,4,1956,298,541,63,391,95,8,11399,366,840,264,2513,2344,12,9,641,2105,5,1162,71,160,6,53,94,47,2103,752,0,2,16,14558,49,250,11,4,8,4,23,12,236,10,9,17103,42,82,33
"TCGA.BJ.A28X.11A",1322,1264,25,4160,1595,220,89,414,1217,1587,211,1127,1,253,238,7672,2533,461,600,207,88,1970,3,2,185,679,165,5945,10834,1168,5116,80,160,3,575,3529,39,1215,561,277,208,1768,3358,298,74,460,565,5034,735,371,423,7,81,1183,2560,82,129,2385,1963,271,177,11,49,4133,55,5142,18,186,149,28,17718,362,305,971,197,1058,967,140,55,9799,8,49,94,13,53,257,961,18,992,42366,6,330,49,748,60,160,12,1657,16,10,50200,476,1233,372,2006,630,95,13,184,715,0,4,46,139,234,2416,2894,140,346,74,2792,16,6,3873,418,561,137,1071,156,21,22926,1207,1860,603,6841,2374,28,60,2608,7352,16,2533,238,1061,9,98,698,197,7683,851,5,15,55,32243,184,535,15,33,37,4,111,37,519,13,21,32180,65,196,149
"TCGA.EL.A3T0.11A",827,879,40,6712,1636,236,53,391,1435,3199,303,660,11,71,194,7372,3344,902,420,1061,106,1980,43,6,80,556,197,4517,4636,1212,5955,92,212,2,255,2141,27,549,761,196,108,1754,3308,350,71,686,243,2071,701,376,317,10,105,1717,1939,42,103,1367,2277,528,285,15,52,4948,73,2700,27,312,173,24,12691,181,89,698,111,1020,738,142,84,6532,11,24,92,4,40,465,778,42,1380,30711,28,149,64,551,51,131,15,1537,16,10,22274,556,827,358,1127,845,81,9,379,573,2,17,8,211,286,2017,1559,151,261,46,1414,23,5,2025,401,356,80,611,63,23,8327,515,1031,495,4268,1778,39,60,1474,9449,61,1809,172,1014,11,106,341,124,7360,488,11,9,15,9976,63,308,37,21,47,3,98,40,281,15,24,12708,59,98,68
"TCGA.EL.A3T6.11A",571,668,21,1397,818,126,46,153,567,587,101,285,0,80,79,5799,1373,970,247,261,12,665,0,2,81,259,171,3924,4307,2934,2945,30,111,6,312,1044,4,534,226,146,122,894,1633,153,10,184,159,1522,241,172,374,5,117,450,1348,28,33,775,666,40,137,5,17,2660,33,2814,9,148,61,9,12119,101,136,535,59,366,407,71,55,4575,5,13,63,2,13,671,343,10,628,31760,7,168,10,283,32,188,12,1299,8,9,10200,168,471,159,743,713,47,20,392,445,0,7,2,43,64,2278,1693,76,562,49,1707,20,2,1051,168,510,21,128,88,3,4863,672,840,166,2887,1314,8,30,874,3871,8,924,98,796,6,21,222,74,1479,1900,3,6,15,14858,111,198,3,2,40,8,21,5,197,5,15,15274,42,133,42
"TCGA.EL.A3H1.11A",747,1331,39,3484,994,197,74,374,1106,1927,236,462,13,111,133,9504,1978,335,528,1928,94,1352,11,4,84,732,146,3796,5655,4881,5003,158,196,11,297,1706,7,671,848,205,121,1244,2505,510,55,383,245,1501,287,253,298,15,113,1192,3026,37,49,1035,2794,203,288,0,115,4589,60,4075,20,136,133,31,17461,87,85,412,63,277,372,85,181,6479,15,12,133,1,60,1068,732,15,666,39807,26,213,33,537,51,80,21,3778,21,1,8401,154,627,206,853,895,55,44,198,566,0,23,27,346,199,2105,2728,140,438,39,1955,6,2,2194,236,376,229,601,67,24,10405,976,956,245,3667,1066,15,86,1574,6984,24,1600,121,1071,37,71,285,63,3506,797,4,5,21,12038,53,161,15,39,64,4,37,13,265,2,20,12898,31,74,82
"TCGA.EL.A3N2.11A",824,1582,65,8901,3349,281,140,452,2071,4924,356,1595,10,219,205,7532,4411,464,448,917,129,2164,10,6,100,1011,225,5287,5183,4919,7078,100,259,4,507,3971,35,698,939,262,159,1988,914,270,126,653,300,2951,512,295,370,5,78,1728,3035,126,322,1414,1803,409,270,10,229,5195,66,8275,18,183,398,59,14215,126,178,311,113,1390,637,196,42,4929,13,30,113,8,66,319,1073,25,1891,32310,9,153,50,874,27,144,21,1615,21,20,16153,400,1025,438,1972,981,74,144,406,675,5,13,2,282,181,1282,4475,317,401,51,3878,21,7,1574,507,442,52,721,120,18,10326,534,1355,289,4191,1224,25,99,1753,8317,65,2011,248,761,33,21,368,160,9784,281,7,15,23,5280,92,495,16,12,73,1,80,78,126,4,26,10897,63,119,44
"TCGA.E8.A2JQ.11A",445,328,3,1003,356,196,79,135,719,452,103,259,0,60,94,3734,1233,295,162,139,30,672,2,4,82,151,104,2720,4867,1369,1407,30,113,4,127,1142,6,455,314,118,76,800,529,386,32,135,308,1382,171,115,140,1,37,129,988,24,16,1050,940,63,88,4,23,2418,21,1785,13,136,61,5,8775,161,274,359,80,252,639,65,40,2526,2,21,66,0,17,443,523,10,420,15160,4,203,23,437,4,126,7,899,11,1,14296,118,509,226,1015,465,51,28,90,300,0,2,2,139,92,2221,1016,74,162,46,1268,9,3,1814,136,409,136,270,99,12,8887,318,740,264,3551,2502,1,33,1162,3283,7,1502,89,376,5,30,253,69,5300,1258,2,4,21,17433,56,134,3,11,25,1,17,11,304,7,5,28722,33,71,71
"TCGA.EM.A1CU.11A",327,188,4,1118,488,165,59,86,477,704,51,175,7,64,49,2227,826,111,127,986,40,411,1,1,44,265,122,2114,1878,641,1367,23,80,2,124,1233,1,232,349,82,56,471,468,146,35,111,114,441,227,126,84,5,57,679,481,30,20,261,592,149,50,2,75,748,13,1636,12,55,57,12,2693,74,51,286,31,199,275,61,18,1219,9,20,10,3,13,159,278,2,171,14100,1,37,24,166,10,23,8,528,9,2,5046,104,292,104,674,222,23,8,84,236,5,5,1,71,88,591,670,75,163,31,845,4,1,882,238,184,56,159,21,10,2464,300,281,156,1730,1029,8,17,604,2013,5,441,98,353,25,8,149,101,2342,423,0,9,10,2297,40,173,7,8,32,1,15,8,64,1,7,5493,21,15,8
"TCGA.EL.A3ZO.11A",1129,1258,21,4104,1900,265,179,450,922,2981,250,956,15,146,168,15579,2043,877,717,1122,55,986,21,11,85,865,166,7677,5551,13244,10507,271,207,5,498,1697,9,1114,1636,215,168,1453,4879,778,98,491,356,2085,767,526,721,23,107,1177,5744,68,65,1167,4478,631,404,0,142,4522,75,7848,24,172,165,24,32221,111,61,645,73,1703,583,133,197,13361,21,35,115,17,67,686,848,50,897,55020,21,220,32,362,64,330,61,3732,31,3,10326,221,963,547,2116,1811,148,44,438,785,5,28,122,475,310,4871,3032,105,560,37,2340,17,2,2038,298,491,47,478,106,13,6891,1567,1038,371,3409,1518,40,59,1407,13789,42,2261,197,1838,25,15,427,283,12385,937,3,23,23,5999,126,400,24,63,159,15,114,75,341,15,25,16142,60,169,144
"TCGA.EL.A3H7.11A",579,1066,46,3406,1550,275,56,166,1785,1308,253,586,6,201,127,5972,2398,502,274,885,33,1198,6,0,78,509,151,4181,6846,3827,3829,55,158,5,300,2357,6,810,490,265,82,1415,1227,94,32,567,172,1730,197,212,196,12,84,839,1785,46,87,882,1023,67,209,11,84,5595,30,6234,30,221,103,9,12694,206,137,511,61,1869,690,130,66,4603,10,30,47,7,35,380,759,55,1514,31351,9,113,15,657,40,250,15,1617,8,20,12902,320,494,518,1312,911,57,23,244,270,4,8,5,142,154,1546,2955,98,654,47,2795,15,1,2246,255,531,53,332,94,0,7121,450,1212,206,3452,1185,13,82,1343,5806,15,2059,156,848,13,84,304,46,7581,2149,0,9,23,10308,135,185,1,37,74,4,25,18,171,15,23,16461,27,122,110
"TCGA.KS.A41L.11A",1010,1056,59,4757,2669,227,49,346,1514,3389,281,818,18,153,156,10022,2309,890,462,1156,124,1642,11,4,92,628,160,5276,4462,10578,5152,53,156,3,507,3198,30,641,859,215,79,1564,4430,325,97,454,471,1521,507,349,562,12,49,1388,2997,51,146,755,1680,264,255,7,68,2691,59,13437,27,160,73,25,18143,110,127,934,65,561,671,136,33,9989,21,11,137,5,25,220,624,15,900,33528,12,163,103,484,37,123,23,1175,34,6,21772,317,971,178,2092,1620,87,103,401,641,2,6,10,111,255,2248,3055,341,290,68,2517,26,6,1470,464,544,100,777,140,6,9611,877,1237,438,4240,968,115,88,1762,6409,44,1404,114,797,23,10,453,285,2711,747,6,15,37,14052,85,139,12,42,49,5,25,42,274,12,20,11283,61,108,21
"TCGA.EM.A1CS.11A",460,306,23,930,934,143,23,52,310,876,139,283,26,49,121,4709,909,810,191,185,64,1311,1,7,79,280,82,4510,2609,1581,2282,81,140,6,160,1279,21,268,1129,139,49,737,1058,160,67,165,82,715,262,282,179,3,140,519,1848,42,44,909,752,63,166,1,47,1142,76,1936,10,78,97,5,5732,39,47,674,49,1033,386,89,21,2271,16,28,34,8,18,172,368,2,420,12295,12,63,43,139,23,75,15,1153,28,5,8031,94,411,103,925,823,40,49,189,271,2,10,10,57,158,1993,1175,68,165,28,660,6,2,594,303,374,9,300,64,10,4922,215,518,205,2408,1582,24,49,581,3143,9,665,61,311,4,13,196,73,1628,880,3,5,11,4811,33,140,17,8,15,3,12,21,171,5,7,6255,25,133,21
"TCGA.EL.A3H2.11A",524,606,47,6134,1372,265,60,261,1142,3715,220,353,18,86,217,3005,2213,257,274,690,27,1157,7,5,68,440,122,3966,3898,1762,3671,90,162,5,253,2354,15,426,718,206,113,965,1351,274,113,274,97,1256,346,253,133,8,65,370,1497,39,76,327,1262,160,191,1,123,2918,43,9126,17,151,97,8,6841,123,11,409,92,1085,681,118,64,2751,4,26,17,0,37,142,634,6,730,22847,0,226,18,611,17,122,21,671,16,11,13095,308,422,92,1023,815,42,162,205,318,2,6,2,253,142,1272,1785,123,297,30,1644,21,7,897,232,332,42,272,33,6,4100,327,611,190,2782,1330,8,76,1118,3630,26,1616,122,661,1,4,197,33,4453,613,1,2,8,4929,64,133,15,12,68,5,42,37,98,6,16,7318,35,75,69
"TCGA.BJ.A2N8.11A",573,586,23,3549,1595,234,80,222,1911,1514,94,661,9,74,156,4432,2139,465,244,137,113,1577,3,1,94,523,87,3394,2565,1566,2398,37,140,1,115,2515,23,362,332,257,78,1428,1094,64,99,238,146,1021,186,150,220,4,159,657,1372,71,156,1160,457,317,146,23,47,1628,92,6700,12,203,144,18,5113,73,52,348,49,997,945,79,16,3197,9,15,60,13,31,111,543,23,933,12263,7,84,33,288,20,63,25,769,40,15,10375,203,557,181,1526,617,44,84,248,445,2,4,3,47,160,710,2281,211,205,42,1570,8,7,773,414,345,11,445,37,6,6617,289,639,133,2986,857,30,71,1215,4065,30,962,119,277,6,15,376,94,6827,571,1,5,6,7080,88,295,18,11,18,3,32,23,127,6,12,4589,21,71,12
"TCGA.FY.A3TY.11A",857,1087,21,3261,1704,181,87,171,1052,1746,165,946,34,128,208,7038,1447,428,490,900,92,591,7,5,98,742,130,4550,3363,3372,5210,245,156,2,275,2597,21,536,1822,181,165,1056,4354,348,110,350,249,1524,426,287,447,7,111,988,4328,52,71,1096,3047,625,191,1,121,2869,47,7172,30,84,113,30,17966,43,27,485,55,1056,581,89,30,6914,21,25,73,7,34,360,778,18,1049,28261,15,121,55,247,59,234,27,1829,9,6,6983,156,787,236,1185,1135,74,26,183,452,2,15,39,103,243,2276,1654,124,184,21,1687,21,5,890,409,425,47,400,65,13,6311,882,601,407,3771,1087,30,50,1169,5554,26,1222,198,977,15,30,442,194,18582,346,2,11,21,5278,74,261,15,51,43,8,63,17,222,4,15,8394,73,158,49
"TCGA.EL.A3T2.11A",968,844,21,1422,1240,146,133,305,495,844,81,691,4,287,110,7179,1240,287,485,3831,217,350,11,5,111,562,268,6366,3009,970,5764,120,133,2,405,1584,9,951,613,158,111,936,3844,597,49,340,271,959,242,193,184,6,140,767,3323,65,27,3054,2202,748,193,1,252,2882,26,8738,10,66,181,61,13913,47,74,744,21,1448,391,46,46,7167,9,50,86,7,30,720,832,7,670,29663,6,186,49,181,50,181,30,2043,5,1,3096,98,635,285,1323,869,94,3,78,574,15,11,2,150,142,3438,2347,65,197,49,2927,15,1,1539,151,477,37,422,42,17,3785,1114,647,471,3296,457,15,42,1416,7864,20,1272,175,1215,55,12,431,169,20643,358,0,15,27,5680,140,735,9,25,122,3,75,7,151,8,7,7247,43,139,80
"TCGA.EL.A3ZM.11A",453,462,15,2464,1016,134,33,135,639,1455,105,304,9,55,74,3892,1431,290,348,766,30,400,3,3,37,292,274,2435,1919,8278,2848,61,143,5,175,702,6,298,534,115,39,840,1266,206,225,228,113,1175,215,230,178,6,55,548,1731,18,40,506,1314,343,217,5,61,1998,59,6178,15,73,92,21,9549,63,124,389,21,7109,335,92,23,4602,6,11,57,1,44,634,442,30,2216,21811,7,162,12,245,34,94,16,1168,10,3,6963,137,372,254,1063,2066,106,6,398,229,4,27,3,323,150,1850,1400,128,234,30,982,15,0,986,255,400,28,270,40,25,4017,765,324,194,2316,818,59,34,614,4950,17,844,63,503,18,34,133,113,13496,438,2,7,12,3887,86,65,7,10,30,1,63,13,80,5,7,7283,46,234,55
"TCGA.EL.A3T3.11A",1066,1173,63,5731,2775,297,81,298,1760,5070,327,976,55,186,384,11999,2694,557,562,4191,171,1664,18,10,114,851,275,5346,4170,7005,9101,242,300,7,310,3207,27,612,1317,312,219,1644,1794,600,124,752,229,1369,454,675,832,10,103,902,5546,17,103,759,4543,232,590,4,197,6840,53,14712,28,274,257,23,18127,90,98,602,118,630,1021,103,80,9816,26,21,177,5,43,588,554,11,1738,42661,3,159,105,268,40,148,31,2526,53,11,22352,245,942,312,1358,1279,84,69,473,677,3,17,12,121,259,4300,3077,137,280,40,2297,15,5,1029,450,573,49,624,63,24,8413,904,847,308,4957,1110,28,56,1644,12192,31,2346,133,1065,21,21,236,146,5194,781,8,6,35,5605,80,555,32,42,56,7,27,16,422,12,18,11502,82,165,111
"TCGA.ET.A3DP.11A",540,778,32,6099,1433,332,67,144,2332,4066,271,490,3,103,50,7319,2376,277,405,2819,47,529,15,9,94,391,213,5794,3935,3260,3661,87,183,4,130,1256,0,429,826,162,49,1021,1213,464,21,398,63,1684,393,94,130,9,123,621,2430,94,71,1021,1449,163,142,4,69,3661,51,5431,13,57,92,15,11866,52,75,231,39,691,247,82,13,3363,9,31,25,6,23,863,590,8,803,34636,31,98,13,330,30,113,21,1662,17,10,7164,298,409,303,1222,806,64,61,188,469,2,21,3,118,153,1636,2425,73,376,56,2088,8,0,698,252,308,25,209,39,37,4948,416,396,94,2183,963,7,61,1146,6925,37,1494,126,1014,23,16,245,74,3913,568,0,12,12,4117,128,328,5,42,32,7,18,34,69,3,12,6993,21,161,32
